patient_id,role,fold,dataset,n_cortes,pCR
ACRIN-6698-102212,test_closed,-1,spy2,10,
ACRIN-6698-116603,test_closed,-1,spy2,10,
ACRIN-6698-162562,test_closed,-1,spy2,10,
ACRIN-6698-165925,test_closed,-1,spy2,10,
ACRIN-6698-179369,test_closed,-1,spy2,10,
ACRIN-6698-196064,test_closed,-1,spy2,10,
ACRIN-6698-275626,test_closed,-1,spy2,10,
ACRIN-6698-280375,test_closed,-1,spy2,10,
ACRIN-6698-289420,test_closed,-1,spy2,10,
ACRIN-6698-294739,test_closed,-1,spy2,10,
ACRIN-6698-306401,test_closed,-1,spy2,10,
ACRIN-6698-412772,test_closed,-1,spy2,10,
ACRIN-6698-413211,test_closed,-1,spy2,10,
ACRIN-6698-430441,test_closed,-1,spy2,10,
ACRIN-6698-467686,test_closed,-1,spy2,10,
ACRIN-6698-524170,test_closed,-1,spy2,10,
ACRIN-6698-547892,test_closed,-1,spy2,10,
ACRIN-6698-564701,test_closed,-1,spy2,10,
ACRIN-6698-580541,test_closed,-1,spy2,10,
ACRIN-6698-597907,test_closed,-1,spy2,10,
ACRIN-6698-680881,test_closed,-1,spy2,10,
ACRIN-6698-689452,test_closed,-1,spy2,10,
ACRIN-6698-695521,test_closed,-1,spy2,10,
ACRIN-6698-700549,test_closed,-1,spy2,10,
ACRIN-6698-711476,test_closed,-1,spy2,10,
ACRIN-6698-712785,test_closed,-1,spy2,10,
ACRIN-6698-734997,test_closed,-1,spy2,10,
ACRIN-6698-736721,test_closed,-1,spy2,10,
ACRIN-6698-843554,test_closed,-1,spy2,10,
ACRIN-6698-848003,test_closed,-1,spy2,10,
ACRIN-6698-955035,test_closed,-1,spy2,10,
ACRIN-6698-973837,test_closed,-1,spy2,10,
ACRIN-6698-987728,test_closed,-1,spy2,10,
Breast_MRI_002,test_closed,-1,duke,10,
Breast_MRI_048,test_closed,-1,duke,10,
Breast_MRI_051,test_closed,-1,duke,10,
Breast_MRI_055,test_closed,-1,duke,10,
Breast_MRI_059,test_closed,-1,duke,10,
Breast_MRI_060,test_closed,-1,duke,10,
Breast_MRI_120,test_closed,-1,duke,8,
Breast_MRI_176,test_closed,-1,duke,10,
Breast_MRI_178,test_closed,-1,duke,10,
Breast_MRI_183,test_closed,-1,duke,10,
Breast_MRI_192,test_closed,-1,duke,10,
Breast_MRI_218,test_closed,-1,duke,10,
Breast_MRI_285,test_closed,-1,duke,10,
Breast_MRI_317,test_closed,-1,duke,10,
Breast_MRI_338,test_closed,-1,duke,10,
Breast_MRI_345,test_closed,-1,duke,10,
Breast_MRI_346,test_closed,-1,duke,10,
Breast_MRI_400,test_closed,-1,duke,10,
Breast_MRI_407,test_closed,-1,duke,10,
Breast_MRI_428,test_closed,-1,duke,10,
Breast_MRI_442,test_closed,-1,duke,10,
Breast_MRI_470,test_closed,-1,duke,10,
Breast_MRI_474,test_closed,-1,duke,10,
Breast_MRI_507,test_closed,-1,duke,10,
Breast_MRI_514,test_closed,-1,duke,10,
Breast_MRI_545,test_closed,-1,duke,10,
Breast_MRI_546,test_closed,-1,duke,10,
Breast_MRI_567,test_closed,-1,duke,10,
Breast_MRI_636,test_closed,-1,duke,10,
Breast_MRI_641,test_closed,-1,duke,10,
Breast_MRI_718,test_closed,-1,duke,10,
Breast_MRI_725,test_closed,-1,duke,10,
Breast_MRI_775,test_closed,-1,duke,10,
Breast_MRI_780,test_closed,-1,duke,10,
Breast_MRI_790,test_closed,-1,duke,10,
Breast_MRI_832,test_closed,-1,duke,10,
Breast_MRI_839,test_closed,-1,duke,10,
Breast_MRI_850,test_closed,-1,duke,10,
Breast_MRI_885,test_closed,-1,duke,10,
Breast_MRI_886,test_closed,-1,duke,10,
Breast_MRI_907,test_closed,-1,duke,10,
Breast_MRI_917,test_closed,-1,duke,10,
ISPY1_1004,test_closed,-1,spy1,10,
ISPY1_1013,test_closed,-1,spy1,10,
ISPY1_1017,test_closed,-1,spy1,10,
ISPY1_1021,test_closed,-1,spy1,10,
ISPY1_1030,test_closed,-1,spy1,10,
ISPY1_1058,test_closed,-1,spy1,10,
ISPY1_1090,test_closed,-1,spy1,10,
ISPY1_1094,test_closed,-1,spy1,10,
ISPY1_1096,test_closed,-1,spy1,10,
ISPY1_1102,test_closed,-1,spy1,10,
ISPY1_1117,test_closed,-1,spy1,10,
ISPY1_1125,test_closed,-1,spy1,10,
ISPY1_1127,test_closed,-1,spy1,10,
ISPY1_1137,test_closed,-1,spy1,10,
ISPY1_1142,test_closed,-1,spy1,10,
ISPY1_1145,test_closed,-1,spy1,10,
ISPY1_1149,test_closed,-1,spy1,10,
ISPY1_1151,test_closed,-1,spy1,10,
ISPY1_1163,test_closed,-1,spy1,10,
ISPY1_1165,test_closed,-1,spy1,10,
ISPY1_1166,test_closed,-1,spy1,10,
ISPY1_1174,test_closed,-1,spy1,10,
ISPY1_1175,test_closed,-1,spy1,10,
ISPY1_1180,test_closed,-1,spy1,10,
ISPY1_1182,test_closed,-1,spy1,10,
ISPY1_1185,test_closed,-1,spy1,10,
ISPY1_1192,test_closed,-1,spy1,10,
ISPY1_1201,test_closed,-1,spy1,10,
ISPY1_1202,test_closed,-1,spy1,10,
ISPY1_1203,test_closed,-1,spy1,10,
ISPY1_1207,test_closed,-1,spy1,10,
ISPY1_1209,test_closed,-1,spy1,10,
ISPY1_1224,test_closed,-1,spy1,10,
ISPY1_1226,test_closed,-1,spy1,10,
ISPY1_1229,test_closed,-1,spy1,10,
ISPY2-109874,test_closed,-1,spy2,10,
ISPY2-111344,test_closed,-1,spy2,10,
ISPY2-111674,test_closed,-1,spy2,10,
ISPY2-116165,test_closed,-1,spy2,10,
ISPY2-123660,test_closed,-1,spy2,10,
ISPY2-139137,test_closed,-1,spy2,10,
ISPY2-153880,test_closed,-1,spy2,10,
ISPY2-168044,test_closed,-1,spy2,10,
ISPY2-180663,test_closed,-1,spy2,10,
ISPY2-227881,test_closed,-1,spy2,10,
ISPY2-229144,test_closed,-1,spy2,10,
ISPY2-240035,test_closed,-1,spy2,10,
ISPY2-240432,test_closed,-1,spy2,10,
ISPY2-246134,test_closed,-1,spy2,10,
ISPY2-303947,test_closed,-1,spy2,10,
ISPY2-341238,test_closed,-1,spy2,10,
ISPY2-342142,test_closed,-1,spy2,10,
ISPY2-362993,test_closed,-1,spy2,10,
ISPY2-380769,test_closed,-1,spy2,10,
ISPY2-402265,test_closed,-1,spy2,10,
ISPY2-419590,test_closed,-1,spy2,10,
ISPY2-436371,test_closed,-1,spy2,10,
ISPY2-442637,test_closed,-1,spy2,10,
ISPY2-453596,test_closed,-1,spy2,10,
ISPY2-456506,test_closed,-1,spy2,10,
ISPY2-459311,test_closed,-1,spy2,10,
ISPY2-477816,test_closed,-1,spy2,10,
ISPY2-478484,test_closed,-1,spy2,10,
ISPY2-491779,test_closed,-1,spy2,10,
ISPY2-492612,test_closed,-1,spy2,10,
ISPY2-518000,test_closed,-1,spy2,10,
ISPY2-552313,test_closed,-1,spy2,10,
ISPY2-552549,test_closed,-1,spy2,10,
ISPY2-568331,test_closed,-1,spy2,10,
ISPY2-570966,test_closed,-1,spy2,10,
ISPY2-575372,test_closed,-1,spy2,10,
ISPY2-587388,test_closed,-1,spy2,10,
ISPY2-602451,test_closed,-1,spy2,10,
ISPY2-602943,test_closed,-1,spy2,10,
ISPY2-613961,test_closed,-1,spy2,10,
ISPY2-614044,test_closed,-1,spy2,10,
ISPY2-622078,test_closed,-1,spy2,10,
ISPY2-622315,test_closed,-1,spy2,10,
ISPY2-627981,test_closed,-1,spy2,10,
ISPY2-644186,test_closed,-1,spy2,10,
ISPY2-658541,test_closed,-1,spy2,10,
ISPY2-660534,test_closed,-1,spy2,10,
ISPY2-666450,test_closed,-1,spy2,10,
ISPY2-683173,test_closed,-1,spy2,10,
ISPY2-720065,test_closed,-1,spy2,10,
ISPY2-746731,test_closed,-1,spy2,10,
ISPY2-752372,test_closed,-1,spy2,10,
ISPY2-767081,test_closed,-1,spy2,10,
ISPY2-767934,test_closed,-1,spy2,10,
ISPY2-797639,test_closed,-1,spy2,10,
ISPY2-804233,test_closed,-1,spy2,10,
ISPY2-831702,test_closed,-1,spy2,10,
ISPY2-840501,test_closed,-1,spy2,10,
ISPY2-848371,test_closed,-1,spy2,10,
ISPY2-872188,test_closed,-1,spy2,10,
ISPY2-882538,test_closed,-1,spy2,10,
ISPY2-885871,test_closed,-1,spy2,10,
ISPY2-906042,test_closed,-1,spy2,10,
ISPY2-918979,test_closed,-1,spy2,10,
ISPY2-974618,test_closed,-1,spy2,10,
ISPY2-997702,test_closed,-1,spy2,10,
ACRIN-6698-104268,train,1,spy2,10,0.0
ACRIN-6698-107700,train,2,spy2,10,0.0
ACRIN-6698-108969,train,3,spy2,10,1.0
ACRIN-6698-115987,train,4,spy2,10,0.0
ACRIN-6698-118307,train,2,spy2,10,0.0
ACRIN-6698-139973,train,1,spy2,10,0.0
ACRIN-6698-144302,train,3,spy2,10,0.0
ACRIN-6698-145777,train,4,spy2,10,0.0
ACRIN-6698-148357,train,1,spy2,10,0.0
ACRIN-6698-150547,train,2,spy2,10,0.0
ACRIN-6698-152090,train,4,spy2,10,1.0
ACRIN-6698-169918,train,3,spy2,10,0.0
ACRIN-6698-172366,train,3,spy2,10,1.0
ACRIN-6698-188700,train,1,spy2,10,1.0
ACRIN-6698-202535,train,2,spy2,10,0.0
ACRIN-6698-209967,train,4,spy2,10,0.0
ACRIN-6698-213913,train,3,spy2,10,1.0
ACRIN-6698-219545,train,1,spy2,10,0.0
ACRIN-6698-220471,train,2,spy2,10,0.0
ACRIN-6698-220925,train,4,spy2,10,0.0
ACRIN-6698-222135,train,1,spy2,10,0.0
ACRIN-6698-227055,train,2,spy2,10,0.0
ACRIN-6698-234723,train,3,spy2,10,0.0
ACRIN-6698-239910,train,4,spy2,10,0.0
ACRIN-6698-241998,train,1,spy2,10,0.0
ACRIN-6698-253531,train,3,spy2,10,1.0
ACRIN-6698-255388,train,2,spy2,10,1.0
ACRIN-6698-263143,train,4,spy2,10,0.0
ACRIN-6698-264305,train,3,spy2,10,1.0
ACRIN-6698-275034,train,1,spy2,10,1.0
ACRIN-6698-277888,train,2,spy2,10,1.0
ACRIN-6698-283070,train,4,spy2,10,0.0
ACRIN-6698-284443,train,3,spy2,10,0.0
ACRIN-6698-285339,train,1,spy2,10,1.0
ACRIN-6698-287961,train,2,spy2,10,1.0
ACRIN-6698-293142,train,4,spy2,10,0.0
ACRIN-6698-296123,train,1,spy2,10,1.0
ACRIN-6698-296841,train,3,spy2,10,1.0
ACRIN-6698-299962,train,2,spy2,10,0.0
ACRIN-6698-301665,train,4,spy2,10,0.0
ACRIN-6698-317402,train,3,spy2,10,0.0
ACRIN-6698-320538,train,1,spy2,10,0.0
ACRIN-6698-323721,train,2,spy2,10,0.0
ACRIN-6698-326433,train,4,spy2,10,1.0
ACRIN-6698-328160,train,1,spy2,10,0.0
ACRIN-6698-335536,train,3,spy2,10,0.0
ACRIN-6698-342959,train,4,spy2,10,1.0
ACRIN-6698-343898,train,2,spy2,10,0.0
ACRIN-6698-355942,train,2,spy2,10,0.0
ACRIN-6698-356431,train,3,spy2,10,1.0
ACRIN-6698-361701,train,4,spy2,10,0.0
ACRIN-6698-373346,train,1,spy2,10,0.0
ACRIN-6698-375954,train,4,spy2,10,0.0
ACRIN-6698-396723,train,1,spy2,10,0.0
ACRIN-6698-397505,train,2,spy2,10,1.0
ACRIN-6698-399478,train,3,spy2,10,1.0
ACRIN-6698-401215,train,4,spy2,10,0.0
ACRIN-6698-407539,train,3,spy2,10,0.0
ACRIN-6698-409288,train,1,spy2,10,0.0
ACRIN-6698-417474,train,2,spy2,10,1.0
ACRIN-6698-421917,train,2,spy2,10,0.0
ACRIN-6698-429220,train,1,spy2,10,0.0
ACRIN-6698-432114,train,4,spy2,10,1.0
ACRIN-6698-435279,train,3,spy2,10,0.0
ACRIN-6698-460642,train,3,spy2,10,0.0
ACRIN-6698-465008,train,1,spy2,10,0.0
ACRIN-6698-474874,train,2,spy2,10,1.0
ACRIN-6698-490023,train,4,spy2,10,1.0
ACRIN-6698-490805,train,1,spy2,10,1.0
ACRIN-6698-511851,train,2,spy2,10,0.0
ACRIN-6698-516763,train,3,spy2,10,1.0
ACRIN-6698-516834,train,4,spy2,10,0.0
ACRIN-6698-520471,train,1,spy2,10,1.0
ACRIN-6698-530095,train,2,spy2,10,0.0
ACRIN-6698-531988,train,3,spy2,10,1.0
ACRIN-6698-563681,train,4,spy2,10,0.0
ACRIN-6698-573919,train,1,spy2,10,0.0
ACRIN-6698-580632,train,2,spy2,10,0.0
ACRIN-6698-584561,train,3,spy2,10,1.0
ACRIN-6698-587604,train,4,spy2,10,0.0
ACRIN-6698-591810,train,2,spy2,10,1.0
ACRIN-6698-598835,train,1,spy2,10,0.0
ACRIN-6698-609151,train,4,spy2,10,1.0
ACRIN-6698-618717,train,3,spy2,10,0.0
ACRIN-6698-618860,train,3,spy2,10,0.0
ACRIN-6698-629371,train,1,spy2,10,1.0
ACRIN-6698-629606,train,4,spy2,10,0.0
ACRIN-6698-631299,train,2,spy2,10,0.0
ACRIN-6698-638126,train,1,spy2,10,0.0
ACRIN-6698-641246,train,2,spy2,10,1.0
ACRIN-6698-641697,train,4,spy2,10,0.0
ACRIN-6698-641977,train,3,spy2,10,0.0
ACRIN-6698-649198,train,3,spy2,10,0.0
ACRIN-6698-653927,train,1,spy2,10,1.0
ACRIN-6698-654021,train,2,spy2,10,0.0
ACRIN-6698-654064,train,4,spy2,10,0.0
ACRIN-6698-655128,train,3,spy2,10,0.0
ACRIN-6698-663144,train,1,spy2,10,0.0
ACRIN-6698-664111,train,2,spy2,10,1.0
ACRIN-6698-683896,train,4,spy2,10,0.0
ACRIN-6698-688291,train,3,spy2,10,0.0
ACRIN-6698-688955,train,1,spy2,10,0.0
ACRIN-6698-689480,train,2,spy2,10,0.0
ACRIN-6698-690089,train,4,spy2,10,0.0
ACRIN-6698-698094,train,3,spy2,10,0.0
ACRIN-6698-706639,train,4,spy2,10,0.0
ACRIN-6698-721099,train,1,spy2,10,0.0
ACRIN-6698-724293,train,2,spy2,10,1.0
ACRIN-6698-738041,train,2,spy2,10,1.0
ACRIN-6698-748583,train,1,spy2,10,0.0
ACRIN-6698-748611,train,3,spy2,10,1.0
ACRIN-6698-753109,train,4,spy2,10,1.0
ACRIN-6698-755914,train,4,spy2,10,1.0
ACRIN-6698-760901,train,1,spy2,10,1.0
ACRIN-6698-765671,train,2,spy2,10,1.0
ACRIN-6698-771151,train,3,spy2,10,1.0
ACRIN-6698-771443,train,4,spy2,10,0.0
ACRIN-6698-775346,train,1,spy2,10,0.0
ACRIN-6698-779739,train,2,spy2,10,1.0
ACRIN-6698-783764,train,3,spy2,10,0.0
ACRIN-6698-786753,train,4,spy2,10,0.0
ACRIN-6698-793155,train,1,spy2,10,0.0
ACRIN-6698-794128,train,2,spy2,10,0.0
ACRIN-6698-799149,train,3,spy2,10,1.0
ACRIN-6698-801641,train,1,spy2,10,0.0
ACRIN-6698-802308,train,4,spy2,10,0.0
ACRIN-6698-805136,train,2,spy2,10,0.0
ACRIN-6698-820807,train,3,spy2,10,1.0
ACRIN-6698-839274,train,1,spy2,10,0.0
ACRIN-6698-845783,train,2,spy2,10,1.0
ACRIN-6698-856159,train,3,spy2,10,0.0
ACRIN-6698-860243,train,4,spy2,10,0.0
ACRIN-6698-863161,train,4,spy2,10,1.0
ACRIN-6698-866660,train,1,spy2,10,0.0
ACRIN-6698-870077,train,2,spy2,10,0.0
ACRIN-6698-875089,train,3,spy2,10,0.0
ACRIN-6698-879224,train,2,spy2,10,0.0
ACRIN-6698-884011,train,1,spy2,10,0.0
ACRIN-6698-894673,train,4,spy2,10,0.0
ACRIN-6698-896852,train,3,spy2,10,0.0
ACRIN-6698-899692,train,2,spy2,10,1.0
ACRIN-6698-900959,train,3,spy2,10,0.0
ACRIN-6698-913527,train,1,spy2,10,0.0
ACRIN-6698-924071,train,4,spy2,10,0.0
ACRIN-6698-928446,train,1,spy2,10,0.0
ACRIN-6698-928815,train,3,spy2,10,0.0
ACRIN-6698-929391,train,4,spy2,10,0.0
ACRIN-6698-929980,train,2,spy2,10,1.0
ACRIN-6698-938719,train,2,spy2,10,0.0
ACRIN-6698-943633,train,1,spy2,10,0.0
ACRIN-6698-946927,train,3,spy2,10,1.0
ACRIN-6698-949444,train,4,spy2,10,0.0
ACRIN-6698-960029,train,2,spy2,10,0.0
ACRIN-6698-962153,train,3,spy2,10,0.0
ACRIN-6698-963604,train,1,spy2,10,0.0
ACRIN-6698-970839,train,4,spy2,10,0.0
ACRIN-6698-971492,train,2,spy2,10,0.0
ACRIN-6698-982086,train,3,spy2,10,1.0
ACRIN-6698-991818,train,1,spy2,10,1.0
ACRIN-6698-992609,train,4,spy2,10,1.0
ACRIN-6698-995480,train,2,spy2,10,0.0
Breast_MRI_005,train,3,duke,10,1.0
Breast_MRI_010,train,1,duke,10,0.0
Breast_MRI_012,train,4,duke,10,0.0
Breast_MRI_019,train,1,duke,10,0.0
Breast_MRI_021,train,2,duke,10,0.0
Breast_MRI_040,train,3,duke,10,0.0
Breast_MRI_041,train,4,duke,10,0.0
Breast_MRI_044,train,4,duke,10,1.0
Breast_MRI_046,train,1,duke,10,0.0
Breast_MRI_053,train,3,duke,10,0.0
Breast_MRI_056,train,2,duke,10,0.0
Breast_MRI_061,train,2,duke,10,1.0
Breast_MRI_064,train,1,duke,10,0.0
Breast_MRI_069,train,3,duke,10,0.0
Breast_MRI_082,train,4,duke,10,0.0
Breast_MRI_090,train,4,duke,10,0.0
Breast_MRI_091,train,1,duke,10,0.0
Breast_MRI_097,train,2,duke,10,0.0
Breast_MRI_099,train,3,duke,10,1.0
Breast_MRI_103,train,1,duke,10,0.0
Breast_MRI_104,train,2,duke,10,0.0
Breast_MRI_107,train,3,duke,10,0.0
Breast_MRI_114,train,4,duke,10,0.0
Breast_MRI_115,train,1,duke,10,1.0
Breast_MRI_119,train,2,duke,10,0.0
Breast_MRI_123,train,3,duke,10,0.0
Breast_MRI_129,train,4,duke,10,0.0
Breast_MRI_134,train,1,duke,10,1.0
Breast_MRI_137,train,2,duke,10,0.0
Breast_MRI_141,train,3,duke,10,0.0
Breast_MRI_142,train,4,duke,10,1.0
Breast_MRI_148,train,1,duke,10,0.0
Breast_MRI_150,train,2,duke,10,0.0
Breast_MRI_156,train,3,duke,10,0.0
Breast_MRI_157,train,4,duke,10,1.0
Breast_MRI_160,train,3,duke,10,0.0
Breast_MRI_167,train,2,duke,10,0.0
Breast_MRI_168,train,1,duke,10,0.0
Breast_MRI_180,train,4,duke,10,0.0
Breast_MRI_189,train,1,duke,10,0.0
Breast_MRI_198,train,2,duke,10,0.0
Breast_MRI_217,train,4,duke,10,1.0
Breast_MRI_228,train,3,duke,10,0.0
Breast_MRI_234,train,1,duke,10,0.0
Breast_MRI_237,train,2,duke,10,0.0
Breast_MRI_239,train,4,duke,10,0.0
Breast_MRI_240,train,3,duke,10,0.0
Breast_MRI_244,train,2,duke,10,0.0
Breast_MRI_253,train,3,duke,10,1.0
Breast_MRI_260,train,1,duke,10,0.0
Breast_MRI_265,train,4,duke,10,0.0
Breast_MRI_269,train,1,duke,10,0.0
Breast_MRI_283,train,3,duke,10,0.0
Breast_MRI_287,train,2,duke,10,0.0
Breast_MRI_290,train,4,duke,10,0.0
Breast_MRI_298,train,1,duke,10,0.0
Breast_MRI_301,train,3,duke,10,1.0
Breast_MRI_303,train,2,duke,10,0.0
Breast_MRI_306,train,4,duke,10,0.0
Breast_MRI_307,train,2,duke,10,0.0
Breast_MRI_323,train,1,duke,10,0.0
Breast_MRI_328,train,4,duke,10,1.0
Breast_MRI_333,train,3,duke,10,0.0
Breast_MRI_356,train,1,duke,10,0.0
Breast_MRI_368,train,2,duke,10,0.0
Breast_MRI_372,train,3,duke,5,0.0
Breast_MRI_377,train,4,duke,10,1.0
Breast_MRI_383,train,1,duke,10,0.0
Breast_MRI_385,train,2,duke,10,0.0
Breast_MRI_386,train,4,duke,10,0.0
Breast_MRI_387,train,3,duke,10,0.0
Breast_MRI_398,train,1,duke,10,1.0
Breast_MRI_399,train,3,duke,10,0.0
Breast_MRI_408,train,2,duke,6,1.0
Breast_MRI_412,train,4,duke,10,0.0
Breast_MRI_414,train,2,duke,10,0.0
Breast_MRI_424,train,1,duke,10,1.0
Breast_MRI_431,train,3,duke,10,0.0
Breast_MRI_435,train,4,duke,10,0.0
Breast_MRI_441,train,1,duke,10,0.0
Breast_MRI_444,train,2,duke,10,1.0
Breast_MRI_450,train,3,duke,7,0.0
Breast_MRI_454,train,4,duke,10,0.0
Breast_MRI_464,train,3,duke,10,0.0
Breast_MRI_468,train,1,duke,10,0.0
Breast_MRI_473,train,2,duke,10,0.0
Breast_MRI_480,train,4,duke,10,0.0
Breast_MRI_482,train,3,duke,10,1.0
Breast_MRI_486,train,4,duke,10,0.0
Breast_MRI_491,train,1,duke,10,0.0
Breast_MRI_501,train,2,duke,10,1.0
Breast_MRI_508,train,1,duke,10,0.0
Breast_MRI_512,train,2,duke,10,1.0
Breast_MRI_517,train,3,duke,10,0.0
Breast_MRI_521,train,4,duke,10,0.0
Breast_MRI_525,train,4,duke,10,1.0
Breast_MRI_530,train,1,duke,10,0.0
Breast_MRI_534,train,2,duke,10,0.0
Breast_MRI_539,train,3,duke,10,1.0
Breast_MRI_543,train,3,duke,10,0.0
Breast_MRI_558,train,1,duke,10,0.0
Breast_MRI_559,train,4,duke,10,1.0
Breast_MRI_560,train,2,duke,10,0.0
Breast_MRI_568,train,1,duke,10,0.0
Breast_MRI_573,train,2,duke,10,0.0
Breast_MRI_577,train,3,duke,10,1.0
Breast_MRI_585,train,4,duke,10,0.0
Breast_MRI_590,train,3,duke,10,0.0
Breast_MRI_595,train,1,duke,10,0.0
Breast_MRI_596,train,2,duke,10,0.0
Breast_MRI_597,train,4,duke,10,0.0
Breast_MRI_600,train,1,duke,10,0.0
Breast_MRI_607,train,3,duke,10,0.0
Breast_MRI_609,train,4,duke,10,0.0
Breast_MRI_610,train,2,duke,10,0.0
Breast_MRI_614,train,1,duke,10,1.0
Breast_MRI_615,train,2,duke,10,1.0
Breast_MRI_618,train,3,duke,10,0.0
Breast_MRI_623,train,4,duke,10,0.0
Breast_MRI_633,train,1,duke,10,1.0
Breast_MRI_640,train,4,duke,10,0.0
Breast_MRI_642,train,2,duke,10,0.0
Breast_MRI_648,train,3,duke,10,0.0
Breast_MRI_650,train,2,duke,10,0.0
Breast_MRI_652,train,1,duke,10,1.0
Breast_MRI_656,train,3,duke,10,1.0
Breast_MRI_660,train,4,duke,10,0.0
Breast_MRI_662,train,2,duke,10,0.0
Breast_MRI_666,train,4,duke,10,0.0
Breast_MRI_677,train,1,duke,10,0.0
Breast_MRI_679,train,3,duke,10,0.0
Breast_MRI_684,train,2,duke,10,0.0
Breast_MRI_685,train,4,duke,10,0.0
Breast_MRI_687,train,1,duke,10,0.0
Breast_MRI_693,train,3,duke,10,0.0
Breast_MRI_694,train,1,duke,10,0.0
Breast_MRI_705,train,2,duke,10,0.0
Breast_MRI_717,train,4,duke,10,0.0
Breast_MRI_723,train,3,duke,10,0.0
Breast_MRI_735,train,1,duke,10,1.0
Breast_MRI_746,train,3,duke,10,0.0
Breast_MRI_757,train,2,duke,10,0.0
Breast_MRI_758,train,4,duke,10,0.0
Breast_MRI_762,train,2,duke,10,0.0
Breast_MRI_776,train,1,duke,10,0.0
Breast_MRI_778,train,3,duke,10,0.0
Breast_MRI_789,train,4,duke,10,0.0
Breast_MRI_805,train,1,duke,10,0.0
Breast_MRI_812,train,2,duke,10,1.0
Breast_MRI_816,train,4,duke,10,0.0
Breast_MRI_817,train,3,duke,10,1.0
Breast_MRI_831,train,1,duke,10,0.0
Breast_MRI_836,train,2,duke,6,0.0
Breast_MRI_847,train,3,duke,10,0.0
Breast_MRI_851,train,4,duke,10,0.0
Breast_MRI_857,train,2,duke,10,0.0
Breast_MRI_865,train,4,duke,10,0.0
Breast_MRI_874,train,1,duke,10,0.0
Breast_MRI_877,train,3,duke,10,0.0
Breast_MRI_879,train,2,duke,10,0.0
Breast_MRI_883,train,1,duke,10,1.0
Breast_MRI_884,train,3,duke,10,0.0
Breast_MRI_891,train,4,duke,10,0.0
Breast_MRI_900,train,2,duke,10,0.0
Breast_MRI_901,train,4,duke,10,0.0
Breast_MRI_914,train,1,duke,10,0.0
Breast_MRI_916,train,3,duke,10,0.0
ISPY1_1002,train,1,spy1,10,0.0
ISPY1_1003,train,2,spy1,10,0.0
ISPY1_1005,train,3,spy1,10,0.0
ISPY1_1007,train,4,spy1,10,0.0
ISPY1_1008,train,1,spy1,10,0.0
ISPY1_1011,train,2,spy1,10,1.0
ISPY1_1025,train,3,spy1,10,0.0
ISPY1_1027,train,4,spy1,10,0.0
ISPY1_1029,train,1,spy1,10,0.0
ISPY1_1031,train,2,spy1,10,0.0
ISPY1_1034,train,4,spy1,10,0.0
ISPY1_1036,train,3,spy1,10,0.0
ISPY1_1037,train,1,spy1,10,0.0
ISPY1_1038,train,2,spy1,10,0.0
ISPY1_1053,train,3,spy1,10,0.0
ISPY1_1054,train,4,spy1,10,0.0
ISPY1_1060,train,1,spy1,10,0.0
ISPY1_1061,train,4,spy1,10,0.0
ISPY1_1062,train,2,spy1,10,0.0
ISPY1_1064,train,4,spy1,10,0.0
ISPY1_1066,train,3,spy1,10,0.0
ISPY1_1070,train,1,spy1,10,1.0
ISPY1_1072,train,3,spy1,10,0.0
ISPY1_1074,train,2,spy1,10,0.0
ISPY1_1077,train,1,spy1,10,1.0
ISPY1_1078,train,3,spy1,10,1.0
ISPY1_1084,train,4,spy1,10,0.0
ISPY1_1087,train,2,spy1,10,1.0
ISPY1_1097,train,1,spy1,10,0.0
ISPY1_1099,train,2,spy1,10,1.0
ISPY1_1100,train,3,spy1,10,0.0
ISPY1_1101,train,4,spy1,10,0.0
ISPY1_1103,train,3,spy1,10,1.0
ISPY1_1107,train,4,spy1,10,0.0
ISPY1_1112,train,1,spy1,10,1.0
ISPY1_1114,train,2,spy1,10,0.0
ISPY1_1122,train,1,spy1,10,0.0
ISPY1_1124,train,2,spy1,10,0.0
ISPY1_1128,train,3,spy1,10,0.0
ISPY1_1130,train,4,spy1,10,1.0
ISPY1_1135,train,1,spy1,10,0.0
ISPY1_1139,train,2,spy1,10,1.0
ISPY1_1140,train,3,spy1,10,0.0
ISPY1_1141,train,4,spy1,10,0.0
ISPY1_1144,train,4,spy1,10,1.0
ISPY1_1148,train,1,spy1,10,1.0
ISPY1_1152,train,2,spy1,10,0.0
ISPY1_1155,train,3,spy1,10,1.0
ISPY1_1156,train,4,spy1,10,1.0
ISPY1_1161,train,1,spy1,10,0.0
ISPY1_1164,train,2,spy1,10,0.0
ISPY1_1167,train,3,spy1,10,0.0
ISPY1_1169,train,3,spy1,10,0.0
ISPY1_1176,train,1,spy1,10,1.0
ISPY1_1177,train,2,spy1,10,1.0
ISPY1_1179,train,4,spy1,10,0.0
ISPY1_1181,train,2,spy1,10,0.0
ISPY1_1184,train,1,spy1,10,1.0
ISPY1_1187,train,3,spy1,10,0.0
ISPY1_1188,train,4,spy1,10,0.0
ISPY1_1191,train,3,spy1,10,0.0
ISPY1_1193,train,1,spy1,10,0.0
ISPY1_1194,train,2,spy1,10,0.0
ISPY1_1196,train,4,spy1,10,0.0
ISPY1_1197,train,2,spy1,10,0.0
ISPY1_1199,train,1,spy1,10,0.0
ISPY1_1204,train,3,spy1,10,0.0
ISPY1_1205,train,4,spy1,10,0.0
ISPY1_1212,train,2,spy1,10,1.0
ISPY1_1215,train,1,spy1,10,1.0
ISPY1_1217,train,4,spy1,10,0.0
ISPY1_1218,train,3,spy1,10,0.0
ISPY1_1219,train,3,spy1,10,0.0
ISPY1_1223,train,1,spy1,10,0.0
ISPY1_1225,train,2,spy1,10,0.0
ISPY1_1227,train,4,spy1,10,1.0
ISPY1_1228,train,2,spy1,10,1.0
ISPY1_1231,train,1,spy1,10,0.0
ISPY1_1233,train,3,spy1,10,0.0
ISPY1_1235,train,4,spy1,10,1.0
ISPY1_1236,train,2,spy1,10,0.0
ISPY1_1238,train,1,spy1,10,0.0
ISPY1_1239,train,3,spy1,10,0.0
ISPY2-100899,train,4,spy2,10,0.0
ISPY2-102011,train,3,spy2,10,1.0
ISPY2-104384,train,2,spy2,10,0.0
ISPY2-105286,train,1,spy2,10,0.0
ISPY2-105513,train,4,spy2,10,1.0
ISPY2-109623,train,1,spy2,10,0.0
ISPY2-109980,train,2,spy2,10,1.0
ISPY2-111004,train,3,spy2,10,0.0
ISPY2-111646,train,2,spy2,10,0.0
ISPY2-111881,train,4,spy2,10,1.0
ISPY2-114087,train,4,spy2,10,0.0
ISPY2-117424,train,3,spy2,10,1.0
ISPY2-117707,train,1,spy2,10,1.0
ISPY2-120001,train,2,spy2,10,0.0
ISPY2-122287,train,1,spy2,10,1.0
ISPY2-122579,train,2,spy2,10,0.0
ISPY2-122795,train,3,spy2,10,0.0
ISPY2-125130,train,4,spy2,10,1.0
ISPY2-125418,train,2,spy2,10,0.0
ISPY2-127791,train,1,spy2,10,0.0
ISPY2-128051,train,3,spy2,10,0.0
ISPY2-128675,train,4,spy2,10,1.0
ISPY2-129973,train,2,spy2,10,1.0
ISPY2-130892,train,4,spy2,10,1.0
ISPY2-131595,train,1,spy2,10,0.0
ISPY2-132463,train,3,spy2,10,1.0
ISPY2-134526,train,1,spy2,10,1.0
ISPY2-136536,train,3,spy2,10,1.0
ISPY2-138425,train,2,spy2,10,1.0
ISPY2-139771,train,4,spy2,10,1.0
ISPY2-142688,train,1,spy2,10,0.0
ISPY2-145513,train,2,spy2,10,0.0
ISPY2-146033,train,3,spy2,10,1.0
ISPY2-147139,train,4,spy2,10,1.0
ISPY2-149654,train,2,spy2,10,0.0
ISPY2-151980,train,4,spy2,10,1.0
ISPY2-153327,train,1,spy2,10,1.0
ISPY2-154293,train,3,spy2,10,0.0
ISPY2-157270,train,1,spy2,10,0.0
ISPY2-157463,train,3,spy2,10,0.0
ISPY2-159284,train,2,spy2,10,0.0
ISPY2-159352,train,4,spy2,10,0.0
ISPY2-164468,train,1,spy2,10,0.0
ISPY2-166412,train,2,spy2,10,0.0
ISPY2-166782,train,3,spy2,10,0.0
ISPY2-167271,train,4,spy2,10,0.0
ISPY2-172168,train,2,spy2,10,0.0
ISPY2-174903,train,1,spy2,10,0.0
ISPY2-174904,train,3,spy2,10,0.0
ISPY2-177795,train,4,spy2,10,1.0
ISPY2-178815,train,1,spy2,10,0.0
ISPY2-180027,train,2,spy2,10,1.0
ISPY2-181442,train,3,spy2,10,0.0
ISPY2-182346,train,4,spy2,10,0.0
ISPY2-188091,train,4,spy2,10,1.0
ISPY2-188511,train,1,spy2,10,0.0
ISPY2-190224,train,2,spy2,10,0.0
ISPY2-192548,train,3,spy2,10,0.0
ISPY2-196024,train,1,spy2,10,0.0
ISPY2-199115,train,2,spy2,10,0.0
ISPY2-199960,train,3,spy2,10,0.0
ISPY2-200222,train,4,spy2,10,0.0
ISPY2-201831,train,1,spy2,10,1.0
ISPY2-201873,train,3,spy2,10,1.0
ISPY2-202539,train,4,spy2,10,1.0
ISPY2-203254,train,2,spy2,10,0.0
ISPY2-204939,train,1,spy2,10,1.0
ISPY2-208265,train,3,spy2,10,1.0
ISPY2-209397,train,4,spy2,10,0.0
ISPY2-212307,train,2,spy2,10,0.0
ISPY2-213328,train,1,spy2,10,1.0
ISPY2-218249,train,2,spy2,10,0.0
ISPY2-220664,train,3,spy2,10,1.0
ISPY2-221375,train,4,spy2,10,0.0
ISPY2-227832,train,1,spy2,10,0.0
ISPY2-228192,train,2,spy2,10,0.0
ISPY2-228340,train,1,spy2,10,0.0
ISPY2-229328,train,3,spy2,10,0.0
ISPY2-229824,train,4,spy2,10,0.0
ISPY2-233832,train,1,spy2,10,0.0
ISPY2-233962,train,2,spy2,10,1.0
ISPY2-234272,train,3,spy2,10,0.0
ISPY2-235995,train,4,spy2,10,1.0
ISPY2-238790,train,1,spy2,10,0.0
ISPY2-241705,train,2,spy2,10,0.0
ISPY2-242370,train,3,spy2,10,1.0
ISPY2-243836,train,4,spy2,10,1.0
ISPY2-247641,train,1,spy2,10,0.0
ISPY2-248255,train,4,spy2,10,0.0
ISPY2-250274,train,2,spy2,10,0.0
ISPY2-252748,train,3,spy2,10,1.0
ISPY2-254273,train,1,spy2,10,0.0
ISPY2-255078,train,2,spy2,10,0.0
ISPY2-255535,train,3,spy2,10,0.0
ISPY2-257735,train,4,spy2,10,0.0
ISPY2-259899,train,1,spy2,10,0.0
ISPY2-261304,train,2,spy2,10,0.0
ISPY2-262131,train,3,spy2,10,0.0
ISPY2-264678,train,4,spy2,10,0.0
ISPY2-266509,train,1,spy2,10,1.0
ISPY2-267306,train,2,spy2,10,1.0
ISPY2-273691,train,3,spy2,10,1.0
ISPY2-273745,train,4,spy2,10,0.0
ISPY2-279902,train,1,spy2,10,1.0
ISPY2-282082,train,3,spy2,10,1.0
ISPY2-282644,train,2,spy2,10,0.0
ISPY2-282777,train,4,spy2,10,0.0
ISPY2-287300,train,1,spy2,10,1.0
ISPY2-289107,train,2,spy2,10,1.0
ISPY2-290413,train,3,spy2,10,0.0
ISPY2-291515,train,4,spy2,10,0.0
ISPY2-294176,train,4,spy2,10,1.0
ISPY2-299364,train,3,spy2,10,0.0
ISPY2-299840,train,1,spy2,10,0.0
ISPY2-300724,train,2,spy2,10,0.0
ISPY2-301968,train,1,spy2,10,0.0
ISPY2-303685,train,2,spy2,10,1.0
ISPY2-306127,train,3,spy2,10,0.0
ISPY2-307659,train,4,spy2,10,0.0
ISPY2-311316,train,2,spy2,10,0.0
ISPY2-311455,train,1,spy2,10,0.0
ISPY2-313243,train,3,spy2,10,1.0
ISPY2-313672,train,4,spy2,10,0.0
ISPY2-318293,train,1,spy2,10,0.0
ISPY2-318407,train,4,spy2,10,0.0
ISPY2-318438,train,2,spy2,10,0.0
ISPY2-318569,train,3,spy2,10,0.0
ISPY2-324021,train,1,spy2,10,0.0
ISPY2-326202,train,2,spy2,10,0.0
ISPY2-327133,train,3,spy2,10,0.0
ISPY2-327142,train,4,spy2,10,0.0
ISPY2-330134,train,1,spy2,10,0.0
ISPY2-331192,train,2,spy2,10,1.0
ISPY2-332655,train,3,spy2,10,1.0
ISPY2-333145,train,4,spy2,10,1.0
ISPY2-340186,train,1,spy2,10,0.0
ISPY2-342996,train,4,spy2,10,0.0
ISPY2-345460,train,2,spy2,10,0.0
ISPY2-345483,train,3,spy2,10,0.0
ISPY2-345574,train,2,spy2,10,1.0
ISPY2-349330,train,1,spy2,10,1.0
ISPY2-349639,train,3,spy2,10,1.0
ISPY2-350331,train,4,spy2,10,0.0
ISPY2-355292,train,1,spy2,10,0.0
ISPY2-356399,train,4,spy2,10,0.0
ISPY2-357017,train,2,spy2,10,0.0
ISPY2-357034,train,3,spy2,10,0.0
ISPY2-363669,train,1,spy2,10,0.0
ISPY2-367682,train,2,spy2,10,0.0
ISPY2-371528,train,3,spy2,10,0.0
ISPY2-373672,train,4,spy2,10,0.0
ISPY2-374121,train,1,spy2,10,0.0
ISPY2-375342,train,3,spy2,10,0.0
ISPY2-375455,train,2,spy2,10,0.0
ISPY2-377460,train,4,spy2,10,1.0
ISPY2-378401,train,2,spy2,10,1.0
ISPY2-380972,train,1,spy2,10,0.0
ISPY2-382853,train,3,spy2,10,1.0
ISPY2-386664,train,4,spy2,10,0.0
ISPY2-395076,train,1,spy2,10,1.0
ISPY2-395249,train,2,spy2,10,0.0
ISPY2-395379,train,3,spy2,10,0.0
ISPY2-402384,train,4,spy2,10,0.0
ISPY2-406190,train,3,spy2,10,0.0
ISPY2-410083,train,1,spy2,10,1.0
ISPY2-411008,train,2,spy2,10,0.0
ISPY2-411684,train,4,spy2,10,0.0
ISPY2-411950,train,1,spy2,10,0.0
ISPY2-413961,train,2,spy2,10,0.0
ISPY2-414256,train,3,spy2,10,0.0
ISPY2-414286,train,4,spy2,10,0.0
ISPY2-415039,train,1,spy2,10,0.0
ISPY2-420523,train,2,spy2,10,0.0
ISPY2-423619,train,3,spy2,10,1.0
ISPY2-423979,train,4,spy2,10,0.0
ISPY2-424541,train,3,spy2,10,0.0
ISPY2-425173,train,2,spy2,10,1.0
ISPY2-427321,train,1,spy2,10,1.0
ISPY2-431061,train,4,spy2,10,0.0
ISPY2-437162,train,1,spy2,10,0.0
ISPY2-437968,train,3,spy2,10,0.0
ISPY2-439489,train,2,spy2,10,0.0
ISPY2-442669,train,4,spy2,10,0.0
ISPY2-443444,train,1,spy2,10,0.0
ISPY2-443708,train,2,spy2,10,0.0
ISPY2-446263,train,3,spy2,10,1.0
ISPY2-451482,train,4,spy2,10,0.0
ISPY2-451816,train,3,spy2,10,0.0
ISPY2-454808,train,1,spy2,10,0.0
ISPY2-455828,train,2,spy2,10,1.0
ISPY2-456432,train,4,spy2,10,0.0
ISPY2-458196,train,3,spy2,10,0.0
ISPY2-460776,train,2,spy2,10,1.0
ISPY2-461824,train,1,spy2,10,0.0
ISPY2-462581,train,3,spy2,10,0.0
ISPY2-462605,train,4,spy2,10,1.0
ISPY2-466267,train,1,spy2,10,1.0
ISPY2-467622,train,2,spy2,10,0.0
ISPY2-472799,train,3,spy2,10,1.0
ISPY2-473365,train,4,spy2,10,0.0
ISPY2-473468,train,4,spy2,10,0.0
ISPY2-477994,train,1,spy2,10,1.0
ISPY2-478055,train,2,spy2,10,0.0
ISPY2-478655,train,3,spy2,10,1.0
ISPY2-483667,train,1,spy2,10,0.0
ISPY2-483910,train,2,spy2,10,0.0
ISPY2-484867,train,4,spy2,10,0.0
ISPY2-484894,train,3,spy2,10,0.0
ISPY2-489194,train,1,spy2,10,1.0
ISPY2-489504,train,2,spy2,10,1.0
ISPY2-489973,train,3,spy2,10,0.0
ISPY2-491526,train,4,spy2,10,0.0
ISPY2-493519,train,2,spy2,10,0.0
ISPY2-493775,train,3,spy2,10,1.0
ISPY2-494296,train,1,spy2,10,0.0
ISPY2-494946,train,4,spy2,10,1.0
ISPY2-497010,train,1,spy2,10,1.0
ISPY2-498024,train,2,spy2,10,0.0
ISPY2-498985,train,3,spy2,10,0.0
ISPY2-500826,train,4,spy2,10,0.0
ISPY2-501303,train,4,spy2,10,1.0
ISPY2-503034,train,3,spy2,10,0.0
ISPY2-504838,train,1,spy2,10,0.0
ISPY2-507198,train,2,spy2,10,0.0
ISPY2-507249,train,2,spy2,10,0.0
ISPY2-510543,train,1,spy2,10,0.0
ISPY2-515141,train,3,spy2,10,1.0
ISPY2-515281,train,4,spy2,10,0.0
ISPY2-515284,train,2,spy2,10,0.0
ISPY2-515565,train,4,spy2,10,0.0
ISPY2-517870,train,1,spy2,10,0.0
ISPY2-520258,train,3,spy2,10,0.0
ISPY2-520986,train,2,spy2,10,1.0
ISPY2-521860,train,4,spy2,10,0.0
ISPY2-527581,train,1,spy2,10,0.0
ISPY2-528479,train,3,spy2,10,0.0
ISPY2-531672,train,1,spy2,10,0.0
ISPY2-535415,train,2,spy2,10,1.0
ISPY2-535779,train,4,spy2,10,0.0
ISPY2-536253,train,3,spy2,10,1.0
ISPY2-539904,train,1,spy2,10,0.0
ISPY2-540539,train,3,spy2,10,1.0
ISPY2-541165,train,2,spy2,10,0.0
ISPY2-542392,train,4,spy2,10,0.0
ISPY2-549172,train,2,spy2,10,0.0
ISPY2-550157,train,1,spy2,10,1.0
ISPY2-550421,train,3,spy2,10,0.0
ISPY2-553012,train,4,spy2,5,0.0
ISPY2-553141,train,1,spy2,10,1.0
ISPY2-555214,train,4,spy2,10,1.0
ISPY2-559021,train,2,spy2,10,1.0
ISPY2-559263,train,3,spy2,10,0.0
ISPY2-566011,train,1,spy2,10,0.0
ISPY2-567201,train,2,spy2,10,1.0
ISPY2-567907,train,3,spy2,10,0.0
ISPY2-568953,train,4,spy2,10,0.0
ISPY2-570148,train,1,spy2,10,0.0
ISPY2-570685,train,3,spy2,10,0.0
ISPY2-571276,train,2,spy2,10,0.0
ISPY2-572016,train,4,spy2,10,1.0
ISPY2-572444,train,1,spy2,10,0.0
ISPY2-572731,train,3,spy2,10,1.0
ISPY2-573586,train,2,spy2,10,0.0
ISPY2-574091,train,4,spy2,10,1.0
ISPY2-575457,train,4,spy2,10,1.0
ISPY2-579881,train,1,spy2,10,0.0
ISPY2-581648,train,2,spy2,10,0.0
ISPY2-586091,train,3,spy2,10,1.0
ISPY2-586207,train,1,spy2,10,1.0
ISPY2-589502,train,3,spy2,10,1.0
ISPY2-590220,train,4,spy2,10,1.0
ISPY2-591079,train,2,spy2,10,1.0
ISPY2-591180,train,2,spy2,10,0.0
ISPY2-592535,train,1,spy2,10,0.0
ISPY2-596458,train,2,spy2,10,1.0
ISPY2-597253,train,3,spy2,10,0.0
ISPY2-598798,train,4,spy2,10,0.0
ISPY2-601489,train,1,spy2,10,0.0
ISPY2-604199,train,2,spy2,10,0.0
ISPY2-604326,train,3,spy2,10,0.0
ISPY2-604380,train,4,spy2,10,1.0
ISPY2-607047,train,1,spy2,10,1.0
ISPY2-609642,train,3,spy2,10,1.0
ISPY2-609897,train,2,spy2,10,0.0
ISPY2-611662,train,4,spy2,10,0.0
ISPY2-614434,train,4,spy2,10,1.0
ISPY2-615873,train,1,spy2,10,1.0
ISPY2-618240,train,2,spy2,10,0.0
ISPY2-621179,train,3,spy2,10,0.0
ISPY2-623569,train,2,spy2,10,1.0
ISPY2-624777,train,4,spy2,10,0.0
ISPY2-625800,train,1,spy2,10,0.0
ISPY2-625854,train,3,spy2,10,1.0
ISPY2-628692,train,2,spy2,10,0.0
ISPY2-629210,train,4,spy2,10,0.0
ISPY2-630758,train,1,spy2,10,0.0
ISPY2-631337,train,3,spy2,10,0.0
ISPY2-636424,train,1,spy2,10,0.0
ISPY2-637051,train,2,spy2,10,0.0
ISPY2-637752,train,3,spy2,10,1.0
ISPY2-639663,train,4,spy2,10,0.0
ISPY2-640463,train,1,spy2,10,1.0
ISPY2-640927,train,2,spy2,10,0.0
ISPY2-644609,train,3,spy2,10,1.0
ISPY2-646233,train,4,spy2,10,0.0
ISPY2-646600,train,1,spy2,10,0.0
ISPY2-650589,train,2,spy2,10,0.0
ISPY2-651401,train,3,spy2,10,0.0
ISPY2-651541,train,4,spy2,10,1.0
ISPY2-655703,train,1,spy2,10,0.0
ISPY2-660915,train,4,spy2,10,0.0
ISPY2-663197,train,2,spy2,10,0.0
ISPY2-663467,train,3,spy2,10,0.0
ISPY2-666147,train,1,spy2,10,0.0
ISPY2-666715,train,2,spy2,10,0.0
ISPY2-668752,train,3,spy2,10,0.0
ISPY2-672734,train,4,spy2,10,0.0
ISPY2-674897,train,1,spy2,10,0.0
ISPY2-676365,train,3,spy2,10,0.0
ISPY2-676630,train,2,spy2,10,1.0
ISPY2-677915,train,4,spy2,10,0.0
ISPY2-683374,train,1,spy2,10,0.0
ISPY2-683457,train,2,spy2,10,0.0
ISPY2-685182,train,3,spy2,10,1.0
ISPY2-685753,train,4,spy2,10,0.0
ISPY2-687733,train,1,spy2,10,0.0
ISPY2-690410,train,2,spy2,10,0.0
ISPY2-692885,train,4,spy2,10,0.0
ISPY2-697098,train,3,spy2,10,1.0
ISPY2-697871,train,3,spy2,10,1.0
ISPY2-703401,train,1,spy2,10,0.0
ISPY2-703455,train,2,spy2,10,0.0
ISPY2-705381,train,4,spy2,10,1.0
ISPY2-706943,train,2,spy2,10,0.0
ISPY2-708387,train,1,spy2,10,1.0
ISPY2-709559,train,3,spy2,10,0.0
ISPY2-712276,train,4,spy2,10,1.0
ISPY2-714205,train,1,spy2,10,1.0
ISPY2-719713,train,2,spy2,10,0.0
ISPY2-723918,train,3,spy2,10,1.0
ISPY2-725455,train,4,spy2,10,0.0
ISPY2-726381,train,1,spy2,10,0.0
ISPY2-726940,train,2,spy2,10,0.0
ISPY2-727255,train,3,spy2,10,0.0
ISPY2-727804,train,4,spy2,10,1.0
ISPY2-728714,train,1,spy2,10,0.0
ISPY2-729270,train,4,spy2,10,1.0
ISPY2-729732,train,2,spy2,10,0.0
ISPY2-732137,train,3,spy2,10,0.0
ISPY2-735673,train,1,spy2,10,0.0
ISPY2-741535,train,3,spy2,10,0.0
ISPY2-742477,train,2,spy2,10,0.0
ISPY2-745633,train,4,spy2,10,0.0
ISPY2-749097,train,1,spy2,10,0.0
ISPY2-752469,train,2,spy2,10,0.0
ISPY2-756412,train,3,spy2,10,0.0
ISPY2-759015,train,4,spy2,10,0.0
ISPY2-759418,train,1,spy2,10,0.0
ISPY2-766301,train,4,spy2,10,0.0
ISPY2-766967,train,2,spy2,10,1.0
ISPY2-768214,train,3,spy2,10,0.0
ISPY2-769972,train,3,spy2,10,0.0
ISPY2-778020,train,1,spy2,10,0.0
ISPY2-778527,train,2,spy2,10,1.0
ISPY2-780272,train,4,spy2,10,0.0
ISPY2-781335,train,4,spy2,10,0.0
ISPY2-783578,train,1,spy2,10,1.0
ISPY2-783771,train,2,spy2,10,0.0
ISPY2-786003,train,3,spy2,10,1.0
ISPY2-789497,train,4,spy2,10,0.0
ISPY2-790397,train,1,spy2,10,1.0
ISPY2-790722,train,2,spy2,10,0.0
ISPY2-791321,train,3,spy2,10,0.0
ISPY2-791944,train,4,spy2,10,0.0
ISPY2-793684,train,1,spy2,10,0.0
ISPY2-794428,train,2,spy2,10,0.0
ISPY2-796558,train,3,spy2,10,0.0
ISPY2-797427,train,4,spy2,10,0.0
ISPY2-798604,train,3,spy2,10,1.0
ISPY2-800710,train,1,spy2,10,0.0
ISPY2-802105,train,4,spy2,10,0.0
ISPY2-802778,train,2,spy2,10,0.0
ISPY2-803677,train,1,spy2,10,0.0
ISPY2-808714,train,4,spy2,10,0.0
ISPY2-809037,train,2,spy2,10,0.0
ISPY2-809649,train,3,spy2,10,1.0
ISPY2-814299,train,1,spy2,10,1.0
ISPY2-815421,train,2,spy2,10,0.0
ISPY2-815493,train,3,spy2,10,1.0
ISPY2-819622,train,4,spy2,10,0.0
ISPY2-820348,train,2,spy2,10,0.0
ISPY2-824234,train,1,spy2,10,1.0
ISPY2-825363,train,3,spy2,10,1.0
ISPY2-828199,train,4,spy2,10,0.0
ISPY2-830486,train,1,spy2,10,0.0
ISPY2-830958,train,2,spy2,10,0.0
ISPY2-832056,train,3,spy2,10,0.0
ISPY2-833536,train,4,spy2,10,1.0
ISPY2-835658,train,4,spy2,10,1.0
ISPY2-836114,train,1,spy2,10,0.0
ISPY2-836983,train,2,spy2,10,1.0
ISPY2-841336,train,3,spy2,10,0.0
ISPY2-845079,train,2,spy2,10,1.0
ISPY2-845147,train,3,spy2,10,0.0
ISPY2-846156,train,1,spy2,10,0.0
ISPY2-847272,train,4,spy2,10,0.0
ISPY2-847753,train,1,spy2,10,1.0
ISPY2-851180,train,2,spy2,10,0.0
ISPY2-851488,train,3,spy2,10,0.0
ISPY2-857165,train,4,spy2,10,0.0
ISPY2-862244,train,2,spy2,10,0.0
ISPY2-865416,train,1,spy2,10,0.0
ISPY2-873686,train,3,spy2,10,0.0
ISPY2-877463,train,4,spy2,10,0.0
ISPY2-883886,train,2,spy2,10,0.0
ISPY2-884266,train,4,spy2,10,0.0
ISPY2-885590,train,1,spy2,10,0.0
ISPY2-889049,train,3,spy2,10,0.0
ISPY2-889225,train,3,spy2,10,0.0
ISPY2-889721,train,4,spy2,10,1.0
ISPY2-891645,train,1,spy2,10,0.0
ISPY2-892390,train,2,spy2,10,1.0
ISPY2-894128,train,2,spy2,10,1.0
ISPY2-894491,train,1,spy2,10,0.0
ISPY2-896621,train,3,spy2,10,0.0
ISPY2-899381,train,4,spy2,10,1.0
ISPY2-905264,train,1,spy2,10,0.0
ISPY2-906795,train,2,spy2,10,0.0
ISPY2-910188,train,3,spy2,10,0.0
ISPY2-910706,train,4,spy2,10,1.0
ISPY2-912836,train,4,spy2,10,0.0
ISPY2-914968,train,1,spy2,10,0.0
ISPY2-916586,train,2,spy2,10,0.0
ISPY2-916645,train,3,spy2,10,1.0
ISPY2-920479,train,3,spy2,10,0.0
ISPY2-923968,train,1,spy2,10,1.0
ISPY2-924812,train,2,spy2,10,0.0
ISPY2-924868,train,4,spy2,10,1.0
ISPY2-924895,train,2,spy2,10,0.0
ISPY2-930172,train,3,spy2,10,0.0
ISPY2-930853,train,1,spy2,10,1.0
ISPY2-930903,train,4,spy2,10,0.0
ISPY2-934459,train,1,spy2,10,0.0
ISPY2-934906,train,3,spy2,10,0.0
ISPY2-935460,train,2,spy2,10,0.0
ISPY2-940186,train,4,spy2,10,1.0
ISPY2-943879,train,1,spy2,10,1.0
ISPY2-944419,train,2,spy2,10,0.0
ISPY2-944536,train,3,spy2,10,1.0
ISPY2-950131,train,4,spy2,10,1.0
ISPY2-955953,train,1,spy2,10,1.0
ISPY2-957408,train,2,spy2,10,0.0
ISPY2-960490,train,3,spy2,10,1.0
ISPY2-960963,train,4,spy2,10,0.0
ISPY2-962664,train,1,spy2,10,1.0
ISPY2-965265,train,2,spy2,10,0.0
ISPY2-966016,train,3,spy2,10,1.0
ISPY2-972307,train,4,spy2,10,0.0
ISPY2-981461,train,1,spy2,10,0.0
ISPY2-982505,train,2,spy2,10,0.0
ISPY2-983841,train,3,spy2,10,1.0
ISPY2-986734,train,4,spy2,10,0.0
ISPY2-987995,train,2,spy2,10,0.0
ISPY2-990443,train,4,spy2,10,0.0
ISPY2-994987,train,1,spy2,10,0.0
ISPY2-999264,train,3,spy2,10,1.0
ISPY2-999733,train,3,spy2,10,0.0
ACRIN-6698-103939,validation,0,spy2,10,0.0
ACRIN-6698-130580,validation,0,spy2,10,1.0
ACRIN-6698-146987,validation,0,spy2,10,0.0
ACRIN-6698-179568,validation,0,spy2,10,0.0
ACRIN-6698-218503,validation,0,spy2,10,0.0
ACRIN-6698-233191,validation,0,spy2,10,0.0
ACRIN-6698-240957,validation,0,spy2,10,0.0
ACRIN-6698-266840,validation,0,spy2,10,0.0
ACRIN-6698-284593,validation,0,spy2,10,0.0
ACRIN-6698-298101,validation,0,spy2,10,0.0
ACRIN-6698-317641,validation,0,spy2,10,1.0
ACRIN-6698-329076,validation,0,spy2,10,0.0
ACRIN-6698-345907,validation,0,spy2,10,0.0
ACRIN-6698-384830,validation,0,spy2,10,0.0
ACRIN-6698-408692,validation,0,spy2,10,1.0
ACRIN-6698-422013,validation,0,spy2,10,0.0
ACRIN-6698-462582,validation,0,spy2,10,0.0
ACRIN-6698-506623,validation,0,spy2,10,0.0
ACRIN-6698-522140,validation,0,spy2,10,0.0
ACRIN-6698-571995,validation,0,spy2,10,0.0
ACRIN-6698-587691,validation,0,spy2,10,1.0
ACRIN-6698-628788,validation,0,spy2,10,0.0
ACRIN-6698-635632,validation,0,spy2,10,1.0
ACRIN-6698-652480,validation,0,spy2,10,0.0
ACRIN-6698-661730,validation,0,spy2,10,1.0
ACRIN-6698-685795,validation,0,spy2,10,0.0
ACRIN-6698-691753,validation,0,spy2,10,0.0
ACRIN-6698-724384,validation,0,spy2,10,0.0
ACRIN-6698-760011,validation,0,spy2,10,1.0
ACRIN-6698-774840,validation,0,spy2,10,1.0
ACRIN-6698-792181,validation,0,spy2,10,1.0
ACRIN-6698-804979,validation,0,spy2,10,0.0
ACRIN-6698-831848,validation,0,spy2,10,1.0
ACRIN-6698-861745,validation,0,spy2,10,0.0
ACRIN-6698-882553,validation,0,spy2,10,0.0
ACRIN-6698-901705,validation,0,spy2,10,0.0
ACRIN-6698-928170,validation,0,spy2,10,0.0
ACRIN-6698-942017,validation,0,spy2,10,0.0
ACRIN-6698-963303,validation,0,spy2,10,0.0
ACRIN-6698-987914,validation,0,spy2,10,0.0
Breast_MRI_009,validation,0,duke,10,1.0
Breast_MRI_022,validation,0,duke,10,0.0
Breast_MRI_043,validation,0,duke,10,0.0
Breast_MRI_057,validation,0,duke,10,0.0
Breast_MRI_086,validation,0,duke,10,0.0
Breast_MRI_101,validation,0,duke,10,0.0
Breast_MRI_117,validation,0,duke,10,0.0
Breast_MRI_136,validation,0,duke,10,0.0
Breast_MRI_144,validation,0,duke,10,1.0
Breast_MRI_163,validation,0,duke,10,0.0
Breast_MRI_205,validation,0,duke,10,0.0
Breast_MRI_233,validation,0,duke,10,0.0
Breast_MRI_255,validation,0,duke,10,1.0
Breast_MRI_268,validation,0,duke,10,0.0
Breast_MRI_293,validation,0,duke,10,0.0
Breast_MRI_321,validation,0,duke,10,0.0
Breast_MRI_350,validation,0,duke,10,1.0
Breast_MRI_378,validation,0,duke,10,0.0
Breast_MRI_397,validation,0,duke,10,0.0
Breast_MRI_420,validation,0,duke,10,1.0
Breast_MRI_438,validation,0,duke,10,1.0
Breast_MRI_465,validation,0,duke,10,0.0
Breast_MRI_489,validation,0,duke,10,1.0
Breast_MRI_506,validation,0,duke,10,0.0
Breast_MRI_527,validation,0,duke,10,0.0
Breast_MRI_541,validation,0,duke,10,0.0
Breast_MRI_562,validation,0,duke,10,1.0
Breast_MRI_592,validation,0,duke,10,0.0
Breast_MRI_605,validation,0,duke,10,0.0
Breast_MRI_612,validation,0,duke,10,0.0
Breast_MRI_626,validation,0,duke,10,0.0
Breast_MRI_651,validation,0,duke,6,0.0
Breast_MRI_670,validation,0,duke,10,0.0
Breast_MRI_681,validation,0,duke,10,0.0
Breast_MRI_697,validation,0,duke,10,0.0
Breast_MRI_724,validation,0,duke,10,0.0
Breast_MRI_774,validation,0,duke,10,1.0
Breast_MRI_809,validation,0,duke,10,0.0
Breast_MRI_830,validation,0,duke,10,1.0
Breast_MRI_860,validation,0,duke,10,0.0
Breast_MRI_882,validation,0,duke,10,1.0
Breast_MRI_899,validation,0,duke,10,0.0
ISPY1_1001,validation,0,spy1,10,0.0
ISPY1_1012,validation,0,spy1,10,0.0
ISPY1_1035,validation,0,spy1,10,0.0
ISPY1_1040,validation,0,spy1,10,0.0
ISPY1_1056,validation,0,spy1,10,0.0
ISPY1_1069,validation,0,spy1,10,0.0
ISPY1_1075,validation,0,spy1,10,1.0
ISPY1_1089,validation,0,spy1,10,0.0
ISPY1_1104,validation,0,spy1,10,1.0
ISPY1_1120,validation,0,spy1,10,0.0
ISPY1_1134,validation,0,spy1,10,0.0
ISPY1_1147,validation,0,spy1,10,0.0
ISPY1_1159,validation,0,spy1,10,0.0
ISPY1_1173,validation,0,spy1,10,0.0
ISPY1_1183,validation,0,spy1,10,0.0
ISPY1_1189,validation,0,spy1,10,1.0
ISPY1_1198,validation,0,spy1,10,0.0
ISPY1_1208,validation,0,spy1,10,1.0
ISPY1_1222,validation,0,spy1,10,0.0
ISPY1_1230,validation,0,spy1,10,0.0
ISPY1_1237,validation,0,spy1,10,0.0
ISPY2-103693,validation,0,spy2,10,0.0
ISPY2-108939,validation,0,spy2,10,1.0
ISPY2-115638,validation,0,spy2,10,0.0
ISPY2-120422,validation,0,spy2,10,1.0
ISPY2-127675,validation,0,spy2,10,0.0
ISPY2-129837,validation,0,spy2,10,0.0
ISPY2-133650,validation,0,spy2,10,0.0
ISPY2-141782,validation,0,spy2,10,0.0
ISPY2-151230,validation,0,spy2,10,0.0
ISPY2-155171,validation,0,spy2,10,0.0
ISPY2-160120,validation,0,spy2,10,0.0
ISPY2-172283,validation,0,spy2,10,0.0
ISPY2-178649,validation,0,spy2,10,1.0
ISPY2-183831,validation,0,spy2,10,1.0
ISPY2-194024,validation,0,spy2,10,1.0
ISPY2-202956,validation,0,spy2,10,1.0
ISPY2-211408,validation,0,spy2,10,1.0
ISPY2-213672,validation,0,spy2,10,0.0
ISPY2-225836,validation,0,spy2,10,0.0
ISPY2-231633,validation,0,spy2,10,1.0
ISPY2-239061,validation,0,spy2,10,0.0
ISPY2-245655,validation,0,spy2,10,0.0
ISPY2-254060,validation,0,spy2,10,1.0
ISPY2-259206,validation,0,spy2,10,0.0
ISPY2-268937,validation,0,spy2,10,1.0
ISPY2-277848,validation,0,spy2,10,0.0
ISPY2-286984,validation,0,spy2,10,0.0
ISPY2-294265,validation,0,spy2,10,1.0
ISPY2-301289,validation,0,spy2,10,0.0
ISPY2-309830,validation,0,spy2,10,0.0
ISPY2-316996,validation,0,spy2,10,0.0
ISPY2-319324,validation,0,spy2,10,0.0
ISPY2-329941,validation,0,spy2,10,1.0
ISPY2-335091,validation,0,spy2,10,1.0
ISPY2-347516,validation,0,spy2,10,0.0
ISPY2-353318,validation,0,spy2,10,0.0
ISPY2-360937,validation,0,spy2,10,0.0
ISPY2-374106,validation,0,spy2,10,0.0
ISPY2-380239,validation,0,spy2,10,0.0
ISPY2-388581,validation,0,spy2,10,1.0
ISPY2-405717,validation,0,spy2,10,0.0
ISPY2-411806,validation,0,spy2,10,0.0
ISPY2-416434,validation,0,spy2,10,1.0
ISPY2-426106,validation,0,spy2,10,0.0
ISPY2-433144,validation,0,spy2,10,1.0
ISPY2-442981,validation,0,spy2,10,1.0
ISPY2-452703,validation,0,spy2,10,0.0
ISPY2-460812,validation,0,spy2,10,0.0
ISPY2-464547,validation,0,spy2,10,1.0
ISPY2-473505,validation,0,spy2,10,0.0
ISPY2-479417,validation,0,spy2,10,1.0
ISPY2-485637,validation,0,spy2,10,0.0
ISPY2-493472,validation,0,spy2,10,0.0
ISPY2-495440,validation,0,spy2,10,0.0
ISPY2-502486,validation,0,spy2,10,0.0
ISPY2-509012,validation,0,spy2,10,1.0
ISPY2-517446,validation,0,spy2,10,0.0
ISPY2-527320,validation,0,spy2,10,0.0
ISPY2-528833,validation,0,spy2,10,1.0
ISPY2-532183,validation,0,spy2,10,0.0
ISPY2-539876,validation,0,spy2,10,0.0
ISPY2-543795,validation,0,spy2,10,0.0
ISPY2-554577,validation,0,spy2,10,0.0
ISPY2-563856,validation,0,spy2,10,1.0
ISPY2-570380,validation,0,spy2,10,0.0
ISPY2-572235,validation,0,spy2,10,0.0
ISPY2-578975,validation,0,spy2,10,1.0
ISPY2-590299,validation,0,spy2,10,0.0
ISPY2-597873,validation,0,spy2,10,0.0
ISPY2-600536,validation,0,spy2,10,0.0
ISPY2-605713,validation,0,spy2,10,0.0
ISPY2-613188,validation,0,spy2,10,0.0
ISPY2-622688,validation,0,spy2,10,1.0
ISPY2-627118,validation,0,spy2,10,0.0
ISPY2-632408,validation,0,spy2,10,0.0
ISPY2-640043,validation,0,spy2,10,0.0
ISPY2-654956,validation,0,spy2,10,0.0
ISPY2-655795,validation,0,spy2,10,1.0
ISPY2-664658,validation,0,spy2,10,1.0
ISPY2-676048,validation,0,spy2,10,0.0
ISPY2-679787,validation,0,spy2,10,0.0
ISPY2-689188,validation,0,spy2,10,1.0
ISPY2-701790,validation,0,spy2,10,0.0
ISPY2-706418,validation,0,spy2,10,1.0
ISPY2-712917,validation,0,spy2,10,1.0
ISPY2-726091,validation,0,spy2,10,1.0
ISPY2-728287,validation,0,spy2,10,1.0
ISPY2-733276,validation,0,spy2,10,0.0
ISPY2-746265,validation,0,spy2,10,0.0
ISPY2-765773,validation,0,spy2,10,1.0
ISPY2-771813,validation,0,spy2,10,0.0
ISPY2-782334,validation,0,spy2,10,0.0
ISPY2-790070,validation,0,spy2,10,0.0
ISPY2-792412,validation,0,spy2,10,0.0
ISPY2-797499,validation,0,spy2,10,1.0
ISPY2-803514,validation,0,spy2,10,0.0
ISPY2-810965,validation,0,spy2,10,1.0
ISPY2-823618,validation,0,spy2,10,0.0
ISPY2-829491,validation,0,spy2,10,0.0
ISPY2-834418,validation,0,spy2,10,0.0
ISPY2-845663,validation,0,spy2,10,0.0
ISPY2-849605,validation,0,spy2,10,0.0
ISPY2-859699,validation,0,spy2,10,1.0
ISPY2-883696,validation,0,spy2,10,0.0
ISPY2-890414,validation,0,spy2,10,1.0
ISPY2-893874,validation,0,spy2,10,1.0
ISPY2-903880,validation,0,spy2,10,0.0
ISPY2-913225,validation,0,spy2,10,1.0
ISPY2-917762,validation,0,spy2,10,0.0
ISPY2-925691,validation,0,spy2,10,0.0
ISPY2-932200,validation,0,spy2,10,0.0
ISPY2-941926,validation,0,spy2,10,0.0
ISPY2-953262,validation,0,spy2,10,0.0
ISPY2-962472,validation,0,spy2,10,0.0
ISPY2-974181,validation,0,spy2,10,1.0
ISPY2-988443,validation,0,spy2,10,0.0
