epoch,lr,train_loss,val_loss,patient_auc,patient_ap,patient_accuracy,patient_f1,patient_precision,patient_recall,patient_balanced_accuracy,patient_sensitivity,patient_specificity,patient_brier,patient_logloss,patient_tn,patient_fp,patient_fn,patient_tp,n_patients,epoch_seconds,peak_vram_gib,bad_epochs,smoke,train_patient_auc,train_patient_ap,train_patient_accuracy,train_patient_f1,train_patient_precision,train_patient_recall,train_patient_balanced_accuracy,train_patient_sensitivity,train_patient_specificity,train_patient_brier,train_patient_logloss,train_patient_tn,train_patient_fp,train_patient_fn,train_patient_tp,train_n_patients,train_eval_loss
1,0.0008,0.8604099154472351,0.8904208540916443,0.6883090199301418,0.5045655425881117,0.6666666666666666,0.48951048951048953,0.43209876543209874,0.5645161290322581,0.6357612492295048,0.5645161290322581,0.7070063694267515,0.2043496072292328,0.5927598476409912,111,46,27,35,219,10.33175531300003,0.6451430320739746,0,False,,,,,,,,,,,,,,,,,
2,0.000799079163830263,0.8546971678733826,0.9380934238433838,0.689850010273269,0.5468537507780187,0.726027397260274,0.4444444444444444,0.5217391304347826,0.3870967741935484,0.6234846928292583,0.3870967741935484,0.8598726114649682,0.1853146106004715,0.5536421537399292,135,22,38,24,219,10.37136886100052,0.6451430320739746,0,False,,,,,,,,,,,,,,,,,
3,0.0007963209486843506,0.8507444262504578,0.8950803875923157,0.6855352373125129,0.5223837570099896,0.6255707762557078,0.4605263157894737,0.3888888888888889,0.5645161290322581,0.6070988288473392,0.5645161290322581,0.6496815286624203,0.21915295720100403,0.6278401017189026,102,55,27,35,219,10.309254221001538,0.6451430320739746,1,False,,,,,,,,,,,,,,,,,
4,0.0007917382146345176,0.8496259450912476,0.8819824457168579,0.6943702486131087,0.5424207028646997,0.6164383561643836,0.4939759036144578,0.3942307692307692,0.6612903225806451,0.6300082186151633,0.6612903225806451,0.5987261146496815,0.22707109153270721,0.643871545791626,94,63,21,41,219,10.365334715001154,0.6451430320739746,0,False,,,,,,,,,,,,,,,,,
5,0.0007853523285023807,0.8446193933486938,0.8857399821281433,0.6908773371686873,0.5487170765212503,0.6529680365296804,0.525,0.42857142857142855,0.6774193548387096,0.6603657283747688,0.6774193548387096,0.643312101910828,0.2255963534116745,0.6399461030960083,101,56,20,42,219,10.391328028999851,0.6451430320739746,1,False,,,,,,,,,,,,,,,,,
6,0.000777193064236934,0.8426911234855652,0.8907316327095032,0.6908773371686872,0.53920840341546,0.6666666666666666,0.48226950354609927,0.43037974683544306,0.5483870967741935,0.6308814464762686,0.5483870967741935,0.7133757961783439,0.20260602235794067,0.5881158709526062,112,45,28,34,219,10.321872292999615,0.6451430320739746,2,False,,,,,,,,,,,,,,,,,
7,0.0007672984640946539,0.8336360454559326,0.9030539989471436,0.693651119786316,0.5601483816288085,0.6986301369863014,0.49230769230769234,0.47058823529411764,0.5161290322580645,0.6434148346003699,0.5161290322580645,0.7707006369426752,0.1987791210412979,0.580004870891571,121,36,30,32,219,10.29518606199963,0.6451430320739746,3,False,,,,,,,,,,,,,,,,,
8,0.0007557146612689381,0.828021228313446,0.883874773979187,0.6976576946784467,0.561012609005229,0.6164383561643836,0.48148148148148145,0.39,0.6290322580645161,0.6202486131086912,0.6290322580645161,0.6114649681528662,0.22909848392009735,0.6469488143920898,96,61,23,39,219,10.352516740000283,0.6451430320739746,0,False,,,,,,,,,,,,,,,,,
9,0.000742495664795863,0.8175929188728333,0.8834960460662842,0.7024861310869118,0.5815005511177616,0.6575342465753424,0.4755244755244755,0.41975308641975306,0.5483870967741935,0.6245120197246763,0.5483870967741935,0.7006369426751592,0.21037107706069946,0.6053518652915955,110,47,28,34,219,10.551102028999594,0.6451430320739746,0,False,,,,,,,,,,,,,,,,,
10,0.0007277031077391246,0.8117496967315674,0.9196152091026306,0.6860489007602218,0.5452162709375534,0.6073059360730594,0.4880952380952381,0.3867924528301887,0.6612903225806451,0.623638791863571,0.6612903225806451,0.5859872611464968,0.23888255655765533,0.6740544438362122,92,65,21,41,219,10.50757953900029,0.6451430320739746,1,False,0.7894075180482947,0.6295790770226999,0.6970387243735763,0.6053412462908012,0.4927536231884058,0.7846153846153846,0.7224047796863331,0.7846153846153846,0.6601941747572816,0.2001563310623169,0.5856958627700806,408.0,210.0,56.0,204.0,878.0,0.7950171232223511
11,0.0007114059598282459,0.8016670942306519,0.9018933773040771,0.6967331004725704,0.5614560763862593,0.7077625570776256,0.5076923076923077,0.4852941176470588,0.532258064516129,0.6546640641051983,0.532258064516129,0.7770700636942676,0.1988130807876587,0.5806889533996582,122,35,29,33,219,10.53381413599891,0.6451430320739746,2,False,,,,,,,,,,,,,,,,,
12,0.0006936802058898591,0.7977240085601807,0.8948925733566284,0.6979658927470722,0.571904002466205,0.6438356164383562,0.5,0.4148936170212766,0.6290322580645161,0.6393568933634682,0.6290322580645161,0.6496815286624203,0.22074538469314575,0.6270949244499207,102,55,23,39,219,10.47841793200132,0.6451430320739746,3,False,,,,,,,,,,,,,,,,,
13,0.0006746084915713685,0.7831869125366211,0.971778392791748,0.665810560920485,0.5422384875783712,0.547945205479452,0.4530386740331492,0.3445378151260504,0.6612903225806451,0.5822375179782207,0.6612903225806451,0.5031847133757962,0.26668843626976013,0.7382495999336243,79,78,21,41,219,10.61843469499945,0.6451430320739746,4,False,,,,,,,,,,,,,,,,,
14,0.000654279738008791,0.7799583077430725,0.9508477449417114,0.673412779946579,0.5470258350861087,0.6255707762557078,0.4675324675324675,0.391304347826087,0.5806451612903226,0.6119786316005753,0.5806451612903226,0.643312101910828,0.23553811013698578,0.6679826378822327,101,56,26,36,219,10.586171728000409,0.6451430320739746,5,False,,,,,,,,,,,,,,,,,
15,0.0006327887272353727,0.7625086903572083,0.9703853726387024,0.6888226833778509,0.5833019300387279,0.684931506849315,0.5106382978723404,0.45569620253164556,0.5806451612903226,0.6533799054859256,0.5806451612903226,0.7261146496815286,0.20831027626991272,0.6120778918266296,114,43,26,36,219,10.543217295000431,0.6451430320739746,6,False,,,,,,,,,,,,,,,,,
16,0.0006102356602639965,0.7551344633102417,0.9193202257156372,0.6896445448941853,0.5589654459806759,0.6484018264840182,0.47619047619047616,0.4117647058823529,0.5645161290322581,0.6230223957263201,0.5645161290322581,0.6815286624203821,0.21578748524188995,0.619739294052124,107,50,27,35,219,10.606069637000473,0.6451430320739746,7,False,,,,,,,,,,,,,,,,,
17,0.0005867256899038053,0.7493102550506592,1.0338579416275024,0.6422847750154099,0.5179998802771419,0.6210045662100456,0.4429530201342282,0.3793103448275862,0.532258064516129,0.5941545099650709,0.532258064516129,0.6560509554140127,0.2373042106628418,0.6799008250236511,103,54,29,33,219,10.610211842998979,0.6451430320739746,8,False,,,,,,,,,,,,,,,,,
18,0.0005623684304892655,0.7292165756225586,1.1170815229415894,0.6149578795972878,0.4685091038616281,0.5844748858447488,0.4550898203592814,0.3619047619047619,0.6129032258064516,0.5930758167248819,0.6129032258064516,0.5732484076433121,0.2706453204154968,0.7659340500831604,90,67,24,38,219,10.5940070200013,0.6451430320739746,9,False,,,,,,,,,,,,,,,,,
19,0.0005372774468075397,0.7144920825958252,1.1057395935058594,0.6235874255188001,0.4968242182493036,0.6210045662100456,0.4503311258278146,0.38202247191011235,0.5483870967741935,0.5990343127183069,0.5483870967741935,0.6496815286624203,0.2491847276687622,0.718571126461029,102,55,28,34,219,10.600776951998341,0.6451430320739746,10,False,0.8258899676375404,0.6656775606104627,0.7574031890660592,0.6558966074313409,0.5654596100278552,0.7807692307692308,0.7641710231516057,0.7807692307692308,0.7475728155339806,0.17272581160068512,0.5205472707748413,462.0,156.0,57.0,203.0,878.0,0.7551186084747314
