patient_id,label,fold,cohort,probability_historical,probability_clinical
ACRIN-6698-103939,0,0,spy2,0.499141159,0.27268175732699507
ACRIN-6698-104268,0,1,spy2,0.5207526925000001,0.5358890252529735
ACRIN-6698-107700,0,2,spy2,0.363753789,0.4767492352577227
ACRIN-6698-108969,1,3,spy2,0.467351396,0.6059108150556545
ACRIN-6698-115987,0,4,spy2,0.610318216,0.6192111201466394
ACRIN-6698-118307,0,2,spy2,0.420676346,0.5746109706649295
ACRIN-6698-130580,1,0,spy2,0.40515464,0.44555889727713355
ACRIN-6698-139973,0,1,spy2,0.53464164,0.3157078886259147
ACRIN-6698-144302,0,3,spy2,0.560177399,0.6097210079044284
ACRIN-6698-145777,0,4,spy2,0.3526020217,0.44757788850985986
ACRIN-6698-146987,0,0,spy2,0.420374149,0.2897008681844297
ACRIN-6698-148357,0,1,spy2,0.5394851884999999,0.18149500350630735
ACRIN-6698-150547,0,2,spy2,0.422353568,0.27958659968374666
ACRIN-6698-152090,1,4,spy2,0.5682506315,0.3435772551343015
ACRIN-6698-169918,0,3,spy2,0.27924419325,0.2600973406518827
ACRIN-6698-172366,1,3,spy2,0.707981917,0.5166651975085232
ACRIN-6698-179568,0,0,spy2,0.511885119,0.3030298366430812
ACRIN-6698-188700,1,1,spy2,0.50179186,0.5729979452623672
ACRIN-6698-202535,0,2,spy2,0.3974270275,0.5876086278963443
ACRIN-6698-209967,0,4,spy2,0.4992310064999999,0.3053129993847411
ACRIN-6698-213913,1,3,spy2,0.588343596,0.7352613393013719
ACRIN-6698-218503,0,0,spy2,0.3968169155,0.2922810201818246
ACRIN-6698-219545,0,1,spy2,0.4797866765,0.5213709110714979
ACRIN-6698-220471,0,2,spy2,0.4416929265,0.8395946625900627
ACRIN-6698-220925,0,4,spy2,0.4236015292499999,0.7899666849414182
ACRIN-6698-222135,0,1,spy2,0.2851110405,0.2802762604331394
ACRIN-6698-227055,0,2,spy2,0.4055178665,0.5177908789654813
ACRIN-6698-233191,0,0,spy2,0.4174652255,0.5288601402732369
ACRIN-6698-234723,0,3,spy2,0.4527191184999999,0.5620363150447804
ACRIN-6698-239910,0,4,spy2,0.3673246972,0.5894101895116716
ACRIN-6698-240957,0,0,spy2,0.436477152,0.2518439187626391
ACRIN-6698-241998,0,1,spy2,0.3706980729999999,0.3130693142270374
ACRIN-6698-253531,1,3,spy2,0.639213041,0.5290585454064111
ACRIN-6698-255388,1,2,spy2,0.488394616,0.8030871119544295
ACRIN-6698-263143,0,4,spy2,0.3031602542,0.6846152595631151
ACRIN-6698-264305,1,3,spy2,0.2159151335999999,0.596696380460019
ACRIN-6698-266840,0,0,spy2,0.399461664,0.5855787734576415
ACRIN-6698-275034,1,1,spy2,0.4734996125,0.6525959943119891
ACRIN-6698-277888,1,2,spy2,0.4735555935,0.2944828298627275
ACRIN-6698-283070,0,4,spy2,0.30189068175,0.4155775152686077
ACRIN-6698-284443,0,3,spy2,0.5363359245,0.47981455221591385
ACRIN-6698-284593,0,0,spy2,0.4409336075,0.6628384401606234
ACRIN-6698-285339,1,1,spy2,0.517192925,0.7571995193635669
ACRIN-6698-287961,1,2,spy2,0.587879533,0.5084602222399861
ACRIN-6698-293142,0,4,spy2,0.674150396,0.18054694885344894
ACRIN-6698-296123,1,1,spy2,0.4940810255,0.6019823285482346
ACRIN-6698-296841,1,3,spy2,0.684424209,0.46863770386696263
ACRIN-6698-298101,0,0,spy2,0.4504952765,0.3846398827436678
ACRIN-6698-299962,0,2,spy2,0.4254820334999999,0.4538410183811235
ACRIN-6698-301665,0,4,spy2,0.6598032345,0.4216087222953961
ACRIN-6698-317402,0,3,spy2,0.849393443,0.3438902433122333
ACRIN-6698-317641,1,0,spy2,0.4325710769999999,0.7632282351944311
ACRIN-6698-320538,0,1,spy2,0.5198425915,0.5489975326452272
ACRIN-6698-323721,0,2,spy2,0.4452787995,0.2147375552806558
ACRIN-6698-326433,1,4,spy2,0.711788505,0.7347157224597317
ACRIN-6698-328160,0,1,spy2,0.4208786345,0.3459125781110984
ACRIN-6698-329076,0,0,spy2,0.419038074,0.3267569492491856
ACRIN-6698-335536,0,3,spy2,0.458059827,0.2742267481580809
ACRIN-6698-342959,1,4,spy2,0.3930149065,0.521780800617553
ACRIN-6698-343898,0,2,spy2,0.569084091,0.5208552564877696
ACRIN-6698-345907,0,0,spy2,0.436534526,0.5335841021109637
ACRIN-6698-355942,0,2,spy2,0.4568625515,0.2611479359347092
ACRIN-6698-356431,1,3,spy2,0.6890719005,0.7091182171953279
ACRIN-6698-361701,0,4,spy2,0.4652947115,0.36769268864505616
ACRIN-6698-373346,0,1,spy2,0.5561010655,0.2663148960625442
ACRIN-6698-375954,0,4,spy2,0.2750694597499999,0.8546989794796946
ACRIN-6698-384830,0,0,spy2,0.3715586535,0.5287616724714204
ACRIN-6698-396723,0,1,spy2,0.3897466535,0.42413142335588144
ACRIN-6698-397505,1,2,spy2,0.5377587764999999,0.6020910570414477
ACRIN-6698-399478,1,3,spy2,0.6841504065,0.6375968818827423
ACRIN-6698-401215,0,4,spy2,0.7417946245,0.3306615171089871
ACRIN-6698-407539,0,3,spy2,0.619966555,0.27268594537758745
ACRIN-6698-408692,1,0,spy2,0.4191676574999999,0.7794347497185229
ACRIN-6698-409288,0,1,spy2,0.5225632635,0.5234599752796972
ACRIN-6698-417474,1,2,spy2,0.527914295,0.6376176534229987
ACRIN-6698-421917,0,2,spy2,0.4395612315,0.6327539852556605
ACRIN-6698-422013,0,0,spy2,0.394830665,0.6254915858733544
ACRIN-6698-429220,0,1,spy2,0.569518434,0.5682610416223768
ACRIN-6698-432114,1,4,spy2,0.721629987,0.541947478956225
ACRIN-6698-435279,0,3,spy2,0.4523408974999999,0.2509116308814747
ACRIN-6698-460642,0,3,spy2,0.5485472490000001,0.2868708962967867
ACRIN-6698-462582,0,0,spy2,0.444611479,0.27360994348884976
ACRIN-6698-465008,0,1,spy2,0.4930200715,0.3193083683594815
ACRIN-6698-474874,1,2,spy2,0.4405478129999999,0.7684504676156046
ACRIN-6698-490023,1,4,spy2,0.5577198195,0.8439340754318408
ACRIN-6698-490805,1,1,spy2,0.5258310214999999,0.6221616731986666
ACRIN-6698-506623,0,0,spy2,0.3934953625,0.38339104279029945
ACRIN-6698-511851,0,2,spy2,0.422828687,0.25957282457442604
ACRIN-6698-516763,1,3,spy2,0.424212584,0.695527031211693
ACRIN-6698-516834,0,4,spy2,0.4103682525,0.40104257997566106
ACRIN-6698-520471,1,1,spy2,0.5486614949999999,0.34874387350393693
ACRIN-6698-522140,0,0,spy2,0.356761683,0.2690170366146067
ACRIN-6698-530095,0,2,spy2,0.4116894375,0.3317702005616896
ACRIN-6698-531988,1,3,spy2,0.212376096535,0.7583619840811784
ACRIN-6698-563681,0,4,spy2,0.4999600454999999,0.2611843615549043
ACRIN-6698-571995,0,0,spy2,0.4134433985,0.47307779588063675
ACRIN-6698-573919,0,1,spy2,0.359424426,0.7729180950308309
ACRIN-6698-580632,0,2,spy2,0.4275739169999999,0.20077350482403714
ACRIN-6698-584561,1,3,spy2,0.5017423305000001,0.8074014885280263
ACRIN-6698-587604,0,4,spy2,0.369323404,0.6520457759450144
ACRIN-6698-587691,1,0,spy2,0.5665436575,0.45669080282586405
ACRIN-6698-591810,1,2,spy2,0.5294735665,0.4035575653977792
ACRIN-6698-598835,0,1,spy2,0.503884574,0.7992911517324265
ACRIN-6698-609151,1,4,spy2,0.6032570460000001,0.8690895523076921
ACRIN-6698-618717,0,3,spy2,0.640762541,0.7103767263881311
ACRIN-6698-618860,0,3,spy2,0.515319254,0.25757286444911576
ACRIN-6698-628788,0,0,spy2,0.3882495259999999,0.6869934337678172
ACRIN-6698-629371,1,1,spy2,0.567291341,0.7687103319021601
ACRIN-6698-629606,0,4,spy2,0.639457319,0.6198210279583587
ACRIN-6698-631299,0,2,spy2,0.5353774005,0.6679106411550956
ACRIN-6698-635632,1,0,spy2,0.4854664775,0.8340818369660885
ACRIN-6698-638126,0,1,spy2,0.5409850165,0.18181500213295582
ACRIN-6698-641246,1,2,spy2,0.4781321209999999,0.5139639952610633
ACRIN-6698-641697,0,4,spy2,0.5180052980000001,0.39296553203267054
ACRIN-6698-641977,0,3,spy2,0.6285187045,0.24674916755632922
ACRIN-6698-649198,0,3,spy2,0.4368444509999999,0.8143172084347252
ACRIN-6698-652480,0,0,spy2,0.395098236,0.5930680352891482
ACRIN-6698-653927,1,1,spy2,0.4638585935,0.6207723824084715
ACRIN-6698-654021,0,2,spy2,0.5783459425,0.42435157935904966
ACRIN-6698-654064,0,4,spy2,0.472810066,0.3082019518369133
ACRIN-6698-655128,0,3,spy2,0.4781786555,0.2958795023298579
ACRIN-6698-661730,1,0,spy2,0.372894175,0.6603291380407192
ACRIN-6698-663144,0,1,spy2,0.476112894,0.26394400523573225
ACRIN-6698-664111,1,2,spy2,0.437170151,0.626179851556288
ACRIN-6698-683896,0,4,spy2,0.6149890570000001,0.24634388831346732
ACRIN-6698-685795,0,0,spy2,0.4062536719999999,0.45718666643148387
ACRIN-6698-688291,0,3,spy2,0.5205212185,0.23526163234524827
ACRIN-6698-688955,0,1,spy2,0.4845248159999999,0.3386652387121015
ACRIN-6698-689480,0,2,spy2,0.3137162445,0.25060940789351055
ACRIN-6698-690089,0,4,spy2,0.42287598,0.6813392563820969
ACRIN-6698-691753,0,0,spy2,0.424874284,0.30455447105253086
ACRIN-6698-698094,0,3,spy2,0.4369770544999999,0.28499486761128734
ACRIN-6698-706639,0,4,spy2,0.683346419,0.6346227707462704
ACRIN-6698-721099,0,1,spy2,0.3945848225,0.5790265986098256
ACRIN-6698-724293,1,2,spy2,0.44246947,0.6501910869226623
ACRIN-6698-724384,0,0,spy2,0.405063669,0.36782831540322447
ACRIN-6698-738041,1,2,spy2,0.508736751,0.6377498384010636
ACRIN-6698-748583,0,1,spy2,0.4282356845,0.26490210266426534
ACRIN-6698-748611,1,3,spy2,0.5209143725,0.22706772715688883
ACRIN-6698-753109,1,4,spy2,0.633024314,0.5691482321079505
ACRIN-6698-755914,1,4,spy2,0.7832331115,0.6534693732566332
ACRIN-6698-760011,1,0,spy2,0.4186541815,0.5593240929361203
ACRIN-6698-760901,1,1,spy2,0.4546551394999999,0.6202481714167385
ACRIN-6698-765671,1,2,spy2,0.424850859,0.563546838007433
ACRIN-6698-771151,1,3,spy2,0.5214402025,0.5896562586446465
ACRIN-6698-771443,0,4,spy2,0.5261547195,0.43191692079944627
ACRIN-6698-774840,1,0,spy2,0.3972240675,0.4722086879492543
ACRIN-6698-775346,0,1,spy2,0.4760571275,0.2957798279528714
ACRIN-6698-779739,1,2,spy2,0.678332312,0.5864166031311114
ACRIN-6698-783764,0,3,spy2,0.5119885475,0.2942441657333996
ACRIN-6698-786753,0,4,spy2,0.3147966961,0.7869026787105807
ACRIN-6698-792181,1,0,spy2,0.483357838,0.556406590438037
ACRIN-6698-793155,0,1,spy2,0.402927444,0.3286591732243021
ACRIN-6698-794128,0,2,spy2,0.4682193845,0.5746369004334895
ACRIN-6698-799149,1,3,spy2,0.5200636975,0.592131167956741
ACRIN-6698-801641,0,1,spy2,0.5036168445,0.5584778383487488
ACRIN-6698-802308,0,4,spy2,0.3918018975,0.6243418324315421
ACRIN-6698-804979,0,0,spy2,0.4743542705,0.32534032786424116
ACRIN-6698-805136,0,2,spy2,0.4375874165,0.6819844484620481
ACRIN-6698-820807,1,3,spy2,0.4458145905,0.20161292653697657
ACRIN-6698-831848,1,0,spy2,0.396978339,0.8698575183689015
ACRIN-6698-839274,0,1,spy2,0.3197942185,0.3486948353099084
ACRIN-6698-845783,1,2,spy2,0.6223541825,0.38000998994296264
ACRIN-6698-856159,0,3,spy2,0.5628570457500001,0.6445829144711863
ACRIN-6698-860243,0,4,spy2,0.5376333615,0.20021697259895788
ACRIN-6698-861745,0,0,spy2,0.4957810875,0.4498995729959276
ACRIN-6698-863161,1,4,spy2,0.718060312,0.7801658634553069
ACRIN-6698-866660,0,1,spy2,0.4917906475,0.28269366490558756
ACRIN-6698-870077,0,2,spy2,0.537422811,0.2567135480206786
ACRIN-6698-875089,0,3,spy2,0.6433422775000001,0.6515614717262765
ACRIN-6698-879224,0,2,spy2,0.6425013545,0.6688795833537876
ACRIN-6698-882553,0,0,spy2,0.4895675634999999,0.23895247879473772
ACRIN-6698-884011,0,1,spy2,0.4119641129999999,0.25263546745374577
ACRIN-6698-894673,0,4,spy2,0.7421631995,0.5606412774440864
ACRIN-6698-896852,0,3,spy2,0.27663401745,0.4649459794014268
ACRIN-6698-899692,1,2,spy2,0.444150311,0.5523477066871172
ACRIN-6698-900959,0,3,spy2,0.7026713185,0.5481782102158484
ACRIN-6698-901705,0,0,spy2,0.46615883,0.3156545347367894
ACRIN-6698-913527,0,1,spy2,0.4076986895,0.60828015680093
ACRIN-6698-924071,0,4,spy2,0.3365021445,0.3047379142470862
ACRIN-6698-928170,0,0,spy2,0.420555869,0.1903431449485923
ACRIN-6698-928446,0,1,spy2,0.4638923025,0.3156477199186891
ACRIN-6698-928815,0,3,spy2,0.3025495648,0.5105485853209947
ACRIN-6698-929391,0,4,spy2,0.6555654344999999,0.5781461597498014
ACRIN-6698-929980,1,2,spy2,0.494134839,0.8473590966794572
ACRIN-6698-938719,0,2,spy2,0.428951089,0.22433893163109558
ACRIN-6698-942017,0,0,spy2,0.4114762289999999,0.2601512024170346
ACRIN-6698-943633,0,1,spy2,0.6227624924999999,0.6259183134798376
ACRIN-6698-946927,1,3,spy2,0.6792868015,0.776804905674578
ACRIN-6698-949444,0,4,spy2,0.44437707,0.5488238093402945
ACRIN-6698-960029,0,2,spy2,0.579900593,0.6856557225060277
ACRIN-6698-962153,0,3,spy2,0.4122626259999999,0.4885383936357042
ACRIN-6698-963303,0,0,spy2,0.4367214064999999,0.3956876612497751
ACRIN-6698-963604,0,1,spy2,0.504154518,0.24400149922386552
ACRIN-6698-970839,0,4,spy2,0.4815351045,0.27550333130145127
ACRIN-6698-971492,0,2,spy2,0.4206498214999999,0.34454029991869306
ACRIN-6698-982086,1,3,spy2,0.5129190015,0.8248269094692219
ACRIN-6698-987914,0,0,spy2,0.3658314735,0.5702647091168236
ACRIN-6698-991818,1,1,spy2,0.5828251905,0.51701045679982
ACRIN-6698-992609,1,4,spy2,0.4369156985,0.4998145229970702
ACRIN-6698-995480,0,2,spy2,0.473794251,0.48348656122044803
Breast_MRI_005,1,3,duke,0.4389866255,0.6041725656476504
Breast_MRI_009,1,0,duke,0.4802327695,0.5721268396283928
Breast_MRI_010,0,1,duke,0.457536379,0.5373850757184389
Breast_MRI_012,0,4,duke,0.44979238,0.4770636578345824
Breast_MRI_019,0,1,duke,0.4825520095,0.319880269104382
Breast_MRI_021,0,2,duke,0.3537029305,0.3771469635316469
Breast_MRI_022,0,0,duke,0.3788739285,0.5408538712598204
Breast_MRI_040,0,3,duke,0.4080621759999999,0.29293641438134554
Breast_MRI_041,0,4,duke,0.620941036,0.2348845444471219
Breast_MRI_043,0,0,duke,0.473941003,0.6149446604125721
Breast_MRI_044,1,4,duke,0.454795698,0.8988173427972623
Breast_MRI_046,0,1,duke,0.397589372,0.22048554566712683
Breast_MRI_053,0,3,duke,0.4135313365,0.3379668702475065
Breast_MRI_056,0,2,duke,0.3544399884999999,0.5572785861662832
Breast_MRI_057,0,0,duke,0.4382372595,0.27089638029054847
Breast_MRI_061,1,2,duke,0.4451931,0.4877913813999239
Breast_MRI_064,0,1,duke,0.4504200685,0.6534945554698268
Breast_MRI_069,0,3,duke,0.508183608,0.41981491319175274
Breast_MRI_082,0,4,duke,0.447668224,0.35672825697170496
Breast_MRI_086,0,0,duke,0.4781570324999999,0.56282202164049
Breast_MRI_090,0,4,duke,0.2630886743,0.614946633212216
Breast_MRI_091,0,1,duke,0.4378956155,0.2096516859691476
Breast_MRI_097,0,2,duke,0.433799035,0.5180395931852987
Breast_MRI_099,1,3,duke,0.2376682762499999,0.5411778028641615
Breast_MRI_101,0,0,duke,0.4192606835,0.36991922709218406
Breast_MRI_103,0,1,duke,0.624982597,0.5980152600894694
Breast_MRI_104,0,2,duke,0.5329033715,0.2586438842968508
Breast_MRI_107,0,3,duke,0.5589709595000001,0.6065678585631984
Breast_MRI_114,0,4,duke,0.521090941,0.3692071338468651
Breast_MRI_115,1,1,duke,0.5025494045000001,0.5954637838566684
Breast_MRI_117,0,0,duke,0.557992716,0.7395584624310124
Breast_MRI_119,0,2,duke,0.3687787514999999,0.4182087638952966
Breast_MRI_123,0,3,duke,0.4014094144999999,0.3658699147550761
Breast_MRI_129,0,4,duke,0.5147162985,0.7121155381824998
Breast_MRI_134,1,1,duke,0.636314957,0.6858736090082747
Breast_MRI_136,0,0,duke,0.3445215275,0.40622711161014474
Breast_MRI_137,0,2,duke,0.3883283859999999,0.31105328280775146
Breast_MRI_141,0,3,duke,0.3479029205,0.4829393835777432
Breast_MRI_142,1,4,duke,0.372535269,0.41509076050148225
Breast_MRI_144,1,0,duke,0.439693966,0.8028306086201411
Breast_MRI_148,0,1,duke,0.389643914,0.5155162098260371
Breast_MRI_150,0,2,duke,0.3192531975,0.18034166424237938
Breast_MRI_156,0,3,duke,0.437413986,0.6043539074036661
Breast_MRI_157,1,4,duke,0.4742606119999999,0.29322008114372977
Breast_MRI_160,0,3,duke,0.567041334,0.6913622969540202
Breast_MRI_163,0,0,duke,0.452899074,0.3531855098622866
Breast_MRI_167,0,2,duke,0.4132574499999999,0.33895861159653123
Breast_MRI_168,0,1,duke,0.5584590235,0.3582909925919801
Breast_MRI_180,0,4,duke,0.3147561149,0.15879266705890555
Breast_MRI_189,0,1,duke,0.5309627994999999,0.5309575219397994
Breast_MRI_198,0,2,duke,0.42335467,0.28462491915783883
Breast_MRI_205,0,0,duke,0.3775639915,0.2798907961319421
Breast_MRI_217,1,4,duke,0.4368498609999999,0.5018417196144006
Breast_MRI_228,0,3,duke,0.3657206205,0.2252829020322443
Breast_MRI_233,0,0,duke,0.401363115,0.6751570171510592
Breast_MRI_234,0,1,duke,0.349517444,0.527235388519217
Breast_MRI_237,0,2,duke,0.4299336649999999,0.3300433172782367
Breast_MRI_239,0,4,duke,0.284849058,0.5355816863522211
Breast_MRI_240,0,3,duke,0.716305946,0.41399497236548466
Breast_MRI_244,0,2,duke,0.4538672525,0.6064475827650392
Breast_MRI_253,1,3,duke,0.3096186535999999,0.6406628455054525
Breast_MRI_255,1,0,duke,0.4441310145,0.46736636580388885
Breast_MRI_260,0,1,duke,0.308522705,0.5643527953807798
Breast_MRI_265,0,4,duke,0.2875852675,0.6343303632697935
Breast_MRI_268,0,0,duke,0.4797912669999999,0.33371789291195403
Breast_MRI_269,0,1,duke,0.456553624,0.21700426658103422
Breast_MRI_283,0,3,duke,0.8715500304999999,0.6636473038932701
Breast_MRI_287,0,2,duke,0.495257974,0.3038632944195858
Breast_MRI_290,0,4,duke,0.3111530485,0.4159154189216174
Breast_MRI_293,0,0,duke,0.478433392,0.4860024747815193
Breast_MRI_298,0,1,duke,0.4731072345,0.30175484516795625
Breast_MRI_301,1,3,duke,0.1974112668285,0.31570661147752166
Breast_MRI_303,0,2,duke,0.4834062209999999,0.2992160940003675
Breast_MRI_306,0,4,duke,0.2696470629999999,0.8386025643492734
Breast_MRI_307,0,2,duke,0.441584506,0.5343621500131578
Breast_MRI_321,0,0,duke,0.4148824539999999,0.8063737926595038
Breast_MRI_323,0,1,duke,0.5393339659999999,0.36928020235009645
Breast_MRI_328,1,4,duke,0.531793432,0.5903381432577828
Breast_MRI_333,0,3,duke,0.5151561545,0.41096164727724066
Breast_MRI_350,1,0,duke,0.4857051205,0.2626152868894693
Breast_MRI_356,0,1,duke,0.5366111495,0.2999947562323009
Breast_MRI_368,0,2,duke,0.480533619,0.6255853363002462
Breast_MRI_372,0,3,duke,0.469381066,0.40838453674778896
Breast_MRI_377,1,4,duke,0.3477471625,0.6802944181899039
Breast_MRI_378,0,0,duke,0.4833043695,0.19930281346046425
Breast_MRI_383,0,1,duke,0.3712985875,0.5023286745497417
Breast_MRI_385,0,2,duke,0.4235136895,0.2719513909897736
Breast_MRI_386,0,4,duke,0.5467037175,0.8206891173195923
Breast_MRI_387,0,3,duke,0.309638319,0.2951636446181792
Breast_MRI_397,0,0,duke,0.450550328,0.596236706362665
Breast_MRI_398,1,1,duke,0.563939204,0.7642851325236252
Breast_MRI_399,0,3,duke,0.45297581,0.36829360583379744
Breast_MRI_408,1,2,duke,0.416789075,0.5137219542961787
Breast_MRI_412,0,4,duke,0.4676247434999999,0.2117734281658717
Breast_MRI_414,0,2,duke,0.414367295,0.5677828097125601
Breast_MRI_420,1,0,duke,0.4202222479999999,0.633416311666664
Breast_MRI_424,1,1,duke,0.4499585674999999,0.6277716293640774
Breast_MRI_431,0,3,duke,0.3268970331999999,0.8578331409268599
Breast_MRI_435,0,4,duke,0.5183542975,0.5378696896481765
Breast_MRI_438,1,0,duke,0.4746050995,0.6419822052818923
Breast_MRI_441,0,1,duke,0.3424489465,0.27051867619964465
Breast_MRI_444,1,2,duke,0.439676987,0.7327810346403738
Breast_MRI_450,0,3,duke,0.6481450842857143,0.28980502786144385
Breast_MRI_454,0,4,duke,0.3647783985,0.21812778422082124
Breast_MRI_464,0,3,duke,0.5246605555,0.25675244066410746
Breast_MRI_465,0,0,duke,0.4961465145,0.421439272478115
Breast_MRI_468,0,1,duke,0.52623509,0.8351267421779085
Breast_MRI_473,0,2,duke,0.3704768605,0.6693217638711202
Breast_MRI_480,0,4,duke,0.484347902,0.265105033344081
Breast_MRI_482,1,3,duke,0.8072244470000001,0.7867596112050247
Breast_MRI_486,0,4,duke,0.3747279487,0.35984322248941125
Breast_MRI_489,1,0,duke,0.427624176,0.653547984936294
Breast_MRI_491,0,1,duke,0.418545613,0.47693826900926156
Breast_MRI_501,1,2,duke,0.5370187019999999,0.28486438209224507
Breast_MRI_506,0,0,duke,0.43080929,0.39134061510273566
Breast_MRI_508,0,1,duke,0.4299591465,0.5332098099884456
Breast_MRI_512,1,2,duke,0.417215106,0.27127801668675683
Breast_MRI_517,0,3,duke,0.384646417,0.2313313910278634
Breast_MRI_521,0,4,duke,0.192589512275,0.2733742291146004
Breast_MRI_525,1,4,duke,0.4522698715,0.8560423385174789
Breast_MRI_527,0,0,duke,0.4425962529999999,0.3645071949851646
Breast_MRI_530,0,1,duke,0.3524154105,0.314493455365538
Breast_MRI_534,0,2,duke,0.458212586,0.40333449991496717
Breast_MRI_539,1,3,duke,0.6062115895,0.39757413903931904
Breast_MRI_541,0,0,duke,0.394230602,0.6067176404655484
Breast_MRI_543,0,3,duke,0.448032201,0.5176417929231815
Breast_MRI_558,0,1,duke,0.530089853,0.8157749740259329
Breast_MRI_559,1,4,duke,0.23765431825,0.8453124822641649
Breast_MRI_560,0,2,duke,0.39115381,0.291882098738486
Breast_MRI_562,1,0,duke,0.5579527265,0.5794858965211235
Breast_MRI_568,0,1,duke,0.3951265515,0.6616660395007298
Breast_MRI_573,0,2,duke,0.417010052,0.27029445399731666
Breast_MRI_577,1,3,duke,0.565201391,0.8236215733038722
Breast_MRI_585,0,4,duke,0.4299396798,0.3877967147689022
Breast_MRI_590,0,3,duke,0.8738507959999999,0.38243683883811774
Breast_MRI_592,0,0,duke,0.37402378,0.25592550297436445
Breast_MRI_595,0,1,duke,0.4565485185,0.32082735768708953
Breast_MRI_596,0,2,duke,0.4141511055,0.1867364901714885
Breast_MRI_597,0,4,duke,0.29604068535,0.3094159742618552
Breast_MRI_600,0,1,duke,0.54030411,0.2813011347215145
Breast_MRI_605,0,0,duke,0.429030662,0.36184078924130525
Breast_MRI_607,0,3,duke,0.5159701680000001,0.6313420017185154
Breast_MRI_609,0,4,duke,0.5121910885000001,0.22794693766123594
Breast_MRI_610,0,2,duke,0.6276942099999999,0.6233711946709051
Breast_MRI_612,0,0,duke,0.4683274884999999,0.6571263777610944
Breast_MRI_614,1,1,duke,0.4947326875,0.6813988848497825
Breast_MRI_615,1,2,duke,0.418942912,0.447888176811497
Breast_MRI_618,0,3,duke,0.2985665565,0.2447510839164823
Breast_MRI_623,0,4,duke,0.4331223549999999,0.35296519580328367
Breast_MRI_626,0,0,duke,0.4616163975,0.2674470425499731
Breast_MRI_633,1,1,duke,0.392391712,0.2793099668132556
Breast_MRI_640,0,4,duke,0.566796066,0.27628463998301256
Breast_MRI_642,0,2,duke,0.465633435,0.5298180593074829
Breast_MRI_648,0,3,duke,0.567258789,0.3120708812353791
Breast_MRI_650,0,2,duke,0.4632366904999999,0.3544571542397314
Breast_MRI_651,0,0,duke,0.4426066466666666,0.3038351967364761
Breast_MRI_652,1,1,duke,0.54220799,0.7904497786165542
Breast_MRI_656,1,3,duke,0.585194972,0.6194563904404292
Breast_MRI_660,0,4,duke,0.2976151055,0.7448653360265651
Breast_MRI_662,0,2,duke,0.348391822,0.5953389697964407
Breast_MRI_666,0,4,duke,0.4373103685,0.6201052755536622
Breast_MRI_670,0,0,duke,0.504466779,0.24556118521040107
Breast_MRI_677,0,1,duke,0.478872829,0.3372816108622531
Breast_MRI_679,0,3,duke,0.517295418,0.7964825433182517
Breast_MRI_681,0,0,duke,0.3932147095,0.5240765556410392
Breast_MRI_684,0,2,duke,0.3865001744999999,0.32684058065186283
Breast_MRI_685,0,4,duke,0.23665853195,0.24701112934638678
Breast_MRI_687,0,1,duke,0.386290102,0.8321349309813171
Breast_MRI_693,0,3,duke,0.19699110057,0.5579098033697406
Breast_MRI_694,0,1,duke,0.368844765,0.24656032497846478
Breast_MRI_697,0,0,duke,0.444136616,0.33970436190928094
Breast_MRI_705,0,2,duke,0.324934752,0.24588085585085467
Breast_MRI_717,0,4,duke,0.31873433585,0.3723457590833987
Breast_MRI_723,0,3,duke,0.431215904,0.5898432096568689
Breast_MRI_724,0,0,duke,0.4896672605,0.15883379256034755
Breast_MRI_735,1,1,duke,0.3567007795,0.5475123121662889
Breast_MRI_746,0,3,duke,0.773491737,0.29701118115248437
Breast_MRI_757,0,2,duke,0.4507860205,0.6731466834201164
Breast_MRI_758,0,4,duke,0.435824694,0.8476516386537917
Breast_MRI_762,0,2,duke,0.2301720964999999,0.6900844011156857
Breast_MRI_774,1,0,duke,0.460567758,0.723871435610562
Breast_MRI_776,0,1,duke,0.4301950105,0.1951322243224267
Breast_MRI_778,0,3,duke,0.5408047144999999,0.47387432856401135
Breast_MRI_789,0,4,duke,0.6912829585,0.3656880152529905
Breast_MRI_805,0,1,duke,0.466894701,0.33407502653470456
Breast_MRI_809,0,0,duke,0.438694798,0.25973827131741856
Breast_MRI_812,1,2,duke,0.5203701395,0.545608711713473
Breast_MRI_816,0,4,duke,0.579032895,0.3904876816804903
Breast_MRI_817,1,3,duke,0.37670235,0.665351455409526
Breast_MRI_830,1,0,duke,0.4557420965,0.6833981254561541
Breast_MRI_831,0,1,duke,0.520897132,0.23886916198397595
Breast_MRI_836,0,2,duke,0.5549801091666667,0.3812658065324786
Breast_MRI_847,0,3,duke,0.417499091,0.709410981720259
Breast_MRI_851,0,4,duke,0.2643187852,0.2300971822981788
Breast_MRI_857,0,2,duke,0.4097389185,0.2066799957079339
Breast_MRI_860,0,0,duke,0.562093605,0.33221453962215525
Breast_MRI_865,0,4,duke,0.5322138384999999,0.3289659595143384
Breast_MRI_874,0,1,duke,0.470790848,0.2631105682233822
Breast_MRI_877,0,3,duke,0.3196302723,0.33010196832525107
Breast_MRI_879,0,2,duke,0.484405755,0.44745445223569463
Breast_MRI_882,1,0,duke,0.483730439,0.626259292420042
Breast_MRI_883,1,1,duke,0.316843776,0.571216082027056
Breast_MRI_884,0,3,duke,0.404738121,0.5176293569767358
Breast_MRI_891,0,4,duke,0.6510542455,0.7022938621448539
Breast_MRI_899,0,0,duke,0.5072225214999999,0.34423376863505184
Breast_MRI_900,0,2,duke,0.4392378245,0.24793225039932187
Breast_MRI_901,0,4,duke,0.5325132404999999,0.2028184161050727
Breast_MRI_914,0,1,duke,0.4432483815,0.5681850564492131
Breast_MRI_916,0,3,duke,0.6891978974999999,0.29385994473621696
ISPY1_1001,0,0,spy1,0.375634729,0.33370074313428666
ISPY1_1002,0,1,spy1,0.2880075165,0.35274215374879836
ISPY1_1003,0,2,spy1,0.392501091,0.2699704752007644
ISPY1_1005,0,3,spy1,0.58875567,0.2467366596655695
ISPY1_1007,0,4,spy1,0.2912565705,0.3211550103469627
ISPY1_1008,0,1,spy1,0.3062631644999999,0.29250908119124636
ISPY1_1011,1,2,spy1,0.414490672,0.6983625112452801
ISPY1_1012,0,0,spy1,0.444356112,0.2167271475801871
ISPY1_1025,0,3,spy1,0.3503988731999999,0.26778187493183603
ISPY1_1027,0,4,spy1,0.623657927,0.6248364949787422
ISPY1_1029,0,1,spy1,0.411695642,0.4873576325865901
ISPY1_1031,0,2,spy1,0.349512395,0.2337645540819781
ISPY1_1034,0,4,spy1,0.277773322665,0.5518513421424764
ISPY1_1035,0,0,spy1,0.563113639,0.49633244808301225
ISPY1_1036,0,3,spy1,0.3808170725,0.8003670712094348
ISPY1_1037,0,1,spy1,0.3314600175,0.4855029469353266
ISPY1_1038,0,2,spy1,0.4235698069999999,0.6599901550801291
ISPY1_1040,0,0,spy1,0.3808639835,0.4689480312417001
ISPY1_1053,0,3,spy1,0.6070914945,0.30732043368063516
ISPY1_1054,0,4,spy1,0.449385484,0.552049472962214
ISPY1_1056,0,0,spy1,0.415910265,0.7983920912812705
ISPY1_1060,0,1,spy1,0.5270303015,0.15762453036580518
ISPY1_1061,0,4,spy1,0.3692734472,0.7690817900080755
ISPY1_1062,0,2,spy1,0.3618547285,0.30665338703032696
ISPY1_1064,0,4,spy1,0.260448997905,0.47439907961613703
ISPY1_1066,0,3,spy1,0.6212772025000001,0.5658938339941588
ISPY1_1069,0,0,spy1,0.420786654,0.26138301243369627
ISPY1_1070,1,1,spy1,0.4030200115,0.33374888550793985
ISPY1_1072,0,3,spy1,0.134972355365,0.6373638146328781
ISPY1_1074,0,2,spy1,0.429324635,0.29049666962420384
ISPY1_1075,1,0,spy1,0.366800976,0.678996014297523
ISPY1_1077,1,1,spy1,0.4570408985,0.5728744186924494
ISPY1_1078,1,3,spy1,0.25868016665,0.39472246485889806
ISPY1_1084,0,4,spy1,0.4015364274999999,0.5312053477493315
ISPY1_1087,1,2,spy1,0.444432477,0.8283885426877021
ISPY1_1089,0,0,spy1,0.5004520345,0.1363382719278198
ISPY1_1097,0,1,spy1,0.478836594,0.5740546684137291
ISPY1_1099,1,2,spy1,0.402474117,0.5410453621226928
ISPY1_1100,0,3,spy1,0.4684749685,0.2454171070869687
ISPY1_1101,0,4,spy1,0.40824132855,0.762272712616028
ISPY1_1103,1,3,spy1,0.3828334683,0.7239531976566754
ISPY1_1104,1,0,spy1,0.47998542,0.7118300280006042
ISPY1_1107,0,4,spy1,0.36695699535,0.29981290801113775
ISPY1_1112,1,1,spy1,0.39529881,0.8312835382499808
ISPY1_1114,0,2,spy1,0.422498586,0.26407216342809914
ISPY1_1120,0,0,spy1,0.3846907805,0.42767014412862747
ISPY1_1122,0,1,spy1,0.462333785,0.767293100700119
ISPY1_1124,0,2,spy1,0.4734243245,0.7116751960319331
ISPY1_1128,0,3,spy1,0.352776300975,0.7122390514934704
ISPY1_1130,1,4,spy1,0.4765337109999999,0.4515621210021583
ISPY1_1134,0,0,spy1,0.394642866,0.3355415654705126
ISPY1_1135,0,1,spy1,0.4636251585,0.603957964310449
ISPY1_1139,1,2,spy1,0.4582492605,0.48006748496855456
ISPY1_1140,0,3,spy1,0.37816360295,0.3001304215463139
ISPY1_1141,0,4,spy1,0.39115001075,0.7607967593826842
ISPY1_1144,1,4,spy1,0.548280809,0.4309669781782504
ISPY1_1147,0,0,spy1,0.405774215,0.44735135994833375
ISPY1_1148,1,1,spy1,0.706974208,0.8273397667260846
ISPY1_1152,0,2,spy1,0.440713661,0.5590739290330347
ISPY1_1155,1,3,spy1,0.5683847945,0.5718586503658535
ISPY1_1156,1,4,spy1,0.1613781518499999,0.6782514823693013
ISPY1_1159,0,0,spy1,0.429571993,0.38099845938158255
ISPY1_1161,0,1,spy1,0.3188102535,0.7366492258179302
ISPY1_1164,0,2,spy1,0.4170349525,0.23417486689885278
ISPY1_1167,0,3,spy1,0.3997666844999999,0.37431249455435756
ISPY1_1169,0,3,spy1,0.219283787585,0.6213504033163503
ISPY1_1173,0,0,spy1,0.4718626645,0.37933622583335586
ISPY1_1176,1,1,spy1,0.431414748,0.8142665781241532
ISPY1_1177,1,2,spy1,0.4899488975,0.8780395407952521
ISPY1_1179,0,4,spy1,0.5603140695,0.6256999025855104
ISPY1_1181,0,2,spy1,0.4240288945,0.2710564356962065
ISPY1_1183,0,0,spy1,0.4594991085,0.26021197242872296
ISPY1_1184,1,1,spy1,0.590468604,0.5541548548401636
ISPY1_1187,0,3,spy1,0.6226972395000001,0.4241553038117715
ISPY1_1188,0,4,spy1,0.5908293895,0.7851124697878508
ISPY1_1189,1,0,spy1,0.41830792,0.6998236291554233
ISPY1_1191,0,3,spy1,0.4051000785,0.3137149289319996
ISPY1_1193,0,1,spy1,0.612265105,0.2658123581392734
ISPY1_1194,0,2,spy1,0.4174269685,0.19574344265143168
ISPY1_1196,0,4,spy1,0.4655848635,0.6677563583114985
ISPY1_1197,0,2,spy1,0.4827886865,0.24753426591916503
ISPY1_1198,0,0,spy1,0.4146817024999999,0.2926541615779058
ISPY1_1199,0,1,spy1,0.511164051,0.6412485036844207
ISPY1_1204,0,3,spy1,0.446504731,0.6530134278237805
ISPY1_1205,0,4,spy1,0.4074350727999999,0.141007501437509
ISPY1_1208,1,0,spy1,0.433942163,0.5978823487791518
ISPY1_1212,1,2,spy1,0.7043149635,0.7432828655417718
ISPY1_1215,1,1,spy1,0.6279127045,0.44328413501179315
ISPY1_1217,0,4,spy1,0.34341689875,0.3656519707177497
ISPY1_1218,0,3,spy1,0.4702960045,0.6186591812129345
ISPY1_1219,0,3,spy1,0.38788119,0.2723286443718994
ISPY1_1222,0,0,spy1,0.4387648975,0.7563804654314422
ISPY1_1223,0,1,spy1,0.493432621,0.2794622385458577
ISPY1_1225,0,2,spy1,0.438554338,0.34662121061320755
ISPY1_1227,1,4,spy1,0.7864786125000001,0.747165815858295
ISPY1_1228,1,2,spy1,0.4016083769999999,0.6979028015907743
ISPY1_1230,0,0,spy1,0.2942121354999999,0.2390582687942917
ISPY1_1231,0,1,spy1,0.3747499105,0.2394654611197183
ISPY1_1233,0,3,spy1,0.36825625405,0.46627893076484633
ISPY1_1235,1,4,spy1,0.2541015867,0.7528846731997766
ISPY1_1236,0,2,spy1,0.470890161,0.39683516484589115
ISPY1_1237,0,0,spy1,0.3833435585,0.5772015826670327
ISPY1_1238,0,1,spy1,0.361095698,0.4515522892750734
ISPY1_1239,0,3,spy1,0.432843819,0.3551045136059999
ISPY2-100899,0,4,spy2,0.6632949079999999,0.6502399912246699
ISPY2-102011,1,3,spy2,0.32508904275,0.4636547304832733
ISPY2-103693,0,0,spy2,0.476222569,0.2659472387268642
ISPY2-104384,0,2,spy2,0.431771105,0.29116923174323417
ISPY2-105286,0,1,spy2,0.6152053654999999,0.2722104197098169
ISPY2-105513,1,4,spy2,0.427469312,0.2916552369847963
ISPY2-108939,1,0,spy2,0.400052088,0.7033647670094488
ISPY2-109623,0,1,spy2,0.4452384805,0.34774251512415966
ISPY2-109980,1,2,spy2,0.4666648725,0.44110024121065844
ISPY2-111004,0,3,spy2,0.4693275725,0.19037268770705482
ISPY2-111646,0,2,spy2,0.624658659,0.1977336356291424
ISPY2-111881,1,4,spy2,0.45227815,0.6304724019784965
ISPY2-114087,0,4,spy2,0.4969910125,0.27400932746198947
ISPY2-115638,0,0,spy2,0.3899125455,0.6480968785449729
ISPY2-117424,1,3,spy2,0.761533738,0.6944565020976448
ISPY2-117707,1,1,spy2,0.545348599,0.5213877232712013
ISPY2-120001,0,2,spy2,0.3433390515,0.6922193794274042
ISPY2-120422,1,0,spy2,0.4259710339999999,0.26436130209563174
ISPY2-122287,1,1,spy2,0.314938604,0.3768431890625027
ISPY2-122579,0,2,spy2,0.577429618,0.2565587469420111
ISPY2-122795,0,3,spy2,0.490083178,0.6808266534469125
ISPY2-125130,1,4,spy2,0.659517271,0.8041605988701606
ISPY2-125418,0,2,spy2,0.5356639385,0.307944459717213
ISPY2-127675,0,0,spy2,0.375078624,0.4746727594222947
ISPY2-127791,0,1,spy2,0.6040002075,0.5484047504666899
ISPY2-128051,0,3,spy2,0.19436128985,0.5012392395189341
ISPY2-128675,1,4,spy2,0.614860873,0.16612722071616468
ISPY2-129837,0,0,spy2,0.413939034,0.4443259112632382
ISPY2-129973,1,2,spy2,0.4428140424999999,0.6620567215101544
ISPY2-130892,1,4,spy2,0.2564280452499999,0.21544869875943962
ISPY2-131595,0,1,spy2,0.5468831805,0.31511467712156377
ISPY2-132463,1,3,spy2,0.3430124513,0.32821861475714353
ISPY2-133650,0,0,spy2,0.416247629,0.25892103798151445
ISPY2-134526,1,1,spy2,0.3548799365,0.743992358254148
ISPY2-136536,1,3,spy2,0.3854757095,0.7129403762062972
ISPY2-138425,1,2,spy2,0.505164822,0.7153607099608972
ISPY2-139771,1,4,spy2,0.6187978295,0.40847040609789864
ISPY2-141782,0,0,spy2,0.4107014679999999,0.5338160331825558
ISPY2-142688,0,1,spy2,0.4594797224999999,0.6221401312849825
ISPY2-145513,0,2,spy2,0.4435638755,0.6654790545172
ISPY2-146033,1,3,spy2,0.625160711,0.5492943120613256
ISPY2-147139,1,4,spy2,0.4142947287,0.532879394845496
ISPY2-149654,0,2,spy2,0.425197909,0.3188051539437897
ISPY2-151230,0,0,spy2,0.371786743,0.48449906113846697
ISPY2-151980,1,4,spy2,0.326092592,0.29435655904034896
ISPY2-153327,1,1,spy2,0.5500045809999999,0.6011704495875655
ISPY2-154293,0,3,spy2,0.4657840304999999,0.4455508693870193
ISPY2-155171,0,0,spy2,0.4512778825,0.19604590269681788
ISPY2-157270,0,1,spy2,0.5384938945,0.501845442076923
ISPY2-157463,0,3,spy2,0.420187112,0.31661513559233356
ISPY2-159284,0,2,spy2,0.4220287615,0.5197256604691175
ISPY2-159352,0,4,spy2,0.39576147,0.4837564336581733
ISPY2-160120,0,0,spy2,0.4252857975,0.25314308110507444
ISPY2-164468,0,1,spy2,0.3896561129999999,0.47397234477089584
ISPY2-166412,0,2,spy2,0.4547914289999999,0.5753365440197578
ISPY2-166782,0,3,spy2,0.464140801,0.48101572581062335
ISPY2-167271,0,4,spy2,0.3789202,0.7091822065041049
ISPY2-172168,0,2,spy2,0.533800952,0.6744414551470074
ISPY2-172283,0,0,spy2,0.486678765,0.5554330862317323
ISPY2-174903,0,1,spy2,0.554330838,0.2841728578421812
ISPY2-174904,0,3,spy2,0.7129403950000001,0.3580202418285714
ISPY2-177795,1,4,spy2,0.6625746785000001,0.5265464360013825
ISPY2-178649,1,0,spy2,0.487342381,0.5434930462848508
ISPY2-178815,0,1,spy2,0.483937245,0.27807422636723206
ISPY2-180027,1,2,spy2,0.4503401174999999,0.6679596991072787
ISPY2-181442,0,3,spy2,0.3398064515,0.42280924818873106
ISPY2-182346,0,4,spy2,0.4956704495,0.17565841046919173
ISPY2-183831,1,0,spy2,0.4608271415,0.2768582961544936
ISPY2-188091,1,4,spy2,0.518301064,0.8432179462279641
ISPY2-188511,0,1,spy2,0.5953618055,0.25110711634966876
ISPY2-190224,0,2,spy2,0.4354265794999999,0.1922020630237091
ISPY2-192548,0,3,spy2,0.3484166965,0.22492767987355702
ISPY2-194024,1,0,spy2,0.4427841939999999,0.34504973265552447
ISPY2-196024,0,1,spy2,0.387267151,0.3855656166805701
ISPY2-199115,0,2,spy2,0.6306693925,0.25576960972441803
ISPY2-199960,0,3,spy2,0.3718949115,0.5703856597503267
ISPY2-200222,0,4,spy2,0.551972251,0.18755808058826498
ISPY2-201831,1,1,spy2,0.5676237065,0.712122568721688
ISPY2-201873,1,3,spy2,0.4620078685,0.3591891550807917
ISPY2-202539,1,4,spy2,0.31046219225,0.15072694999543088
ISPY2-202956,1,0,spy2,0.418838275,0.6021226198642246
ISPY2-203254,0,2,spy2,0.470944168,0.6690946899319968
ISPY2-204939,1,1,spy2,0.509610688,0.4716211336696124
ISPY2-208265,1,3,spy2,0.591827798,0.6213352553265339
ISPY2-209397,0,4,spy2,0.5590542565,0.2572978369405722
ISPY2-211408,1,0,spy2,0.509863928,0.7202701376267001
ISPY2-212307,0,2,spy2,0.4786773205,0.28950098518538525
ISPY2-213328,1,1,spy2,0.516698133,0.687115221193046
ISPY2-213672,0,0,spy2,0.478144957,0.33231135494107555
ISPY2-218249,0,2,spy2,0.3078440865,0.31172970537850647
ISPY2-220664,1,3,spy2,0.519320475,0.5525178540262508
ISPY2-221375,0,4,spy2,0.5452387625,0.207320050040542
ISPY2-225836,0,0,spy2,0.4707440744999999,0.447230979641145
ISPY2-227832,0,1,spy2,0.3803237574999999,0.43040343641342005
ISPY2-228192,0,2,spy2,0.4715906205,0.569714763445359
ISPY2-228340,0,1,spy2,0.4930702274999999,0.6806439569486314
ISPY2-229328,0,3,spy2,0.6248715185,0.23471151019394043
ISPY2-229824,0,4,spy2,0.4591502805,0.1971318178545951
ISPY2-231633,1,0,spy2,0.4929400465,0.5187266269847648
ISPY2-233832,0,1,spy2,0.5501720315,0.5965599727416709
ISPY2-233962,1,2,spy2,0.5626578600000001,0.713926794209625
ISPY2-234272,0,3,spy2,0.367977389,0.5171871524642754
ISPY2-235995,1,4,spy2,0.5149933225,0.5522742631088178
ISPY2-238790,0,1,spy2,0.406906319,0.5372450544624504
ISPY2-239061,0,0,spy2,0.4393812739999999,0.4187293767577126
ISPY2-241705,0,2,spy2,0.4847581809999999,0.335822673857472
ISPY2-242370,1,3,spy2,0.707991925,0.41753916141609154
ISPY2-243836,1,4,spy2,0.510212604,0.3566042061164451
ISPY2-245655,0,0,spy2,0.3798313795,0.5708750013172731
ISPY2-247641,0,1,spy2,0.5376078879999999,0.560249737577314
ISPY2-248255,0,4,spy2,0.4763710525,0.397050858201004
ISPY2-250274,0,2,spy2,0.5574619245,0.5460193498582818
ISPY2-252748,1,3,spy2,0.6635778495,0.5618578141657126
ISPY2-254060,1,0,spy2,0.5160750249999999,0.6780977471464846
ISPY2-254273,0,1,spy2,0.4628315715,0.6054406219414236
ISPY2-255078,0,2,spy2,0.3502765605,0.4658910017558229
ISPY2-255535,0,3,spy2,0.3053600825999999,0.45533361408779494
ISPY2-257735,0,4,spy2,0.6347634005,0.6463671651504221
ISPY2-259206,0,0,spy2,0.367322942,0.4225106396466684
ISPY2-259899,0,1,spy2,0.3946158385,0.5709976441668048
ISPY2-261304,0,2,spy2,0.4279846055,0.3348920244172195
ISPY2-262131,0,3,spy2,0.392384485,0.39323499762887454
ISPY2-264678,0,4,spy2,0.561859928,0.3366870499532116
ISPY2-266509,1,1,spy2,0.592235426,0.601695433784141
ISPY2-267306,1,2,spy2,0.4664710155,0.45552135261731075
ISPY2-268937,1,0,spy2,0.352371059,0.5863308679171622
ISPY2-273691,1,3,spy2,0.544143971,0.5765267488680594
ISPY2-273745,0,4,spy2,0.7305088965,0.30117074547487754
ISPY2-277848,0,0,spy2,0.377254501,0.4333959977104341
ISPY2-279902,1,1,spy2,0.531583547,0.35543216522560694
ISPY2-282082,1,3,spy2,0.38204777935,0.5344057042396902
ISPY2-282644,0,2,spy2,0.4635612464999999,0.5477001209386406
ISPY2-282777,0,4,spy2,0.682079201,0.2476575724379418
ISPY2-286984,0,0,spy2,0.4398088384999999,0.2732843718821084
ISPY2-287300,1,1,spy2,0.4502585339999999,0.47255256036315213
ISPY2-289107,1,2,spy2,0.4303306475,0.6781556257086525
ISPY2-290413,0,3,spy2,0.579889368,0.4367715453320365
ISPY2-291515,0,4,spy2,0.539866799,0.5921321753778679
ISPY2-294176,1,4,spy2,0.3967360669999999,0.5013042034889155
ISPY2-294265,1,0,spy2,0.453570313,0.5330166776402677
ISPY2-299364,0,3,spy2,0.4761580654999999,0.6496532056944029
ISPY2-299840,0,1,spy2,0.5084423985,0.6372981515232724
ISPY2-300724,0,2,spy2,0.5271110145,0.21502841294313332
ISPY2-301289,0,0,spy2,0.5287437045,0.31035809862430774
ISPY2-301968,0,1,spy2,0.5183708175,0.2762318765411532
ISPY2-303685,1,2,spy2,0.5478774365,0.24817980192812303
ISPY2-306127,0,3,spy2,0.456140094,0.22988164287609178
ISPY2-307659,0,4,spy2,0.4501714424999999,0.5410337502141711
ISPY2-309830,0,0,spy2,0.4846045639999999,0.5983162806100613
ISPY2-311316,0,2,spy2,0.3809137935,0.3803299566839733
ISPY2-311455,0,1,spy2,0.5067318545,0.272887424003568
ISPY2-313243,1,3,spy2,0.5189639785,0.328345119244745
ISPY2-313672,0,4,spy2,0.4512341825,0.20035285878392145
ISPY2-316996,0,0,spy2,0.392578985,0.7199361997196773
ISPY2-318293,0,1,spy2,0.4919572559999999,0.32897807141320745
ISPY2-318407,0,4,spy2,0.34959137905,0.5535654162814935
ISPY2-318438,0,2,spy2,0.470673454,0.49963828560661555
ISPY2-318569,0,3,spy2,0.6349717939999999,0.5928593060569731
ISPY2-319324,0,0,spy2,0.474618265,0.5236528435329096
ISPY2-324021,0,1,spy2,0.5493126075,0.5001509132787517
ISPY2-326202,0,2,spy2,0.4141482684999999,0.27400401190480395
ISPY2-327133,0,3,spy2,0.336211575,0.4197168305585652
ISPY2-327142,0,4,spy2,0.5366176865,0.19836710728727452
ISPY2-329941,1,0,spy2,0.4379155485,0.5593231242217022
ISPY2-330134,0,1,spy2,0.6364017145,0.28722080950689927
ISPY2-331192,1,2,spy2,0.436382232,0.23517712531330418
ISPY2-332655,1,3,spy2,0.533857979,0.5149776589085401
ISPY2-333145,1,4,spy2,0.498615283,0.1993389129838046
ISPY2-335091,1,0,spy2,0.4223295969999999,0.6334329815662237
ISPY2-340186,0,1,spy2,0.5149364025,0.628216783841491
ISPY2-342996,0,4,spy2,0.478459565,0.3654648268520094
ISPY2-345460,0,2,spy2,0.3082487515,0.3491397332217853
ISPY2-345483,0,3,spy2,0.6796860005,0.5319212729752731
ISPY2-345574,1,2,spy2,0.588009741,0.6778185504370172
ISPY2-347516,0,0,spy2,0.4977527815,0.6364790243553322
ISPY2-349330,1,1,spy2,0.538667616,0.6138075648061113
ISPY2-349639,1,3,spy2,0.403113192,0.5251593585170512
ISPY2-350331,0,4,spy2,0.3604677875,0.7384540316638318
ISPY2-353318,0,0,spy2,0.458528908,0.5349801407122224
ISPY2-355292,0,1,spy2,0.5715213055,0.2957766745709039
ISPY2-356399,0,4,spy2,0.2898909529,0.31320604717026046
ISPY2-357017,0,2,spy2,0.3704534075,0.16105839128124338
ISPY2-357034,0,3,spy2,0.4087249345,0.2363000112773426
ISPY2-360937,0,0,spy2,0.4140027245,0.2775538370111319
ISPY2-363669,0,1,spy2,0.5615577555,0.25602003263718287
ISPY2-367682,0,2,spy2,0.4780957905,0.5510812683728412
ISPY2-371528,0,3,spy2,0.32031213245,0.1367341501292512
ISPY2-373672,0,4,spy2,0.3120094293,0.3030598740712243
ISPY2-374106,0,0,spy2,0.4169717324999999,0.7404607085325977
ISPY2-374121,0,1,spy2,0.3525228155,0.5399041655813849
ISPY2-375342,0,3,spy2,0.3196016385,0.6544940069599945
ISPY2-375455,0,2,spy2,0.5367797905,0.561805794998295
ISPY2-377460,1,4,spy2,0.6545486054999999,0.8502109217991045
ISPY2-378401,1,2,spy2,0.4383302729999999,0.48826482127189647
ISPY2-380239,0,0,spy2,0.5708596885,0.5953360617175978
ISPY2-380972,0,1,spy2,0.3769277265,0.36958706586938195
ISPY2-382853,1,3,spy2,0.7388712175000001,0.819747983103726
ISPY2-386664,0,4,spy2,0.27477780285,0.18632482629104105
ISPY2-388581,1,0,spy2,0.487742043,0.5716610979946586
ISPY2-395076,1,1,spy2,0.4987948445,0.6105522707572989
ISPY2-395249,0,2,spy2,0.5225151535,0.5324690019755862
ISPY2-395379,0,3,spy2,0.29160526045,0.32651044652799766
ISPY2-402384,0,4,spy2,0.3019244675,0.5732217348937317
ISPY2-405717,0,0,spy2,0.4376987105,0.5912094975055784
ISPY2-406190,0,3,spy2,0.54927749895,0.46134621324910585
ISPY2-410083,1,1,spy2,0.5886794424999999,0.816423203663997
ISPY2-411008,0,2,spy2,0.547778372,0.5671882633483822
ISPY2-411684,0,4,spy2,0.6229232615,0.5919133031399898
ISPY2-411806,0,0,spy2,0.3854687525,0.30767399760966957
ISPY2-411950,0,1,spy2,0.5677322714999999,0.23497398903590827
ISPY2-413961,0,2,spy2,0.402080721,0.5925546469320224
ISPY2-414256,0,3,spy2,0.47871558,0.32695357426654
ISPY2-414286,0,4,spy2,0.4776728555,0.19455721169789209
ISPY2-415039,0,1,spy2,0.5650488215,0.44169219987289016
ISPY2-416434,1,0,spy2,0.3994170925,0.6264749481174843
ISPY2-420523,0,2,spy2,0.453191609,0.6047151980106489
ISPY2-423619,1,3,spy2,0.3266404104,0.5524322340881053
ISPY2-423979,0,4,spy2,0.4846867815,0.30307434436175573
ISPY2-424541,0,3,spy2,0.484652552,0.23809857421104827
ISPY2-425173,1,2,spy2,0.4286835555,0.23954238794738128
ISPY2-426106,0,0,spy2,0.4143516319999999,0.18979123480114962
ISPY2-427321,1,1,spy2,0.4981618725,0.16095947781083328
ISPY2-431061,0,4,spy2,0.650440946,0.2601686664363532
ISPY2-433144,1,0,spy2,0.5722497945,0.4679320935956707
ISPY2-437162,0,1,spy2,0.4983051504999999,0.5475917133586727
ISPY2-437968,0,3,spy2,0.4630969505,0.4819693216433745
ISPY2-439489,0,2,spy2,0.4010878795,0.2829830780671472
ISPY2-442669,0,4,spy2,0.635896143,0.5590441582512319
ISPY2-442981,1,0,spy2,0.4107698314999999,0.3655368880324772
ISPY2-443444,0,1,spy2,0.630543402,0.7500614993536098
ISPY2-443708,0,2,spy2,0.4214198145,0.4515433061037894
ISPY2-446263,1,3,spy2,0.355727161,0.22992547285880127
ISPY2-451482,0,4,spy2,0.3126244558,0.26457628969657093
ISPY2-451816,0,3,spy2,0.648540649,0.3032191907246455
ISPY2-452703,0,0,spy2,0.432926005,0.22349176776535434
ISPY2-454808,0,1,spy2,0.549701086,0.6439516402919566
ISPY2-455828,1,2,spy2,0.4712654964999999,0.22316912026645971
ISPY2-456432,0,4,spy2,0.5023414,0.6554984657150097
ISPY2-458196,0,3,spy2,0.5175868625000001,0.36648914716227377
ISPY2-460776,1,2,spy2,0.533331683,0.3092059649238321
ISPY2-460812,0,0,spy2,0.449599488,0.22201019517837592
ISPY2-461824,0,1,spy2,0.4777625355,0.6628925164595268
ISPY2-462581,0,3,spy2,0.6943923985,0.5645236833526478
ISPY2-462605,1,4,spy2,0.392375824,0.8004089730518716
ISPY2-464547,1,0,spy2,0.5162357399999999,0.5539761682399778
ISPY2-466267,1,1,spy2,0.577170632,0.6476915882436209
ISPY2-467622,0,2,spy2,0.5078374485,0.27773123255081594
ISPY2-472799,1,3,spy2,0.6565649309999999,0.7502696274178589
ISPY2-473365,0,4,spy2,0.19881550225,0.27313515926811455
ISPY2-473468,0,4,spy2,0.78164641,0.5716611177069941
ISPY2-473505,0,0,spy2,0.4394947945,0.23350654499584533
ISPY2-477994,1,1,spy2,0.6078577405,0.5673230221809511
ISPY2-478055,0,2,spy2,0.4820867125,0.3101063587224483
ISPY2-478655,1,3,spy2,0.8233456755,0.6048961543264771
ISPY2-479417,1,0,spy2,0.4959240924999999,0.5475097443775966
ISPY2-483667,0,1,spy2,0.471348649,0.5843656463493423
ISPY2-483910,0,2,spy2,0.5486728144999999,0.5200090036861477
ISPY2-484867,0,4,spy2,0.6351700655,0.42994742552431114
ISPY2-484894,0,3,spy2,0.464790871,0.39934363755347363
ISPY2-485637,0,0,spy2,0.5174497065,0.5296376442079291
ISPY2-489194,1,1,spy2,0.468853835,0.36567853453683824
ISPY2-489504,1,2,spy2,0.496360444,0.5463911037856061
ISPY2-489973,0,3,spy2,0.6407101374999999,0.6380279549319599
ISPY2-491526,0,4,spy2,0.667260995,0.1980753725222966
ISPY2-493472,0,0,spy2,0.4330591339999999,0.217714547150789
ISPY2-493519,0,2,spy2,0.5044413194999999,0.30795586079796067
ISPY2-493775,1,3,spy2,0.5291335215,0.6019694751357321
ISPY2-494296,0,1,spy2,0.5518244015,0.23808224822674035
ISPY2-494946,1,4,spy2,0.7400505085,0.5262649444119722
ISPY2-495440,0,0,spy2,0.37451061,0.20748641118081662
ISPY2-497010,1,1,spy2,0.554653274,0.5692482202553223
ISPY2-498024,0,2,spy2,0.6335186965,0.6327819003612757
ISPY2-498985,0,3,spy2,0.3949302016,0.5327439912059388
ISPY2-500826,0,4,spy2,0.444616422,0.19690404580842835
ISPY2-501303,1,4,spy2,0.4400335304999999,0.7852970769321769
ISPY2-502486,0,0,spy2,0.426746239,0.5969430500524692
ISPY2-503034,0,3,spy2,0.4602802435,0.7356914307359997
ISPY2-504838,0,1,spy2,0.462240856,0.5112212784842511
ISPY2-507198,0,2,spy2,0.597833909,0.6483917224572479
ISPY2-507249,0,2,spy2,0.44597816,0.606570356469085
ISPY2-509012,1,0,spy2,0.497340796,0.5681889546705523
ISPY2-510543,0,1,spy2,0.508185625,0.26086729441782824
ISPY2-515141,1,3,spy2,0.28631142085,0.6694151026454058
ISPY2-515281,0,4,spy2,0.6312491165,0.20992653803165895
ISPY2-515284,0,2,spy2,0.475033373,0.6561492843604387
ISPY2-515565,0,4,spy2,0.23306416165,0.4758086868445316
ISPY2-517446,0,0,spy2,0.4422898765,0.21274333900466105
ISPY2-517870,0,1,spy2,0.5079464025,0.652134391874206
ISPY2-520258,0,3,spy2,0.4439495452,0.33024197270590677
ISPY2-520986,1,2,spy2,0.424265679,0.2656375691152034
ISPY2-521860,0,4,spy2,0.420056453,0.4963181401384453
ISPY2-527320,0,0,spy2,0.4436360415,0.5052314353013185
ISPY2-527581,0,1,spy2,0.484632037,0.5683131292442877
ISPY2-528479,0,3,spy2,0.6139341025,0.5321876216360693
ISPY2-528833,1,0,spy2,0.4849119375,0.45135524438196417
ISPY2-531672,0,1,spy2,0.584629557,0.3983623804662183
ISPY2-532183,0,0,spy2,0.4360448489999999,0.5184084474265909
ISPY2-535415,1,2,spy2,0.4179448725,0.7879977493148904
ISPY2-535779,0,4,spy2,0.4947414645,0.5591139056899362
ISPY2-536253,1,3,spy2,0.3658599369,0.5470978164480297
ISPY2-539876,0,0,spy2,0.489620951,0.2564621722290338
ISPY2-539904,0,1,spy2,0.493850244,0.5188446618563111
ISPY2-540539,1,3,spy2,0.6475769895,0.6132764630125368
ISPY2-541165,0,2,spy2,0.4974385865,0.6214972813431414
ISPY2-542392,0,4,spy2,0.4180542925,0.5879923912546958
ISPY2-543795,0,0,spy2,0.444264693,0.2730747269278517
ISPY2-549172,0,2,spy2,0.5765740669999999,0.612218607504816
ISPY2-550157,1,1,spy2,0.3689840255,0.5304618969808185
ISPY2-550421,0,3,spy2,0.488515015,0.49952455429557185
ISPY2-553012,0,4,spy2,0.307981939,0.3500969990945173
ISPY2-553141,1,1,spy2,0.5511084095000001,0.2636626089548677
ISPY2-554577,0,0,spy2,0.4424845965,0.23319344325345012
ISPY2-555214,1,4,spy2,0.6394636615,0.8065986091889482
ISPY2-559021,1,2,spy2,0.4203563955,0.1765560463316273
ISPY2-559263,0,3,spy2,0.5748078445,0.4296683938728181
ISPY2-563856,1,0,spy2,0.4473673445,0.6174742440407094
ISPY2-566011,0,1,spy2,0.5769877164999999,0.5022857289856989
ISPY2-567201,1,2,spy2,0.402998125,0.5984901548056457
ISPY2-567907,0,3,spy2,0.5012619789999999,0.27062609130498794
ISPY2-568953,0,4,spy2,0.5034437945000001,0.17690235351091904
ISPY2-570148,0,1,spy2,0.5220105939999999,0.48538797625457564
ISPY2-570380,0,0,spy2,0.47297201,0.5892168245597481
ISPY2-570685,0,3,spy2,0.14263574349,0.5022736562882477
ISPY2-571276,0,2,spy2,0.455666476,0.5710536245454085
ISPY2-572016,1,4,spy2,0.400056834,0.6396837277973382
ISPY2-572235,0,0,spy2,0.4736326885,0.4536218970824751
ISPY2-572444,0,1,spy2,0.468134477,0.22564657562106602
ISPY2-572731,1,3,spy2,0.598906989,0.3422615040957083
ISPY2-573586,0,2,spy2,0.3976628775,0.3362271314642893
ISPY2-574091,1,4,spy2,0.773528909,0.6428008486071218
ISPY2-575457,1,4,spy2,0.537184521,0.7751394115892204
ISPY2-578975,1,0,spy2,0.5387173510000001,0.6202420037973126
ISPY2-579881,0,1,spy2,0.3711822274999999,0.29357548267306155
ISPY2-581648,0,2,spy2,0.418585041,0.671540666829372
ISPY2-586091,1,3,spy2,0.7788867925,0.3749134541423131
ISPY2-586207,1,1,spy2,0.4801271944999999,0.5840569573423278
ISPY2-589502,1,3,spy2,0.3186551,0.14749224618890128
ISPY2-590220,1,4,spy2,0.4587858625,0.5852657133633262
ISPY2-590299,0,0,spy2,0.4395969395,0.6223674014118371
ISPY2-591079,1,2,spy2,0.5389777915,0.6881686754174757
ISPY2-591180,0,2,spy2,0.444036024,0.5021722511590674
ISPY2-592535,0,1,spy2,0.638209178,0.3512705766555735
ISPY2-596458,1,2,spy2,0.4079712135,0.49911782627702184
ISPY2-597253,0,3,spy2,0.2038005545249999,0.29030229607076696
ISPY2-597873,0,0,spy2,0.4494990794999999,0.5103115734139477
ISPY2-598798,0,4,spy2,0.7009152430000001,0.2948883195668668
ISPY2-600536,0,0,spy2,0.452790479,0.581229681714151
ISPY2-601489,0,1,spy2,0.5205376905000001,0.6385931310052794
ISPY2-604199,0,2,spy2,0.442753213,0.21948470237516765
ISPY2-604326,0,3,spy2,0.5667680925,0.47106189599907367
ISPY2-604380,1,4,spy2,0.597746271,0.5433016008471926
ISPY2-605713,0,0,spy2,0.4103575819999999,0.28409455405948836
ISPY2-607047,1,1,spy2,0.4959439339999999,0.2540650816501127
ISPY2-609642,1,3,spy2,0.546754007,0.8448547319909818
ISPY2-609897,0,2,spy2,0.4722569735,0.33423314114741565
ISPY2-611662,0,4,spy2,0.368414517,0.7113667570195478
ISPY2-613188,0,0,spy2,0.3809802195,0.5455073955138399
ISPY2-614434,1,4,spy2,0.6852231265000001,0.5594782298153731
ISPY2-615873,1,1,spy2,0.5024808405,0.6122753275669262
ISPY2-618240,0,2,spy2,0.422751327,0.5203113424724043
ISPY2-621179,0,3,spy2,0.3631376262,0.271207726374012
ISPY2-622688,1,0,spy2,0.43828104,0.6502453546752484
ISPY2-623569,1,2,spy2,0.4756707885,0.655168219959069
ISPY2-624777,0,4,spy2,0.4580812609999999,0.5833438924292985
ISPY2-625800,0,1,spy2,0.5606913525,0.4068677415083089
ISPY2-625854,1,3,spy2,0.361225671,0.4018181724438367
ISPY2-627118,0,0,spy2,0.3783040569999999,0.7411368392573692
ISPY2-628692,0,2,spy2,0.5049143414999999,0.18781879894228762
ISPY2-629210,0,4,spy2,0.3580277724,0.19790505211145973
ISPY2-630758,0,1,spy2,0.3765111815,0.5277289363959855
ISPY2-631337,0,3,spy2,0.276728191,0.2214827428640498
ISPY2-632408,0,0,spy2,0.4764956095,0.2092074311425511
ISPY2-636424,0,1,spy2,0.5231278815,0.6499411320103696
ISPY2-637051,0,2,spy2,0.3929395925,0.5618400472813848
ISPY2-637752,1,3,spy2,0.731025713,0.5881966424220819
ISPY2-639663,0,4,spy2,0.395909482,0.6595498672375713
ISPY2-640043,0,0,spy2,0.4564222509999999,0.4617444350503063
ISPY2-640463,1,1,spy2,0.5843731475,0.27492499099011725
ISPY2-640927,0,2,spy2,0.403052613,0.4936684260624614
ISPY2-644609,1,3,spy2,0.4635281525,0.6669374076947898
ISPY2-646233,0,4,spy2,0.5922001785,0.3180731348714244
ISPY2-646600,0,1,spy2,0.5361933565,0.2529655208129405
ISPY2-650589,0,2,spy2,0.4203408915,0.5801228435043914
ISPY2-651401,0,3,spy2,0.4779763365,0.6942998540755859
ISPY2-651541,1,4,spy2,0.646967049,0.5604115282928133
ISPY2-654956,0,0,spy2,0.4841379019999999,0.7988512563171587
ISPY2-655703,0,1,spy2,0.623672831,0.3152553249310902
ISPY2-655795,1,0,spy2,0.4485811285,0.26136167272870503
ISPY2-660915,0,4,spy2,0.5338069285,0.212377500719208
ISPY2-663197,0,2,spy2,0.43019134,0.6129592316475154
ISPY2-663467,0,3,spy2,0.3967892895,0.181042570143681
ISPY2-664658,1,0,spy2,0.4676678019999999,0.31306879225900086
ISPY2-666147,0,1,spy2,0.4554658745,0.3691020047282889
ISPY2-666715,0,2,spy2,0.46050521,0.4177566322088551
ISPY2-668752,0,3,spy2,0.5509161395,0.5986723951875447
ISPY2-672734,0,4,spy2,0.3922209365,0.31734035636955293
ISPY2-674897,0,1,spy2,0.6695585805000001,0.6582476320214556
ISPY2-676048,0,0,spy2,0.4295974004999999,0.5596165617164537
ISPY2-676365,0,3,spy2,0.4479649695,0.7218103968841809
ISPY2-676630,1,2,spy2,0.4157672879999999,0.5862033482920251
ISPY2-677915,0,4,spy2,0.5622695005,0.2513590799186896
ISPY2-679787,0,0,spy2,0.474085768,0.6877734560431474
ISPY2-683374,0,1,spy2,0.3977652845,0.37427313603496076
ISPY2-683457,0,2,spy2,0.356670575,0.5286250386423982
ISPY2-685182,1,3,spy2,0.703473728,0.5900735461522595
ISPY2-685753,0,4,spy2,0.382384765,0.29548935352981137
ISPY2-687733,0,1,spy2,0.5471351995,0.25357403824915636
ISPY2-689188,1,0,spy2,0.4102243289999999,0.16154351617419696
ISPY2-690410,0,2,spy2,0.580553817,0.14454797343636855
ISPY2-692885,0,4,spy2,0.529857027,0.6927895804705418
ISPY2-697098,1,3,spy2,0.4321808325,0.5361435646525391
ISPY2-697871,1,3,spy2,0.487340647,0.6245579680704234
ISPY2-701790,0,0,spy2,0.336149357,0.25940116136060415
ISPY2-703401,0,1,spy2,0.4945697464999999,0.3737793054351761
ISPY2-703455,0,2,spy2,0.4623900125,0.5202334291167686
ISPY2-705381,1,4,spy2,0.483213628,0.5101195333497923
ISPY2-706418,1,0,spy2,0.471351141,0.6992135649970666
ISPY2-706943,0,2,spy2,0.5759217624999999,0.7100839477636027
ISPY2-708387,1,1,spy2,0.5063218574999999,0.6506086633739399
ISPY2-709559,0,3,spy2,0.5380176775000001,0.2440406262977083
ISPY2-712276,1,4,spy2,0.4086051525,0.25169248276891104
ISPY2-712917,1,0,spy2,0.5475399065,0.6682466719762745
ISPY2-714205,1,1,spy2,0.4197507319999999,0.5220740900566607
ISPY2-719713,0,2,spy2,0.4571938585,0.3492733498807858
ISPY2-723918,1,3,spy2,0.639285015,0.6432969390127058
ISPY2-725455,0,4,spy2,0.31798265225,0.7906469697379406
ISPY2-726091,1,0,spy2,0.402072244,0.648960531171793
ISPY2-726381,0,1,spy2,0.6461266864999999,0.4607357886846187
ISPY2-726940,0,2,spy2,0.4933586015,0.5693312178278938
ISPY2-727255,0,3,spy2,0.446686064,0.6946175267837132
ISPY2-727804,1,4,spy2,0.545618672,0.5688410867911888
ISPY2-728287,1,0,spy2,0.4638459414999999,0.46199027237518425
ISPY2-728714,0,1,spy2,0.3480281085,0.26205864201115175
ISPY2-729270,1,4,spy2,0.397609535,0.8031640742914422
ISPY2-729732,0,2,spy2,0.48445378,0.41418003102597256
ISPY2-732137,0,3,spy2,0.515731429,0.473191094508594
ISPY2-733276,0,0,spy2,0.410955447,0.5447980104407142
ISPY2-735673,0,1,spy2,0.4281338345,0.19386222137903544
ISPY2-741535,0,3,spy2,0.493106139,0.25463153346860506
ISPY2-742477,0,2,spy2,0.5781335715,0.5978123669031344
ISPY2-745633,0,4,spy2,0.642338078,0.26298748418352685
ISPY2-746265,0,0,spy2,0.4024049715,0.304111582211287
ISPY2-749097,0,1,spy2,0.5514908144999999,0.22964455272169354
ISPY2-752469,0,2,spy2,0.5275036424999999,0.5764930813430135
ISPY2-756412,0,3,spy2,0.419113911,0.29589083983113385
ISPY2-759015,0,4,spy2,0.323323974475,0.400377561820312
ISPY2-759418,0,1,spy2,0.5606914335,0.2983885820841718
ISPY2-765773,1,0,spy2,0.5630700325,0.5974604392550459
ISPY2-766301,0,4,spy2,0.539549891,0.17990594656707692
ISPY2-766967,1,2,spy2,0.452666068,0.34178726504784335
ISPY2-768214,0,3,spy2,0.5297315235,0.568747027878568
ISPY2-769972,0,3,spy2,0.3254134605,0.2752659416928059
ISPY2-771813,0,0,spy2,0.5132268225,0.6100981284246035
ISPY2-778020,0,1,spy2,0.5084254445,0.25413353095039626
ISPY2-778527,1,2,spy2,0.555431115,0.6989293916192022
ISPY2-780272,0,4,spy2,0.550374527,0.5331568742940341
ISPY2-781335,0,4,spy2,0.5939497405,0.35080422623018004
ISPY2-782334,0,0,spy2,0.4568909755,0.3610370029014654
ISPY2-783578,1,1,spy2,0.5090989495,0.668185452944782
ISPY2-783771,0,2,spy2,0.4485316345,0.2849551346904407
ISPY2-786003,1,3,spy2,0.414596054,0.43925624950236253
ISPY2-789497,0,4,spy2,0.3904138805,0.31719072855767144
ISPY2-790070,0,0,spy2,0.4445378395,0.5038125724180508
ISPY2-790397,1,1,spy2,0.492172098,0.587992322951114
ISPY2-790722,0,2,spy2,0.4549509804999999,0.4754303509549535
ISPY2-791321,0,3,spy2,0.327681001,0.6562015569106026
ISPY2-791944,0,4,spy2,0.3967406393,0.5270646123407365
ISPY2-792412,0,0,spy2,0.480916516,0.6178397497520155
ISPY2-793684,0,1,spy2,0.3350476974999999,0.55282962162473
ISPY2-794428,0,2,spy2,0.4360721955,0.5250628219397679
ISPY2-796558,0,3,spy2,0.28720096455,0.6802164686923852
ISPY2-797427,0,4,spy2,0.32591098505,0.6354969666477382
ISPY2-797499,1,0,spy2,0.504472745,0.8092132587053585
ISPY2-798604,1,3,spy2,0.583168492,0.6348652813490012
ISPY2-800710,0,1,spy2,0.363371835,0.6567559577092988
ISPY2-802105,0,4,spy2,0.376907512,0.2048699908922793
ISPY2-802778,0,2,spy2,0.6011520850000001,0.22266017724221773
ISPY2-803514,0,0,spy2,0.483838971,0.21066433034488227
ISPY2-803677,0,1,spy2,0.3840826275,0.5489267279094722
ISPY2-808714,0,4,spy2,0.3460954208,0.5510648705432198
ISPY2-809037,0,2,spy2,0.3734823295,0.2972741369598902
ISPY2-809649,1,3,spy2,0.4035317165,0.840875745474395
ISPY2-810965,1,0,spy2,0.392307978,0.37399564645847216
ISPY2-814299,1,1,spy2,0.5704004819999999,0.8494133605469305
ISPY2-815421,0,2,spy2,0.4696478619999999,0.35215894972475953
ISPY2-815493,1,3,spy2,0.51575766275,0.6564367782789274
ISPY2-819622,0,4,spy2,0.762569791,0.28564858730713916
ISPY2-820348,0,2,spy2,0.4804480169999999,0.39214615093091654
ISPY2-823618,0,0,spy2,0.5336390565,0.3626066958765368
ISPY2-824234,1,1,spy2,0.569530445,0.48218206021810195
ISPY2-825363,1,3,spy2,0.6284239935,0.8855893286624316
ISPY2-828199,0,4,spy2,0.448319143,0.27657148629554124
ISPY2-829491,0,0,spy2,0.4353633374999999,0.41650413729976987
ISPY2-830486,0,1,spy2,0.4520698625,0.6423116055346226
ISPY2-830958,0,2,spy2,0.4558729985,0.2173267023069951
ISPY2-832056,0,3,spy2,0.412433241,0.49151110833055045
ISPY2-833536,1,4,spy2,0.2656802173,0.4715643740664983
ISPY2-834418,0,0,spy2,0.436862522,0.26079065059823403
ISPY2-835658,1,4,spy2,0.53622754,0.3190653992927302
ISPY2-836114,0,1,spy2,0.3763730555,0.23996386736701358
ISPY2-836983,1,2,spy2,0.470875203,0.5101781014857473
ISPY2-841336,0,3,spy2,0.5239029504999999,0.2236688870660295
ISPY2-845079,1,2,spy2,0.696430025,0.6426318156109684
ISPY2-845147,0,3,spy2,0.7118212265,0.27158231812674755
ISPY2-845663,0,0,spy2,0.4730321795,0.4449474865409172
ISPY2-846156,0,1,spy2,0.5419419165,0.5512802736672678
ISPY2-847272,0,4,spy2,0.427552233,0.3893153813952825
ISPY2-847753,1,1,spy2,0.549935654,0.3142704797891297
ISPY2-849605,0,0,spy2,0.462590532,0.5888909589596355
ISPY2-851180,0,2,spy2,0.3798032335,0.528761765716513
ISPY2-851488,0,3,spy2,0.4938272595,0.20607175350313264
ISPY2-857165,0,4,spy2,0.4114488975,0.2042053767530911
ISPY2-859699,1,0,spy2,0.353829944,0.516493198675591
ISPY2-862244,0,2,spy2,0.5262590115,0.6818272266439691
ISPY2-865416,0,1,spy2,0.5419488225,0.5452316657727321
ISPY2-873686,0,3,spy2,0.4498303179999999,0.25135068133413546
ISPY2-877463,0,4,spy2,0.5942712385,0.48667560128323506
ISPY2-883696,0,0,spy2,0.3952737,0.40247467737928194
ISPY2-883886,0,2,spy2,0.417725912,0.5351569472015038
ISPY2-884266,0,4,spy2,0.3614453036,0.19322858363395815
ISPY2-885590,0,1,spy2,0.5854986605,0.3053178638374358
ISPY2-889049,0,3,spy2,0.417441083,0.8030217524832618
ISPY2-889225,0,3,spy2,0.6608802020000001,0.3598921013526276
ISPY2-889721,1,4,spy2,0.631925722,0.7468337961335239
ISPY2-890414,1,0,spy2,0.5055540035,0.6027685481688088
ISPY2-891645,0,1,spy2,0.603487009,0.860408952095034
ISPY2-892390,1,2,spy2,0.467676664,0.47220188332767976
ISPY2-893874,1,0,spy2,0.4330376489999999,0.6788521876785878
ISPY2-894128,1,2,spy2,0.6125337465,0.5807013496352165
ISPY2-894491,0,1,spy2,0.4755411295,0.22834636021839336
ISPY2-896621,0,3,spy2,0.3812420285,0.34887094514054523
ISPY2-899381,1,4,spy2,0.647323968,0.3646154574164271
ISPY2-903880,0,0,spy2,0.410873861,0.4963230855446314
ISPY2-905264,0,1,spy2,0.388825294,0.7671840832336747
ISPY2-906795,0,2,spy2,0.5966412815,0.7051190931179082
ISPY2-910188,0,3,spy2,0.676007511,0.2182699536035123
ISPY2-910706,1,4,spy2,0.575725956,0.5880860457470004
ISPY2-912836,0,4,spy2,0.67148344,0.6187098578656967
ISPY2-913225,1,0,spy2,0.4137937674999999,0.5270715001299638
ISPY2-914968,0,1,spy2,0.368687904,0.585846759379353
ISPY2-916586,0,2,spy2,0.4281554534999999,0.2970931652280826
ISPY2-916645,1,3,spy2,0.4164004937,0.2693602201494423
ISPY2-917762,0,0,spy2,0.4240407695,0.29114045900646635
ISPY2-920479,0,3,spy2,0.4791706495,0.8186420676574795
ISPY2-923968,1,1,spy2,0.4955269435,0.2459444554075773
ISPY2-924812,0,2,spy2,0.3946051445,0.5910010558625796
ISPY2-924868,1,4,spy2,0.4729111729999999,0.5466600275146763
ISPY2-924895,0,2,spy2,0.4124464885,0.217703749905138
ISPY2-925691,0,0,spy2,0.4587871745,0.7333360287424401
ISPY2-930172,0,3,spy2,0.4439365885,0.4149949962346206
ISPY2-930853,1,1,spy2,0.43297547,0.36310502308818515
ISPY2-930903,0,4,spy2,0.4041495825,0.36376716176131907
ISPY2-932200,0,0,spy2,0.4352632865,0.37598541729951596
ISPY2-934459,0,1,spy2,0.599919234,0.48633270113250837
ISPY2-934906,0,3,spy2,0.487615785,0.587312002864625
ISPY2-935460,0,2,spy2,0.6106945804999999,0.46845762347668934
ISPY2-940186,1,4,spy2,0.4195821054999999,0.2828964984641701
ISPY2-941926,0,0,spy2,0.3296695859999999,0.2075789766984471
ISPY2-943879,1,1,spy2,0.5268253555,0.5915412075023118
ISPY2-944419,0,2,spy2,0.4620193314999999,0.3911983833114039
ISPY2-944536,1,3,spy2,0.8359418484999999,0.8511114381277517
ISPY2-950131,1,4,spy2,0.391796727,0.3597546532131454
ISPY2-953262,0,0,spy2,0.435560313,0.3767001322640116
ISPY2-955953,1,1,spy2,0.529998889,0.8120066025538514
ISPY2-957408,0,2,spy2,0.405325799,0.43140781479352025
ISPY2-960490,1,3,spy2,0.39125704975,0.6283819988135293
ISPY2-960963,0,4,spy2,0.754007594,0.47652315374686693
ISPY2-962472,0,0,spy2,0.3546251055,0.33577793167315095
ISPY2-962664,1,1,spy2,0.553809911,0.6159680037031096
ISPY2-965265,0,2,spy2,0.3797017925,0.5070354938160692
ISPY2-966016,1,3,spy2,0.29257380675,0.2870708832077044
ISPY2-972307,0,4,spy2,0.3347722882,0.2640197988898537
ISPY2-974181,1,0,spy2,0.4177616795,0.6640118970556953
ISPY2-981461,0,1,spy2,0.421320261,0.582675548881551
ISPY2-982505,0,2,spy2,0.4005937774999999,0.48916132441341126
ISPY2-983841,1,3,spy2,0.6883212715,0.6101821275866843
ISPY2-986734,0,4,spy2,0.28328184985,0.2696223564247852
ISPY2-987995,0,2,spy2,0.7263455050000001,0.2943457813200591
ISPY2-988443,0,0,spy2,0.392614812,0.23259076324563535
ISPY2-990443,0,4,spy2,0.40505976,0.2621130549926263
ISPY2-994987,0,1,spy2,0.3425545355,0.22379618244640703
ISPY2-999264,1,3,spy2,0.4192726435,0.7962043114820663
ISPY2-999733,0,3,spy2,0.379449671,0.3340763872420212
