epoch,n_runs,train_loss_median,train_loss_q25,train_loss_q75,val_loss_median,val_loss_q25,val_loss_q75
1,10,1.0532986521720886,1.0452254712581637,1.05736979842186,0.9641253054141998,0.9554017633199692,0.9693675190210342
2,10,0.9627303183078766,0.9566498696804047,0.9681794941425323,0.9748134016990662,0.9579504430294037,1.0062536895275116
3,10,0.9545937478542328,0.9516554623842238,0.9616857022047043,0.9787473380565643,0.9634980857372284,1.045956403017044
4,10,0.9431851208209991,0.9408316612243653,0.950588956475258,1.0016383230686188,0.9876693040132523,1.0652253925800326
5,10,0.9380979537963867,0.9312488436698914,0.9430772513151169,0.997498482465744,0.9792881011962891,1.051994949579239
6,10,0.9239131808280946,0.9198970943689346,0.9298478066921234,0.9983365535736084,0.9797597527503967,1.1167510747909546
7,10,0.913945347070694,0.9080861359834671,0.9210948050022125,1.0228233337402344,0.9694485366344451,1.0493049025535583
8,10,0.8940461575984955,0.891873687505722,0.9048540890216827,1.0706526041030884,1.031849890947342,1.1281607449054718
9,10,0.8783513903617859,0.8729742467403412,0.8854282349348068,1.1477102041244507,1.0857455134391785,1.2050032913684845
10,10,0.8554792106151581,0.8531136214733124,0.8575235307216644,1.1812726259231567,1.021771863102913,1.3274362981319427
11,10,0.833634614944458,0.8204119801521301,0.842127725481987,1.1912332773208618,1.118024468421936,1.2139406204223633
12,10,0.8032166361808777,0.7971135973930359,0.8154853880405426,1.1582266688346863,1.0920782089233398,1.2360292673110962
13,8,0.7733579576015472,0.7671242356300354,0.7806577682495117,1.191795289516449,1.1053580343723297,1.2643941640853882
14,7,0.7354986667633057,0.7322131991386414,0.7483680844306946,1.2416865825653076,1.1551004648208618,1.4119410514831543
15,7,0.7074000835418701,0.6971170008182526,0.7160951793193817,1.268309473991394,1.2119033336639404,1.37571120262146
16,7,0.6616542935371399,0.6458368003368378,0.6690265238285065,1.329127550125122,1.2571642398834229,1.5772315859794617
17,4,0.5953625440597534,0.5894392281770706,0.6045676022768021,1.6045169234275818,1.4836631417274475,1.844500094652176
18,2,0.5545819997787476,0.5509008467197418,0.5582631528377533,1.8991490006446836,1.824078768491745,1.9742192327976222
19,2,0.49914179742336273,0.49721310287714,0.5010704919695854,1.8099625706672668,1.65475532412529,1.9651698172092438
20,2,0.45625799894332886,0.45555421710014343,0.4569617807865143,2.16042160987854,2.0338013172149663,2.2870419025421143
21,1,0.4192588627338409,0.4192588627338409,0.4192588627338409,2.681908369064331,2.681908369064331,2.681908369064331
22,1,0.3768629133701324,0.3768629133701324,0.3768629133701324,2.9185030460357666,2.9185030460357666,2.9185030460357666
23,1,0.34184330701828,0.34184330701828,0.34184330701828,2.8375463485717773,2.8375463485717773,2.8375463485717773
24,1,0.3179900050163269,0.3179900050163269,0.3179900050163269,2.510549545288086,2.510549545288086,2.510549545288086
25,1,0.2914097011089325,0.2914097011089325,0.2914097011089325,3.215867280960083,3.215867280960083,3.215867280960083
