patient_id,label,fold,cohort,historical,clinical,selected
ACRIN-6698-103939,0,0,spy2,0.499141159,0.27268175732699534,0.3568707925
ACRIN-6698-104268,0,1,spy2,0.5207526925000001,0.535889025252991,0.535889
ACRIN-6698-107700,0,2,spy2,0.363753789,0.47674923525772417,0.38517613500000003
ACRIN-6698-108969,1,3,spy2,0.467351396,0.6059108150556811,0.63755137
ACRIN-6698-115987,0,4,spy2,0.610318216,0.6192111201466394,0.6873186
ACRIN-6698-118307,0,2,spy2,0.420676346,0.5746109706649296,0.613471895
ACRIN-6698-130580,1,0,spy2,0.40515464,0.4455588972771338,0.46479595500000004
ACRIN-6698-139973,0,1,spy2,0.53464164,0.3157078886259056,0.3157079
ACRIN-6698-144302,0,3,spy2,0.560177399,0.6097210079044327,0.6696129925000001
ACRIN-6698-145777,0,4,spy2,0.3526020217,0.4475778885098599,0.44507078749999995
ACRIN-6698-146987,0,0,spy2,0.420374149,0.2897008681844299,0.3196800275
ACRIN-6698-148357,0,1,spy2,0.5394851884999999,0.18149500350631304,0.18149501
ACRIN-6698-150547,0,2,spy2,0.422353568,0.2795865996837472,0.270403525
ACRIN-6698-152090,1,4,spy2,0.5682506315,0.34357725513430154,0.389653515
ACRIN-6698-169918,0,3,spy2,0.27924419325,0.26009734065186485,0.1980675525
ACRIN-6698-172366,1,3,spy2,0.707981917,0.5166651975085234,0.5773930899999999
ACRIN-6698-179568,0,0,spy2,0.511885119,0.3030298366430813,0.2855001675
ACRIN-6698-188700,1,1,spy2,0.50179186,0.5729979452623813,0.572998
ACRIN-6698-202535,0,2,spy2,0.3974270275,0.5876086278963436,0.5919377125
ACRIN-6698-209967,0,4,spy2,0.4992310064999999,0.30531299938474116,0.32050161499999996
ACRIN-6698-213913,1,3,spy2,0.588343596,0.7352613393013973,0.77127755
ACRIN-6698-218503,0,0,spy2,0.3968169155,0.29228102018182484,0.2158445625
ACRIN-6698-219545,0,1,spy2,0.4797866765,0.5213709110715176,0.5213709
ACRIN-6698-220471,0,2,spy2,0.4416929265,0.8395946625900631,0.825628305
ACRIN-6698-220925,0,4,spy2,0.4236015292499999,0.7899666849414182,0.803124425
ACRIN-6698-222135,0,1,spy2,0.2851110405,0.28027626043313536,0.28027627
ACRIN-6698-227055,0,2,spy2,0.4055178665,0.5177908789654806,0.4723409075
ACRIN-6698-233191,0,0,spy2,0.4174652255,0.5288601402732367,0.5597448899999999
ACRIN-6698-234723,0,3,spy2,0.4527191184999999,0.562036315044775,0.6018008825000001
ACRIN-6698-239910,0,4,spy2,0.3673246972,0.5894101895116716,0.6521246574999999
ACRIN-6698-240957,0,0,spy2,0.436477152,0.2518439187626394,0.27807792
ACRIN-6698-241998,0,1,spy2,0.3706980729999999,0.31306931422702966,0.3130693
ACRIN-6698-253531,1,3,spy2,0.639213041,0.5290585454064173,0.6048204400000001
ACRIN-6698-255388,1,2,spy2,0.488394616,0.8030871119544302,0.78800352
ACRIN-6698-263143,0,4,spy2,0.3031602542,0.6846152595631151,0.6674747249999999
ACRIN-6698-264305,1,3,spy2,0.2159151335999999,0.5966963804600165,0.5281196875
ACRIN-6698-266840,0,0,spy2,0.399461664,0.5855787734576426,0.605567235
ACRIN-6698-275034,1,1,spy2,0.4734996125,0.6525959943119691,0.652596
ACRIN-6698-277888,1,2,spy2,0.4735555935,0.294482829862728,0.31620217000000006
ACRIN-6698-283070,0,4,spy2,0.30189068175,0.41557751526860776,0.26491893
ACRIN-6698-284443,0,3,spy2,0.5363359245,0.47981455221591357,0.5223502600000001
ACRIN-6698-284593,0,0,spy2,0.4409336075,0.6628384401606229,0.66713131
ACRIN-6698-285339,1,1,spy2,0.517192925,0.7571995193635804,0.7571995
ACRIN-6698-287961,1,2,spy2,0.587879533,0.5084602222399865,0.6238141150000001
ACRIN-6698-293142,0,4,spy2,0.674150396,0.18054694885344894,0.2727108225
ACRIN-6698-296123,1,1,spy2,0.4940810255,0.601982328548246,0.6019823
ACRIN-6698-296841,1,3,spy2,0.684424209,0.46863770386697057,0.5612309575
ACRIN-6698-298101,0,0,spy2,0.4504952765,0.3846398827436698,0.36717547
ACRIN-6698-299962,0,2,spy2,0.4254820334999999,0.45384101838112245,0.441041105
ACRIN-6698-301665,0,4,spy2,0.6598032345,0.4216087222953961,0.43316412
ACRIN-6698-317402,0,3,spy2,0.849393443,0.3438902433122151,0.37572611
ACRIN-6698-317641,1,0,spy2,0.4325710769999999,0.7632282351944303,0.7685131574999999
ACRIN-6698-320538,0,1,spy2,0.5198425915,0.5489975326452439,0.5489975
ACRIN-6698-323721,0,2,spy2,0.4452787995,0.2147375552806566,0.2482616275
ACRIN-6698-326433,1,4,spy2,0.711788505,0.7347157224597317,0.76803044
ACRIN-6698-328160,0,1,spy2,0.4208786345,0.34591257811108694,0.34591258
ACRIN-6698-329076,0,0,spy2,0.419038074,0.3267569492491857,0.3436431125
ACRIN-6698-335536,0,3,spy2,0.458059827,0.27422674815806863,0.290741145
ACRIN-6698-342959,1,4,spy2,0.3930149065,0.521780800617553,0.3793285275
ACRIN-6698-343898,0,2,spy2,0.569084091,0.5208552564877695,0.6109939074999999
ACRIN-6698-345907,0,0,spy2,0.436534526,0.5335841021109637,0.5100710399999999
ACRIN-6698-355942,0,2,spy2,0.4568625515,0.26114793593470964,0.2237876875
ACRIN-6698-356431,1,3,spy2,0.6890719005,0.7091182171953466,0.755450355
ACRIN-6698-361701,0,4,spy2,0.4652947115,0.3676926886450562,0.38706893249999996
ACRIN-6698-373346,0,1,spy2,0.5561010655,0.2663148960625422,0.2663149
ACRIN-6698-375954,0,4,spy2,0.2750694597499999,0.8546989794796946,0.655519225
ACRIN-6698-384830,0,0,spy2,0.3715586535,0.5287616724714216,0.4884778525
ACRIN-6698-396723,0,1,spy2,0.3897466535,0.4241314233558876,0.4241314
ACRIN-6698-397505,1,2,spy2,0.5377587764999999,0.6020910570414479,0.665315815
ACRIN-6698-399478,1,3,spy2,0.6841504065,0.6375968818827455,0.6929911750000001
ACRIN-6698-401215,0,4,spy2,0.7417946245,0.33066151710898717,0.4166308775
ACRIN-6698-407539,0,3,spy2,0.619966555,0.2726859453775639,0.34034192750000003
ACRIN-6698-408692,1,0,spy2,0.4191676574999999,0.7794347497185221,0.781189725
ACRIN-6698-409288,0,1,spy2,0.5225632635,0.5234599752797188,0.52346
ACRIN-6698-417474,1,2,spy2,0.527914295,0.6376176534230007,0.6771666825
ACRIN-6698-421917,0,2,spy2,0.4395612315,0.6327539852556608,0.6517801775000001
ACRIN-6698-422013,0,0,spy2,0.394830665,0.6254915858733552,0.49351495
ACRIN-6698-429220,0,1,spy2,0.569518434,0.5682610416223909,0.568261
ACRIN-6698-432114,1,4,spy2,0.721629987,0.541947478956225,0.597654085
ACRIN-6698-435279,0,3,spy2,0.4523408974999999,0.2509116308814561,0.2769015075
ACRIN-6698-460642,0,3,spy2,0.5485472490000001,0.2868708962967664,0.33241087
ACRIN-6698-462582,0,0,spy2,0.444611479,0.2736099434888501,0.2877152525
ACRIN-6698-465008,0,1,spy2,0.4930200715,0.31930836835947385,0.31930837
ACRIN-6698-474874,1,2,spy2,0.4405478129999999,0.7684504676156041,0.7818753224999999
ACRIN-6698-490023,1,4,spy2,0.5577198195,0.8439340754318408,0.7955081575
ACRIN-6698-490805,1,1,spy2,0.5258310214999999,0.6221616731986502,0.6221616
ACRIN-6698-506623,0,0,spy2,0.3934953625,0.3833910427903,0.331580545
ACRIN-6698-511851,0,2,spy2,0.422828687,0.2595728245744262,0.20513164
ACRIN-6698-516763,1,3,spy2,0.424212584,0.6955270312117128,0.76660236
ACRIN-6698-516834,0,4,spy2,0.4103682525,0.4010425799756611,0.4676314475
ACRIN-6698-520471,1,1,spy2,0.5486614949999999,0.3487438735039234,0.34874386
ACRIN-6698-522140,0,0,spy2,0.356761683,0.269017036614607,0.1871935425
ACRIN-6698-530095,0,2,spy2,0.4116894375,0.3317702005616902,0.3095685025
ACRIN-6698-531988,1,3,spy2,0.212376096535,0.7583619840811767,0.6165126249999999
ACRIN-6698-563681,0,4,spy2,0.4999600454999999,0.2611843615549043,0.18947489
ACRIN-6698-571995,0,0,spy2,0.4134433985,0.473077795880637,0.4062947175
ACRIN-6698-573919,0,1,spy2,0.359424426,0.7729180950308427,0.77291805
ACRIN-6698-580632,0,2,spy2,0.4275739169999999,0.20077350482403772,0.19724639500000002
ACRIN-6698-584561,1,3,spy2,0.5017423305000001,0.8074014885280394,0.828308175
ACRIN-6698-587604,0,4,spy2,0.369323404,0.6520457759450146,0.5496714125
ACRIN-6698-587691,1,0,spy2,0.5665436575,0.4566908028258658,0.5062664325
ACRIN-6698-591810,1,2,spy2,0.5294735665,0.4035575653977796,0.5446563775
ACRIN-6698-598835,0,1,spy2,0.503884574,0.7992911517324333,0.7992912
ACRIN-6698-609151,1,4,spy2,0.6032570460000001,0.8690895523076921,0.9134026875000001
ACRIN-6698-618717,0,3,spy2,0.640762541,0.7103767263881281,0.756221755
ACRIN-6698-618860,0,3,spy2,0.515319254,0.25757286444909727,0.2899503725
ACRIN-6698-628788,0,0,spy2,0.3882495259999999,0.6869934337678165,0.561895925
ACRIN-6698-629371,1,1,spy2,0.567291341,0.7687103319021722,0.7687103
ACRIN-6698-629606,0,4,spy2,0.639457319,0.6198210279583587,0.605632905
ACRIN-6698-631299,0,2,spy2,0.5353774005,0.6679106411550969,0.5928733325000001
ACRIN-6698-635632,1,0,spy2,0.4854664775,0.8340818369660888,0.8322356125
ACRIN-6698-638126,0,1,spy2,0.5409850165,0.18181500213296162,0.18181501
ACRIN-6698-641246,1,2,spy2,0.4781321209999999,0.5139639952610642,0.5226681475
ACRIN-6698-641697,0,4,spy2,0.5180052980000001,0.39296553203267054,0.424193245
ACRIN-6698-641977,0,3,spy2,0.6285187045,0.24674916755631404,0.26680243
ACRIN-6698-649198,0,3,spy2,0.4368444509999999,0.814317208434741,0.8409859625
ACRIN-6698-652480,0,0,spy2,0.395098236,0.5930680352891478,0.498402975
ACRIN-6698-653927,1,1,spy2,0.4638585935,0.6207723824084785,0.6207724
ACRIN-6698-654021,0,2,spy2,0.5783459425,0.42435157935905116,0.44736331500000004
ACRIN-6698-654064,0,4,spy2,0.472810066,0.3082019518369133,0.266664255
ACRIN-6698-655128,0,3,spy2,0.4781786555,0.2958795023298388,0.34304455
ACRIN-6698-661730,1,0,spy2,0.372894175,0.6603291380407186,0.55351976
ACRIN-6698-663144,0,1,spy2,0.476112894,0.26394400523572964,0.263944
ACRIN-6698-664111,1,2,spy2,0.437170151,0.6261798515562889,0.719671225
ACRIN-6698-683896,0,4,spy2,0.6149890570000001,0.24634388831346737,0.2962614375
ACRIN-6698-685795,0,0,spy2,0.4062536719999999,0.4571866664314857,0.45300108000000006
ACRIN-6698-688291,0,3,spy2,0.5205212185,0.23526163234523312,0.26246325
ACRIN-6698-688955,0,1,spy2,0.4845248159999999,0.3386652387120896,0.33866525
ACRIN-6698-689480,0,2,spy2,0.3137162445,0.2506094078935111,0.1750067625
ACRIN-6698-690089,0,4,spy2,0.42287598,0.6813392563820969,0.665665985
ACRIN-6698-691753,0,0,spy2,0.424874284,0.30455447105253103,0.2451345575
ACRIN-6698-698094,0,3,spy2,0.4369770544999999,0.2849948676112699,0.3487543025
ACRIN-6698-706639,0,4,spy2,0.683346419,0.6346227707462705,0.5651438950000001
ACRIN-6698-721099,0,1,spy2,0.3945848225,0.5790265986098139,0.5790266
ACRIN-6698-724293,1,2,spy2,0.44246947,0.6501910869226628,0.5624866749999999
ACRIN-6698-724384,0,0,spy2,0.405063669,0.36782831540322436,0.334856385
ACRIN-6698-738041,1,2,spy2,0.508736751,0.6377498384010636,0.7164468749999999
ACRIN-6698-748583,0,1,spy2,0.4282356845,0.26490210266426406,0.26490209
ACRIN-6698-748611,1,3,spy2,0.5209143725,0.22706772715687482,0.266334725
ACRIN-6698-753109,1,4,spy2,0.633024314,0.5691482321079506,0.6003509149999999
ACRIN-6698-755914,1,4,spy2,0.7832331115,0.6534693732566332,0.798349775
ACRIN-6698-760011,1,0,spy2,0.4186541815,0.5593240929361216,0.6331535725
ACRIN-6698-760901,1,1,spy2,0.4546551394999999,0.620248171416746,0.62024814
ACRIN-6698-765671,1,2,spy2,0.424850859,0.5635468380074329,0.5384648375
ACRIN-6698-771151,1,3,spy2,0.5214402025,0.5896562586446452,0.622663365
ACRIN-6698-771443,0,4,spy2,0.5261547195,0.4319169207994462,0.46269404249999996
ACRIN-6698-774840,1,0,spy2,0.3972240675,0.4722086879492544,0.5026560250000001
ACRIN-6698-775346,0,1,spy2,0.4760571275,0.2957798279528641,0.29577982
ACRIN-6698-779739,1,2,spy2,0.678332312,0.5864166031311119,0.5922652700000001
ACRIN-6698-783764,0,3,spy2,0.5119885475,0.29424416573338236,0.3324259775
ACRIN-6698-786753,0,4,spy2,0.3147966961,0.7869026787105807,0.5691075425
ACRIN-6698-792181,1,0,spy2,0.483357838,0.556406590438037,0.5996732699999999
ACRIN-6698-793155,0,1,spy2,0.402927444,0.32865917322429294,0.32865918
ACRIN-6698-794128,0,2,spy2,0.4682193845,0.5746369004334896,0.544632545
ACRIN-6698-799149,1,3,spy2,0.5200636975,0.5921311679567379,0.664476475
ACRIN-6698-801641,0,1,spy2,0.5036168445,0.558477838348764,0.5584779
ACRIN-6698-802308,0,4,spy2,0.3918018975,0.6243418324315422,0.6758595000000001
ACRIN-6698-804979,0,0,spy2,0.4743542705,0.3253403278642413,0.36719788249999996
ACRIN-6698-805136,0,2,spy2,0.4375874165,0.6819844484620475,0.71652393
ACRIN-6698-820807,1,3,spy2,0.4458145905,0.20161292653696072,0.22187208
ACRIN-6698-831848,1,0,spy2,0.396978339,0.8698575183689016,0.842795575
ACRIN-6698-839274,0,1,spy2,0.3197942185,0.3486948353099212,0.34869486
ACRIN-6698-845783,1,2,spy2,0.6223541825,0.38000998994296276,0.3579859525
ACRIN-6698-856159,0,3,spy2,0.5628570457500001,0.6445829144711887,0.654962875
ACRIN-6698-860243,0,4,spy2,0.5376333615,0.20021697259895782,0.1960891075
ACRIN-6698-861745,0,0,spy2,0.4957810875,0.4498995729959271,0.52335157
ACRIN-6698-863161,1,4,spy2,0.718060312,0.7801658634553068,0.7678868525
ACRIN-6698-866660,0,1,spy2,0.4917906475,0.28269366490558206,0.28269368
ACRIN-6698-870077,0,2,spy2,0.537422811,0.2567135480206795,0.2737721825
ACRIN-6698-875089,0,3,spy2,0.6433422775000001,0.6515614717262751,0.695957675
ACRIN-6698-879224,0,2,spy2,0.6425013545,0.6688795833537876,0.7108199374999999
ACRIN-6698-882553,0,0,spy2,0.4895675634999999,0.23895247879473805,0.3176294575
ACRIN-6698-884011,0,1,spy2,0.4119641129999999,0.2526354674537457,0.25263548
ACRIN-6698-894673,0,4,spy2,0.7421631995,0.5606412774440865,0.474074575
ACRIN-6698-896852,0,3,spy2,0.27663401745,0.464945979401424,0.49495695
ACRIN-6698-899692,1,2,spy2,0.444150311,0.5523477066871183,0.5680509174999999
ACRIN-6698-900959,0,3,spy2,0.7026713185,0.5481782102158567,0.6484004349999999
ACRIN-6698-901705,0,0,spy2,0.46615883,0.31565453473678945,0.37910969
ACRIN-6698-913527,0,1,spy2,0.4076986895,0.608280156800939,0.6082802
ACRIN-6698-924071,0,4,spy2,0.3365021445,0.3047379142470862,0.219916355
ACRIN-6698-928170,0,0,spy2,0.420555869,0.19034314494859286,0.2383428825
ACRIN-6698-928446,0,1,spy2,0.4638923025,0.31564771991867985,0.31564772
ACRIN-6698-928815,0,3,spy2,0.3025495648,0.510548585320989,0.5284783150000001
ACRIN-6698-929391,0,4,spy2,0.6555654344999999,0.5781461597498015,0.63586159
ACRIN-6698-929980,1,2,spy2,0.494134839,0.8473590966794579,0.9019961425
ACRIN-6698-938719,0,2,spy2,0.428951089,0.22433893163109603,0.1504832725
ACRIN-6698-942017,0,0,spy2,0.4114762289999999,0.2601512024170349,0.19222239500000002
ACRIN-6698-943633,0,1,spy2,0.6227624924999999,0.6259183134798452,0.6259183
ACRIN-6698-946927,1,3,spy2,0.6792868015,0.7768049056745995,0.80699238
ACRIN-6698-949444,0,4,spy2,0.44437707,0.5488238093402945,0.6314976125
ACRIN-6698-960029,0,2,spy2,0.579900593,0.6856557225060285,0.6775487499999999
ACRIN-6698-962153,0,3,spy2,0.4122626259999999,0.4885383936357081,0.5448559225
ACRIN-6698-963303,0,0,spy2,0.4367214064999999,0.39568766124977484,0.3974411675
ACRIN-6698-963604,0,1,spy2,0.504154518,0.24400149922386524,0.24400148
ACRIN-6698-970839,0,4,spy2,0.4815351045,0.2755033313014513,0.40289047
ACRIN-6698-971492,0,2,spy2,0.4206498214999999,0.34454029991869284,0.3545452625
ACRIN-6698-982086,1,3,spy2,0.5129190015,0.8248269094692388,0.8467890225000001
ACRIN-6698-987914,0,0,spy2,0.3658314735,0.5702647091168235,0.4450928975
ACRIN-6698-991818,1,1,spy2,0.5828251905,0.517010456799814,0.51701045
ACRIN-6698-992609,1,4,spy2,0.4369156985,0.49981452299707024,0.5229691175
ACRIN-6698-995480,0,2,spy2,0.473794251,0.4834865612204477,0.5068966475000001
Breast_MRI_005,1,3,duke,0.4389866255,0.6041725656476488,0.6564605649999999
Breast_MRI_009,1,0,duke,0.4802327695,0.5721268396283927,0.6299162675000001
Breast_MRI_010,0,1,duke,0.457536379,0.5373850757184577,0.5373851
Breast_MRI_012,0,4,duke,0.44979238,0.47706365783458243,0.40737897
Breast_MRI_019,0,1,duke,0.4825520095,0.31988026910437184,0.31988028
Breast_MRI_021,0,2,duke,0.3537029305,0.3771469635316477,0.24222239250000002
Breast_MRI_022,0,0,duke,0.3788739285,0.5408538712598218,0.3617002375
Breast_MRI_040,0,3,duke,0.4080621759999999,0.2929364143813261,0.211713125
Breast_MRI_041,0,4,duke,0.620941036,0.2348845444471219,0.2814805575
Breast_MRI_043,0,0,duke,0.473941003,0.6149446604125719,0.5235074399999999
Breast_MRI_044,1,4,duke,0.454795698,0.8988173427972623,0.911963125
Breast_MRI_046,0,1,duke,0.397589372,0.22048554566712902,0.22048554
Breast_MRI_053,0,3,duke,0.4135313365,0.33796687024748556,0.3150832725
Breast_MRI_056,0,2,duke,0.3544399884999999,0.5572785861662839,0.20870226
Breast_MRI_057,0,0,duke,0.4382372595,0.27089638029055035,0.18494774
Breast_MRI_061,1,2,duke,0.4451931,0.4877913813999246,0.5774078475
Breast_MRI_064,0,1,duke,0.4504200685,0.6534945554698317,0.6534946
Breast_MRI_069,0,3,duke,0.508183608,0.41981491319173136,0.3501029225
Breast_MRI_082,0,4,duke,0.447668224,0.35672825697170496,0.2931170525
Breast_MRI_086,0,0,duke,0.4781570324999999,0.5628220216404911,0.5464850250000001
Breast_MRI_090,0,4,duke,0.2630886743,0.6149466332122159,0.5980287125
Breast_MRI_091,0,1,duke,0.4378956155,0.20965168596915162,0.20965172
Breast_MRI_097,0,2,duke,0.433799035,0.5180395931852994,0.5466860375
Breast_MRI_099,1,3,duke,0.2376682762499999,0.5411778028641698,0.42610065750000004
Breast_MRI_101,0,0,duke,0.4192606835,0.369919227092184,0.3691372375
Breast_MRI_103,0,1,duke,0.624982597,0.598015260089456,0.59801525
Breast_MRI_104,0,2,duke,0.5329033715,0.2586438842968525,0.1972176425
Breast_MRI_107,0,3,duke,0.5589709595000001,0.6065678585632057,0.6747865799999999
Breast_MRI_114,0,4,duke,0.521090941,0.36920713384686515,0.264970065
Breast_MRI_115,1,1,duke,0.5025494045000001,0.5954637838566539,0.5954638
Breast_MRI_117,0,0,duke,0.557992716,0.7395584624310116,0.8085704075
Breast_MRI_119,0,2,duke,0.3687787514999999,0.4182087638952965,0.3557178325
Breast_MRI_123,0,3,duke,0.4014094144999999,0.36586991475505287,0.308576775
Breast_MRI_129,0,4,duke,0.5147162985,0.7121155381825,0.69710702
Breast_MRI_134,1,1,duke,0.636314957,0.685873609008253,0.6858736
Breast_MRI_136,0,0,duke,0.3445215275,0.4062271116101446,0.3517821525
Breast_MRI_137,0,2,duke,0.3883283859999999,0.3110532828077526,0.253437625
Breast_MRI_141,0,3,duke,0.3479029205,0.4829393835777509,0.4517768375
Breast_MRI_142,1,4,duke,0.372535269,0.4150907605014823,0.45246979249999997
Breast_MRI_144,1,0,duke,0.439693966,0.8028306086201418,0.7619712299999999
Breast_MRI_148,0,1,duke,0.389643914,0.5155162098260558,0.5155162
Breast_MRI_150,0,2,duke,0.3192531975,0.18034166424237977,0.12007691375
Breast_MRI_156,0,3,duke,0.437413986,0.6043539074036641,0.6028672724999999
Breast_MRI_157,1,4,duke,0.4742606119999999,0.2932200811437298,0.2323242825
Breast_MRI_160,0,3,duke,0.567041334,0.6913622969540202,0.6180665624999999
Breast_MRI_163,0,0,duke,0.452899074,0.3531855098622865,0.39309883
Breast_MRI_167,0,2,duke,0.4132574499999999,0.3389586115965324,0.245586725
Breast_MRI_168,0,1,duke,0.5584590235,0.35829099259196606,0.35829097
Breast_MRI_180,0,4,duke,0.3147561149,0.15879266705890555,0.08412717875
Breast_MRI_189,0,1,duke,0.5309627994999999,0.5309575219397922,0.5309576
Breast_MRI_198,0,2,duke,0.42335467,0.2846249191578389,0.2306690625
Breast_MRI_205,0,0,duke,0.3775639915,0.2798907961319423,0.1601127575
Breast_MRI_217,1,4,duke,0.4368498609999999,0.5018417196144006,0.4485097775
Breast_MRI_228,0,3,duke,0.3657206205,0.22528290203223245,0.21472667499999998
Breast_MRI_233,0,0,duke,0.401363115,0.6751570171510588,0.49154959
Breast_MRI_234,0,1,duke,0.349517444,0.5272353885192097,0.5272354
Breast_MRI_237,0,2,duke,0.4299336649999999,0.33004331727823655,0.26051187249999996
Breast_MRI_239,0,4,duke,0.284849058,0.5355816863522211,0.252281125
Breast_MRI_240,0,3,duke,0.716305946,0.4139949723654594,0.4619113675
Breast_MRI_244,0,2,duke,0.4538672525,0.6064475827650396,0.5483250074999999
Breast_MRI_253,1,3,duke,0.3096186535999999,0.6406628455054536,0.696092685
Breast_MRI_255,1,0,duke,0.4441310145,0.46736636580389035,0.472763765
Breast_MRI_260,0,1,duke,0.308522705,0.5643527953807691,0.5643528
Breast_MRI_265,0,4,duke,0.2875852675,0.6343303632697936,0.419253605
Breast_MRI_268,0,0,duke,0.4797912669999999,0.33371789291195403,0.362993815
Breast_MRI_269,0,1,duke,0.456553624,0.21700426658103678,0.21700427
Breast_MRI_283,0,3,duke,0.8715500304999999,0.6636473038932724,0.7159574075
Breast_MRI_287,0,2,duke,0.495257974,0.30386329441958626,0.26396890000000006
Breast_MRI_290,0,4,duke,0.3111530485,0.4159154189216174,0.4199060625
Breast_MRI_293,0,0,duke,0.478433392,0.48600247478151937,0.38788152499999995
Breast_MRI_298,0,1,duke,0.4731072345,0.3017548451679488,0.30175483
Breast_MRI_301,1,3,duke,0.1974112668285,0.31570661147750645,0.21931508
Breast_MRI_303,0,2,duke,0.4834062209999999,0.29921609400036836,0.27131127499999996
Breast_MRI_306,0,4,duke,0.2696470629999999,0.8386025643492734,0.7090810599999999
Breast_MRI_307,0,2,duke,0.441584506,0.5343621500131593,0.54158745
Breast_MRI_321,0,0,duke,0.4148824539999999,0.8063737926595043,0.7430737875
Breast_MRI_323,0,1,duke,0.5393339659999999,0.369280202350081,0.36928022
Breast_MRI_328,1,4,duke,0.531793432,0.5903381432577828,0.6533891549999999
Breast_MRI_333,0,3,duke,0.5151561545,0.41096164727721846,0.4450012575
Breast_MRI_350,1,0,duke,0.4857051205,0.26261528688946956,0.3102297375
Breast_MRI_356,0,1,duke,0.5366111495,0.2999947562322934,0.29999477
Breast_MRI_368,0,2,duke,0.480533619,0.6255853363002463,0.672232925
Breast_MRI_372,0,3,duke,0.469381066,0.40838453674777103,0.400152715
Breast_MRI_377,1,4,duke,0.3477471625,0.680294418189904,0.6972329325
Breast_MRI_378,0,0,duke,0.4833043695,0.1993028134604648,0.22557872999999998
Breast_MRI_383,0,1,duke,0.3712985875,0.5023286745497619,0.5023287
Breast_MRI_385,0,2,duke,0.4235136895,0.2719513909897734,0.184510505
Breast_MRI_386,0,4,duke,0.5467037175,0.8206891173195922,0.7310438674999999
Breast_MRI_387,0,3,duke,0.309638319,0.29516364461815653,0.21522326
Breast_MRI_397,0,0,duke,0.450550328,0.5962367063626662,0.647784725
Breast_MRI_398,1,1,duke,0.563939204,0.7642851325236171,0.76428515
Breast_MRI_399,0,3,duke,0.45297581,0.36829360583377946,0.32576973249999996
Breast_MRI_408,1,2,duke,0.416789075,0.5137219542961798,0.38435125
Breast_MRI_412,0,4,duke,0.4676247434999999,0.2117734281658717,0.1302236865
Breast_MRI_414,0,2,duke,0.414367295,0.56778280971256,0.3546033075
Breast_MRI_420,1,0,duke,0.4202222479999999,0.6334163116666633,0.5797455225
Breast_MRI_424,1,1,duke,0.4499585674999999,0.6277716293640601,0.6277716
Breast_MRI_431,0,3,duke,0.3268970331999999,0.8578331409268735,0.870194
Breast_MRI_435,0,4,duke,0.5183542975,0.5378696896481765,0.5394506775
Breast_MRI_438,1,0,duke,0.4746050995,0.6419822052818919,0.57266215
Breast_MRI_441,0,1,duke,0.3424489465,0.2705186761996404,0.27051866
Breast_MRI_444,1,2,duke,0.439676987,0.7327810346403743,0.7275117125
Breast_MRI_450,0,3,duke,0.6481450842857143,0.28980502786143364,0.293240785
Breast_MRI_454,0,4,duke,0.3647783985,0.21812778422082124,0.1507537725
Breast_MRI_464,0,3,duke,0.5246605555,0.25675244066409036,0.32395117
Breast_MRI_465,0,0,duke,0.4961465145,0.42143927247811463,0.44699958500000003
Breast_MRI_468,0,1,duke,0.52623509,0.8351267421779118,0.83512676
Breast_MRI_473,0,2,duke,0.3704768605,0.6693217638711204,0.6121097424999999
Breast_MRI_480,0,4,duke,0.484347902,0.26510503334408103,0.2406461575
Breast_MRI_482,1,3,duke,0.8072244470000001,0.7867596112050247,0.80833209
Breast_MRI_486,0,4,duke,0.3747279487,0.35984322248941125,0.233535275
Breast_MRI_489,1,0,duke,0.427624176,0.6535479849362934,0.6437670875
Breast_MRI_491,0,1,duke,0.418545613,0.47693826900926173,0.47693828
Breast_MRI_501,1,2,duke,0.5370187019999999,0.28486438209224596,0.3217884275
Breast_MRI_506,0,0,duke,0.43080929,0.39134061510273555,0.403538225
Breast_MRI_508,0,1,duke,0.4299591465,0.5332098099884374,0.5332098
Breast_MRI_512,1,2,duke,0.417215106,0.2712780166867568,0.2274803975
Breast_MRI_517,0,3,duke,0.384646417,0.23133139102785327,0.25076601
Breast_MRI_521,0,4,duke,0.192589512275,0.2733742291146004,0.118690085
Breast_MRI_525,1,4,duke,0.4522698715,0.8560423385174789,0.8453378225
Breast_MRI_527,0,0,duke,0.4425962529999999,0.3645071949851644,0.42413763
Breast_MRI_530,0,1,duke,0.3524154105,0.31449345536552953,0.31449345
Breast_MRI_534,0,2,duke,0.458212586,0.4033344999149677,0.3420307475
Breast_MRI_539,1,3,duke,0.6062115895,0.3975741390393249,0.385385605
Breast_MRI_541,0,0,duke,0.394230602,0.6067176404655494,0.4995099075
Breast_MRI_543,0,3,duke,0.448032201,0.5176417929231758,0.5483808
Breast_MRI_558,0,1,duke,0.530089853,0.8157749740259393,0.81577504
Breast_MRI_559,1,4,duke,0.23765431825,0.8453124822641648,0.7241203675
Breast_MRI_560,0,2,duke,0.39115381,0.29188209873848625,0.1329679825
Breast_MRI_562,1,0,duke,0.5579527265,0.5794858965211231,0.644154875
Breast_MRI_568,0,1,duke,0.3951265515,0.6616660395007326,0.6616661
Breast_MRI_573,0,2,duke,0.417010052,0.2702944539973178,0.20635132900000003
Breast_MRI_577,1,3,duke,0.565201391,0.8236215733038855,0.803568535
Breast_MRI_585,0,4,duke,0.4299396798,0.38779671476890226,0.26785924250000004
Breast_MRI_590,0,3,duke,0.8738507959999999,0.3824368388380898,0.30174209750000003
Breast_MRI_592,0,0,duke,0.37402378,0.2559255029743648,0.12697682999999998
Breast_MRI_595,0,1,duke,0.4565485185,0.3208273576870804,0.32082736
Breast_MRI_596,0,2,duke,0.4141511055,0.1867364901714893,0.1610821435
Breast_MRI_597,0,4,duke,0.29604068535,0.3094159742618552,0.17807545125000002
Breast_MRI_600,0,1,duke,0.54030411,0.2813011347215106,0.2813011
Breast_MRI_605,0,0,duke,0.429030662,0.3618407892413052,0.38187121999999996
Breast_MRI_607,0,3,duke,0.5159701680000001,0.631342001718516,0.66637316
Breast_MRI_609,0,4,duke,0.5121910885000001,0.22794693766123594,0.2430486925
Breast_MRI_610,0,2,duke,0.6276942099999999,0.6233711946709063,0.5968005075
Breast_MRI_612,0,0,duke,0.4683274884999999,0.657126377761094,0.648190185
Breast_MRI_614,1,1,duke,0.4947326875,0.6813988848497835,0.68139887
Breast_MRI_615,1,2,duke,0.418942912,0.44788817681149773,0.334199205
Breast_MRI_618,0,3,duke,0.2985665565,0.2447510839164652,0.182130125
Breast_MRI_623,0,4,duke,0.4331223549999999,0.35296519580328367,0.36833184750000003
Breast_MRI_626,0,0,duke,0.4616163975,0.26744704254997353,0.27312102250000003
Breast_MRI_633,1,1,duke,0.392391712,0.2793099668132504,0.27930996
Breast_MRI_640,0,4,duke,0.566796066,0.27628463998301256,0.1917628575
Breast_MRI_642,0,2,duke,0.465633435,0.5298180593074843,0.3785241425
Breast_MRI_648,0,3,duke,0.567258789,0.31207088123536425,0.22038509499999998
Breast_MRI_650,0,2,duke,0.4632366904999999,0.35445715423973195,0.2614249875
Breast_MRI_651,0,0,duke,0.4426066466666666,0.30383519673647635,0.30198964250000004
Breast_MRI_652,1,1,duke,0.54220799,0.7904497786165623,0.7904498
Breast_MRI_656,1,3,duke,0.585194972,0.6194563904404368,0.6348042250000001
Breast_MRI_660,0,4,duke,0.2976151055,0.7448653360265651,0.6234529925
Breast_MRI_662,0,2,duke,0.348391822,0.5953389697964429,0.34358699000000004
Breast_MRI_666,0,4,duke,0.4373103685,0.6201052755536622,0.40351742749999997
Breast_MRI_670,0,0,duke,0.504466779,0.24556118521040163,0.25172739
Breast_MRI_677,0,1,duke,0.478872829,0.3372816108622421,0.3372816
Breast_MRI_679,0,3,duke,0.517295418,0.7964825433182655,0.6268828725
Breast_MRI_681,0,0,duke,0.3932147095,0.5240765556410405,0.37694062
Breast_MRI_684,0,2,duke,0.3865001744999999,0.32684058065186455,0.2344809875
Breast_MRI_685,0,4,duke,0.23665853195,0.24701112934638678,0.09973397625
Breast_MRI_687,0,1,duke,0.386290102,0.8321349309813209,0.8321349
Breast_MRI_693,0,3,duke,0.19699110057,0.5579098033697453,0.45945982500000004
Breast_MRI_694,0,1,duke,0.368844765,0.2465603249784637,0.24656034
Breast_MRI_697,0,0,duke,0.444136616,0.33970436190928116,0.350872525
Breast_MRI_705,0,2,duke,0.324934752,0.2458808558508561,0.1349871775
Breast_MRI_717,0,4,duke,0.31873433585,0.3723457590833987,0.2106046775
Breast_MRI_723,0,3,duke,0.431215904,0.5898432096568739,0.5913699875
Breast_MRI_724,0,0,duke,0.4896672605,0.15883379256034816,0.1542325075
Breast_MRI_735,1,1,duke,0.3567007795,0.5475123121662787,0.5475123
Breast_MRI_746,0,3,duke,0.773491737,0.29701118115246716,0.35123277499999994
Breast_MRI_757,0,2,duke,0.4507860205,0.6731466834201171,0.6890074225
Breast_MRI_758,0,4,duke,0.435824694,0.8476516386537917,0.8245230475
Breast_MRI_762,0,2,duke,0.2301720964999999,0.6900844011156859,0.43965210499999996
Breast_MRI_774,1,0,duke,0.460567758,0.7238714356105614,0.73434555
Breast_MRI_776,0,1,duke,0.4301950105,0.19513222432243046,0.19513223
Breast_MRI_778,0,3,duke,0.5408047144999999,0.4738743285640111,0.53943158
Breast_MRI_789,0,4,duke,0.6912829585,0.3656880152529905,0.25580859
Breast_MRI_805,0,1,duke,0.466894701,0.33407502653469395,0.33407503
Breast_MRI_809,0,0,duke,0.438694798,0.25973827131741895,0.2085847225
Breast_MRI_812,1,2,duke,0.5203701395,0.5456087117134742,0.5084011675
Breast_MRI_816,0,4,duke,0.579032895,0.3904876816804903,0.3956698325
Breast_MRI_817,1,3,duke,0.37670235,0.6653514554095197,0.69154596
Breast_MRI_830,1,0,duke,0.4557420965,0.6833981254561535,0.688844675
Breast_MRI_831,0,1,duke,0.520897132,0.23886916198397523,0.23886919
Breast_MRI_836,0,2,duke,0.5549801091666667,0.38126580653248016,0.326536465
Breast_MRI_847,0,3,duke,0.417499091,0.709410981720256,0.71012013
Breast_MRI_851,0,4,duke,0.2643187852,0.2300971822981788,0.10663533375
Breast_MRI_857,0,2,duke,0.4097389185,0.20667999570793447,0.15649056249999999
Breast_MRI_860,0,0,duke,0.562093605,0.33221453962215536,0.393565285
Breast_MRI_865,0,4,duke,0.5322138384999999,0.32896595951433844,0.328724515
Breast_MRI_874,0,1,duke,0.470790848,0.2631105682233784,0.26311058
Breast_MRI_877,0,3,duke,0.3196302723,0.3301019683252337,0.27501906750000005
Breast_MRI_879,0,2,duke,0.484405755,0.4474544522356962,0.41624407750000003
Breast_MRI_882,1,0,duke,0.483730439,0.6262592924200415,0.6161563925
Breast_MRI_883,1,1,duke,0.316843776,0.5712160820270447,0.5712161
Breast_MRI_884,0,3,duke,0.404738121,0.5176293569767375,0.564409575
Breast_MRI_891,0,4,duke,0.6510542455,0.7022938621448539,0.7662214325000001
Breast_MRI_899,0,0,duke,0.5072225214999999,0.34423376863505184,0.3798243725
Breast_MRI_900,0,2,duke,0.4392378245,0.24793225039932323,0.189741415
Breast_MRI_901,0,4,duke,0.5325132404999999,0.2028184161050727,0.19366303499999998
Breast_MRI_914,0,1,duke,0.4432483815,0.568185056449227,0.56818503
Breast_MRI_916,0,3,duke,0.6891978974999999,0.2938599447362034,0.35860075750000003
ISPY1_1001,0,0,spy1,0.375634729,0.33370074313428666,0.212653945
ISPY1_1002,0,1,spy1,0.2880075165,0.35274215374878454,0.35274217
ISPY1_1003,0,2,spy1,0.392501091,0.26997047520076484,0.23602481499999997
ISPY1_1005,0,3,spy1,0.58875567,0.24673665966555072,0.2622645725
ISPY1_1007,0,4,spy1,0.2912565705,0.3211550103469627,0.22802007000000002
ISPY1_1008,0,1,spy1,0.3062631644999999,0.2925090811912419,0.29250908
ISPY1_1011,1,2,spy1,0.414490672,0.6983625112452809,0.6086670475
ISPY1_1012,0,0,spy1,0.444356112,0.2167271475801875,0.1662149325
ISPY1_1025,0,3,spy1,0.3503988731999999,0.26778187493181876,0.26783970749999997
ISPY1_1027,0,4,spy1,0.623657927,0.6248364949787423,0.5112233925
ISPY1_1029,0,1,spy1,0.411695642,0.48735763258658893,0.48735762
ISPY1_1031,0,2,spy1,0.349512395,0.23376455408197847,0.1642743075
ISPY1_1034,0,4,spy1,0.277773322665,0.5518513421424764,0.49368366
ISPY1_1035,0,0,spy1,0.563113639,0.4963324480830136,0.554259405
ISPY1_1036,0,3,spy1,0.3808170725,0.8003670712094479,0.8214806674999999
ISPY1_1037,0,1,spy1,0.3314600175,0.48550294693534934,0.48550293
ISPY1_1038,0,2,spy1,0.4235698069999999,0.6599901550801294,0.695410275
ISPY1_1040,0,0,spy1,0.3808639835,0.4689480312417002,0.353672745
ISPY1_1053,0,3,spy1,0.6070914945,0.3073204336806209,0.2835274725
ISPY1_1054,0,4,spy1,0.449385484,0.552049472962214,0.3818005975
ISPY1_1056,0,0,spy1,0.415910265,0.798392091281271,0.7340718700000001
ISPY1_1060,0,1,spy1,0.5270303015,0.15762453036581323,0.15762451
ISPY1_1061,0,4,spy1,0.3692734472,0.7690817900080755,0.6857057424999999
ISPY1_1062,0,2,spy1,0.3618547285,0.3066533870303267,0.228776035
ISPY1_1064,0,4,spy1,0.260448997905,0.47439907961613703,0.31949129
ISPY1_1066,0,3,spy1,0.6212772025000001,0.5658938339941625,0.606256425
ISPY1_1069,0,0,spy1,0.420786654,0.2613830124336966,0.11750547250000001
ISPY1_1070,1,1,spy1,0.4030200115,0.3337488855079283,0.3337489
ISPY1_1072,0,3,spy1,0.134972355365,0.637363814632882,0.6089952424999999
ISPY1_1074,0,2,spy1,0.429324635,0.2904966696242035,0.32763741999999996
ISPY1_1075,1,0,spy1,0.366800976,0.6789960142975224,0.5032979175
ISPY1_1077,1,1,spy1,0.4570408985,0.5728744186924375,0.5728744
ISPY1_1078,1,3,spy1,0.25868016665,0.3947224648588704,0.4356366075
ISPY1_1084,0,4,spy1,0.4015364274999999,0.5312053477493315,0.5772698900000001
ISPY1_1087,1,2,spy1,0.444432477,0.8283885426877022,0.8324476075
ISPY1_1089,0,0,spy1,0.5004520345,0.13633827192782025,0.1629552575
ISPY1_1097,0,1,spy1,0.478836594,0.5740546684137419,0.57405466
ISPY1_1099,1,2,spy1,0.402474117,0.5410453621226932,0.5195145175
ISPY1_1100,0,3,spy1,0.4684749685,0.2454171070869557,0.256597015
ISPY1_1101,0,4,spy1,0.40824132855,0.7622727126160279,0.7328201599999999
ISPY1_1103,1,3,spy1,0.3828334683,0.7239531976566945,0.716920665
ISPY1_1104,1,0,spy1,0.47998542,0.7118300280006052,0.7325555575
ISPY1_1107,0,4,spy1,0.36695699535,0.2998129080111378,0.174161475
ISPY1_1112,1,1,spy1,0.39529881,0.8312835382499839,0.8312835
ISPY1_1114,0,2,spy1,0.422498586,0.2640721634280992,0.28441292
ISPY1_1120,0,0,spy1,0.3846907805,0.4276701441286272,0.28284041249999997
ISPY1_1122,0,1,spy1,0.462333785,0.7672931007001313,0.7672931
ISPY1_1124,0,2,spy1,0.4734243245,0.7116751960319324,0.75408449
ISPY1_1128,0,3,spy1,0.352776300975,0.712239051493469,0.74621085
ISPY1_1130,1,4,spy1,0.4765337109999999,0.45156212100215837,0.40747677
ISPY1_1134,0,0,spy1,0.394642866,0.3355415654705126,0.2476606525
ISPY1_1135,0,1,spy1,0.4636251585,0.6039579643104598,0.603958
ISPY1_1139,1,2,spy1,0.4582492605,0.48006748496855417,0.49338539000000003
ISPY1_1140,0,3,spy1,0.37816360295,0.3001304215462896,0.33803169499999997
ISPY1_1141,0,4,spy1,0.39115001075,0.7607967593826841,0.828653635
ISPY1_1144,1,4,spy1,0.548280809,0.4309669781782504,0.312680665
ISPY1_1147,0,0,spy1,0.405774215,0.4473513599483339,0.341418275
ISPY1_1148,1,1,spy1,0.706974208,0.8273397667260884,0.82733977
ISPY1_1152,0,2,spy1,0.440713661,0.5590739290330353,0.45554841
ISPY1_1155,1,3,spy1,0.5683847945,0.5718586503658508,0.6214078199999999
ISPY1_1156,1,4,spy1,0.1613781518499999,0.6782514823693013,0.3837620525
ISPY1_1159,0,0,spy1,0.429571993,0.3809984593815857,0.432935625
ISPY1_1161,0,1,spy1,0.3188102535,0.7366492258179468,0.73664916
ISPY1_1164,0,2,spy1,0.4170349525,0.23417486689885356,0.270797275
ISPY1_1167,0,3,spy1,0.3997666844999999,0.37431249455435744,0.3885209975
ISPY1_1169,0,3,spy1,0.219283787585,0.621350403316349,0.6057271474999999
ISPY1_1173,0,0,spy1,0.4718626645,0.37933622583335885,0.5176635975
ISPY1_1176,1,1,spy1,0.431414748,0.8142665781241585,0.8142665
ISPY1_1177,1,2,spy1,0.4899488975,0.8780395407952525,0.8610364875
ISPY1_1179,0,4,spy1,0.5603140695,0.6256999025855106,0.4636727
ISPY1_1181,0,2,spy1,0.4240288945,0.27105643569620597,0.3089216325
ISPY1_1183,0,0,spy1,0.4594991085,0.26021197242872324,0.204737835
ISPY1_1184,1,1,spy1,0.590468604,0.5541548548401788,0.5541549
ISPY1_1187,0,3,spy1,0.6226972395000001,0.4241553038117683,0.416616355
ISPY1_1188,0,4,spy1,0.5908293895,0.7851124697878509,0.7229812725
ISPY1_1189,1,0,spy1,0.41830792,0.6998236291554246,0.5758381075
ISPY1_1191,0,3,spy1,0.4051000785,0.31371492893197905,0.33568838
ISPY1_1193,0,1,spy1,0.612265105,0.2658123581392715,0.26581234
ISPY1_1194,0,2,spy1,0.4174269685,0.19574344265143068,0.20167999250000002
ISPY1_1196,0,4,spy1,0.4655848635,0.6677563583114985,0.7027961575
ISPY1_1197,0,2,spy1,0.4827886865,0.24753426591916486,0.30724517500000004
ISPY1_1198,0,0,spy1,0.4146817024999999,0.292654161577906,0.23434040750000001
ISPY1_1199,0,1,spy1,0.511164051,0.6412485036844252,0.6412485
ISPY1_1204,0,3,spy1,0.446504731,0.6530134278237779,0.6923231999999999
ISPY1_1205,0,4,spy1,0.4074350727999999,0.141007501437509,0.157579245
ISPY1_1208,1,0,spy1,0.433942163,0.5978823487791515,0.6274975924999999
ISPY1_1212,1,2,spy1,0.7043149635,0.7432828655417717,0.8072799025
ISPY1_1215,1,1,spy1,0.6279127045,0.44328413501179514,0.44328415
ISPY1_1217,0,4,spy1,0.34341689875,0.3656519707177497,0.24257395
ISPY1_1218,0,3,spy1,0.4702960045,0.6186591812129348,0.64192279
ISPY1_1219,0,3,spy1,0.38788119,0.2723286443718798,0.313786935
ISPY1_1222,0,0,spy1,0.4387648975,0.7563804654314431,0.6491876400000001
ISPY1_1223,0,1,spy1,0.493432621,0.2794622385458543,0.27946222
ISPY1_1225,0,2,spy1,0.438554338,0.3466212106132085,0.36473995000000003
ISPY1_1227,1,4,spy1,0.7864786125000001,0.747165815858295,0.77727275
ISPY1_1228,1,2,spy1,0.4016083769999999,0.6979028015907739,0.5715247400000001
ISPY1_1230,0,0,spy1,0.2942121354999999,0.239058268794292,0.0918465615
ISPY1_1231,0,1,spy1,0.3747499105,0.239465461119718,0.23946548
ISPY1_1233,0,3,spy1,0.36825625405,0.4662789307648173,0.44548898
ISPY1_1235,1,4,spy1,0.2541015867,0.7528846731997765,0.67246576
ISPY1_1236,0,2,spy1,0.470890161,0.3968351648458918,0.49375031999999996
ISPY1_1237,0,0,spy1,0.3833435585,0.5772015826670339,0.4258062
ISPY1_1238,0,1,spy1,0.361095698,0.4515522892750755,0.4515523
ISPY1_1239,0,3,spy1,0.432843819,0.3551045136059798,0.421058925
ISPY2-100899,0,4,spy2,0.6632949079999999,0.6502399912246699,0.6935859249999999
ISPY2-102011,1,3,spy2,0.32508904275,0.46365473048324607,0.50342749
ISPY2-103693,0,0,spy2,0.476222569,0.2659472387268646,0.37639131
ISPY2-104384,0,2,spy2,0.431771105,0.2911692317432342,0.29075695
ISPY2-105286,0,1,spy2,0.6152053654999999,0.27221041970981463,0.27221042
ISPY2-105513,1,4,spy2,0.427469312,0.2916552369847963,0.21479658499999998
ISPY2-108939,1,0,spy2,0.400052088,0.7033647670094494,0.6844376575
ISPY2-109623,0,1,spy2,0.4452384805,0.34774251512414694,0.34774253
ISPY2-109980,1,2,spy2,0.4666648725,0.4411002412106583,0.4774727625
ISPY2-111004,0,3,spy2,0.4693275725,0.19037268770705457,0.2283224925
ISPY2-111646,0,2,spy2,0.624658659,0.19773363562914315,0.26618033750000003
ISPY2-111881,1,4,spy2,0.45227815,0.6304724019784965,0.6653087900000001
ISPY2-114087,0,4,spy2,0.4969910125,0.2740093274619895,0.363584125
ISPY2-115638,0,0,spy2,0.3899125455,0.6480968785449723,0.5859640875000001
ISPY2-117424,1,3,spy2,0.761533738,0.6944565020976406,0.7493685999999999
ISPY2-117707,1,1,spy2,0.545348599,0.5213877232712203,0.5213877
ISPY2-120001,0,2,spy2,0.3433390515,0.6922193794274057,0.583112615
ISPY2-120422,1,0,spy2,0.4259710339999999,0.26436130209563213,0.291324705
ISPY2-122287,1,1,spy2,0.314938604,0.37684318906251163,0.3768432
ISPY2-122579,0,2,spy2,0.577429618,0.25655874694201175,0.32611879
ISPY2-122795,0,3,spy2,0.490083178,0.6808266534469126,0.7098177225
ISPY2-125130,1,4,spy2,0.659517271,0.8041605988701604,0.8717885875
ISPY2-125418,0,2,spy2,0.5356639385,0.3079444597172136,0.39953462
ISPY2-127675,0,0,spy2,0.375078624,0.4746727594222949,0.370606895
ISPY2-127791,0,1,spy2,0.6040002075,0.5484047504666808,0.5484047
ISPY2-128051,0,3,spy2,0.19436128985,0.5012392395189387,0.39210501499999995
ISPY2-128675,1,4,spy2,0.614860873,0.16612722071616468,0.24152898750000001
ISPY2-129837,0,0,spy2,0.413939034,0.4443259112632386,0.4325235875
ISPY2-129973,1,2,spy2,0.4428140424999999,0.6620567215101545,0.61388216
ISPY2-130892,1,4,spy2,0.2564280452499999,0.21544869875943967,0.1507155775
ISPY2-131595,0,1,spy2,0.5468831805,0.3151146771215549,0.31511468
ISPY2-132463,1,3,spy2,0.3430124513,0.3282186147571479,0.30815898
ISPY2-133650,0,0,spy2,0.416247629,0.2589210379815148,0.21553942999999998
ISPY2-134526,1,1,spy2,0.3548799365,0.7439923582541423,0.7439924
ISPY2-136536,1,3,spy2,0.3854757095,0.7129403762062969,0.7165898725
ISPY2-138425,1,2,spy2,0.505164822,0.7153607099608975,0.7849226375
ISPY2-139771,1,4,spy2,0.6187978295,0.40847040609789864,0.4987284825
ISPY2-141782,0,0,spy2,0.4107014679999999,0.5338160331825572,0.4100877575
ISPY2-142688,0,1,spy2,0.4594797224999999,0.6221401312849898,0.62214017
ISPY2-145513,0,2,spy2,0.4435638755,0.6654790545171999,0.6311749325
ISPY2-146033,1,3,spy2,0.625160711,0.5492943120613295,0.61341504
ISPY2-147139,1,4,spy2,0.4142947287,0.532879394845496,0.4808257375
ISPY2-149654,0,2,spy2,0.425197909,0.31880515394379144,0.34836072250000005
ISPY2-151230,0,0,spy2,0.371786743,0.48449906113846847,0.466746855
ISPY2-151980,1,4,spy2,0.326092592,0.294356559040349,0.2185641775
ISPY2-153327,1,1,spy2,0.5500045809999999,0.6011704495875763,0.6011704
ISPY2-154293,0,3,spy2,0.4657840304999999,0.4455508693870211,0.4079684025
ISPY2-155171,0,0,spy2,0.4512778825,0.19604590269681824,0.2571052225
ISPY2-157270,0,1,spy2,0.5384938945,0.5018454420769184,0.5018454
ISPY2-157463,0,3,spy2,0.420187112,0.3166151355923122,0.33480409499999997
ISPY2-159284,0,2,spy2,0.4220287615,0.5197256604691164,0.59114336
ISPY2-159352,0,4,spy2,0.39576147,0.4837564336581733,0.408065325
ISPY2-160120,0,0,spy2,0.4252857975,0.2531430811050748,0.2467808775
ISPY2-164468,0,1,spy2,0.3896561129999999,0.47397234477091915,0.47397238
ISPY2-166412,0,2,spy2,0.4547914289999999,0.5753365440197573,0.5890443275
ISPY2-166782,0,3,spy2,0.464140801,0.4810157258106257,0.45400653
ISPY2-167271,0,4,spy2,0.3789202,0.7091822065041049,0.6812628225
ISPY2-172168,0,2,spy2,0.533800952,0.6744414551470079,0.7428612800000001
ISPY2-172283,0,0,spy2,0.486678765,0.555433086231732,0.5784475125
ISPY2-174903,0,1,spy2,0.554330838,0.284172857842177,0.28417286
ISPY2-174904,0,3,spy2,0.7129403950000001,0.358020241828551,0.42249495000000004
ISPY2-177795,1,4,spy2,0.6625746785000001,0.5265464360013825,0.66883519
ISPY2-178649,1,0,spy2,0.487342381,0.5434930462848508,0.5901679424999999
ISPY2-178815,0,1,spy2,0.483937245,0.2780742263672271,0.27807423
ISPY2-180027,1,2,spy2,0.4503401174999999,0.6679596991072791,0.6392560300000001
ISPY2-181442,0,3,spy2,0.3398064515,0.4228092481887346,0.48598197
ISPY2-182346,0,4,spy2,0.4956704495,0.17565841046919173,0.14072593
ISPY2-183831,1,0,spy2,0.4608271415,0.27685829615449387,0.2806352725
ISPY2-188091,1,4,spy2,0.518301064,0.8432179462279641,0.8721280174999999
ISPY2-188511,0,1,spy2,0.5953618055,0.25110711634966837,0.2511071
ISPY2-190224,0,2,spy2,0.4354265794999999,0.19220206302370957,0.262529335
ISPY2-192548,0,3,spy2,0.3484166965,0.22492767987354062,0.24410278000000002
ISPY2-194024,1,0,spy2,0.4427841939999999,0.34504973265552447,0.301561115
ISPY2-196024,0,1,spy2,0.387267151,0.38556561668060296,0.38556564
ISPY2-199115,0,2,spy2,0.6306693925,0.255769609724419,0.33294798249999996
ISPY2-199960,0,3,spy2,0.3718949115,0.57038565975032,0.60422095
ISPY2-200222,0,4,spy2,0.551972251,0.187558080588265,0.19120372749999998
ISPY2-201831,1,1,spy2,0.5676237065,0.7121225687216858,0.71212256
ISPY2-201873,1,3,spy2,0.4620078685,0.35918915508079075,0.40502605
ISPY2-202539,1,4,spy2,0.31046219225,0.15072694999543088,0.166011515
ISPY2-202956,1,0,spy2,0.418838275,0.6021226198642243,0.5808101000000001
ISPY2-203254,0,2,spy2,0.470944168,0.6690946899319963,0.7367363325
ISPY2-204939,1,1,spy2,0.509610688,0.47162113366961145,0.47162113
ISPY2-208265,1,3,spy2,0.591827798,0.6213352553265314,0.68262032
ISPY2-209397,0,4,spy2,0.5590542565,0.2572978369405722,0.3626792
ISPY2-211408,1,0,spy2,0.509863928,0.7202701376267011,0.7782811075
ISPY2-212307,0,2,spy2,0.4786773205,0.28950098518538475,0.4138753675
ISPY2-213328,1,1,spy2,0.516698133,0.6871152211930454,0.68711525
ISPY2-213672,0,0,spy2,0.478144957,0.33231135494107555,0.3190616825
ISPY2-218249,0,2,spy2,0.3078440865,0.31172970537850797,0.24121517250000002
ISPY2-220664,1,3,spy2,0.519320475,0.5525178540262495,0.5828998925
ISPY2-221375,0,4,spy2,0.5452387625,0.207320050040542,0.21219765499999999
ISPY2-225836,0,0,spy2,0.4707440744999999,0.4472309796411455,0.3889741175
ISPY2-227832,0,1,spy2,0.3803237574999999,0.43040343641342366,0.43040344
ISPY2-228192,0,2,spy2,0.4715906205,0.5697147634453601,0.486840025
ISPY2-228340,0,1,spy2,0.4930702274999999,0.6806439569486568,0.6806439
ISPY2-229328,0,3,spy2,0.6248715185,0.23471151019391986,0.27770233250000004
ISPY2-229824,0,4,spy2,0.4591502805,0.19713181785459516,0.12861370249999998
ISPY2-231633,1,0,spy2,0.4929400465,0.5187266269847648,0.57233423
ISPY2-233832,0,1,spy2,0.5501720315,0.5965599727416808,0.59656
ISPY2-233962,1,2,spy2,0.5626578600000001,0.7139267942096255,0.748899785
ISPY2-234272,0,3,spy2,0.367977389,0.5171871524642735,0.5439273825
ISPY2-235995,1,4,spy2,0.5149933225,0.5522742631088178,0.5891928
ISPY2-238790,0,1,spy2,0.406906319,0.5372450544624672,0.5372451
ISPY2-239061,0,0,spy2,0.4393812739999999,0.41872937675771305,0.48199068749999996
ISPY2-241705,0,2,spy2,0.4847581809999999,0.3358226738574729,0.30406944999999996
ISPY2-242370,1,3,spy2,0.707991925,0.41753916141606673,0.43235838000000004
ISPY2-243836,1,4,spy2,0.510212604,0.3566042061164451,0.446468195
ISPY2-245655,0,0,spy2,0.3798313795,0.5708750013172728,0.5098537350000001
ISPY2-247641,0,1,spy2,0.5376078879999999,0.56024973757733,0.56024975
ISPY2-248255,0,4,spy2,0.4763710525,0.39705085820100405,0.465178275
ISPY2-250274,0,2,spy2,0.5574619245,0.5460193498582816,0.669505725
ISPY2-252748,1,3,spy2,0.6635778495,0.561857814165709,0.592424165
ISPY2-254060,1,0,spy2,0.5160750249999999,0.6780977471464841,0.7400877349999999
ISPY2-254273,0,1,spy2,0.4628315715,0.6054406219414096,0.6054406
ISPY2-255078,0,2,spy2,0.3502765605,0.46589100175582326,0.334222905
ISPY2-255535,0,3,spy2,0.3053600825999999,0.4553336140877934,0.400938265
ISPY2-257735,0,4,spy2,0.6347634005,0.6463671651504221,0.659046015
ISPY2-259206,0,0,spy2,0.367322942,0.4225106396466688,0.3452615375
ISPY2-259899,0,1,spy2,0.3946158385,0.5709976441668175,0.57099766
ISPY2-261304,0,2,spy2,0.4279846055,0.3348920244172204,0.29408866250000004
ISPY2-262131,0,3,spy2,0.392384485,0.3932349976288683,0.4240210825
ISPY2-264678,0,4,spy2,0.561859928,0.3366870499532117,0.36951384
ISPY2-266509,1,1,spy2,0.592235426,0.601695433784152,0.6016954
ISPY2-267306,1,2,spy2,0.4664710155,0.455521352617311,0.5509599199999999
ISPY2-268937,1,0,spy2,0.352371059,0.5863308679171632,0.3607012925
ISPY2-273691,1,3,spy2,0.544143971,0.5765267488680607,0.6398998200000001
ISPY2-273745,0,4,spy2,0.7305088965,0.30117074547487765,0.32811028249999996
ISPY2-277848,0,0,spy2,0.377254501,0.4333959977104359,0.4754526325
ISPY2-279902,1,1,spy2,0.531583547,0.35543216522559323,0.35543215
ISPY2-282082,1,3,spy2,0.38204777935,0.5344057042397143,0.54998941
ISPY2-282644,0,2,spy2,0.4635612464999999,0.547700120938642,0.5199567425
ISPY2-282777,0,4,spy2,0.682079201,0.2476575724379418,0.22417374750000002
ISPY2-286984,0,0,spy2,0.4398088384999999,0.2732843718821087,0.3009519675
ISPY2-287300,1,1,spy2,0.4502585339999999,0.47255256036315063,0.4725526
ISPY2-289107,1,2,spy2,0.4303306475,0.6781556257086538,0.5320127875
ISPY2-290413,0,3,spy2,0.579889368,0.4367715453320412,0.4919251125
ISPY2-291515,0,4,spy2,0.539866799,0.5921321753778679,0.594865485
ISPY2-294176,1,4,spy2,0.3967360669999999,0.5013042034889156,0.34247407750000003
ISPY2-294265,1,0,spy2,0.453570313,0.5330166776402676,0.5821872349999999
ISPY2-299364,0,3,spy2,0.4761580654999999,0.6496532056944005,0.6755541174999999
ISPY2-299840,0,1,spy2,0.5084423985,0.6372981515232773,0.63729817
ISPY2-300724,0,2,spy2,0.5271110145,0.21502841294313377,0.2014682025
ISPY2-301289,0,0,spy2,0.5287437045,0.31035809862430785,0.411207525
ISPY2-301968,0,1,spy2,0.5183708175,0.276231876541149,0.27623188
ISPY2-303685,1,2,spy2,0.5478774365,0.24817980192812455,0.28404792
ISPY2-306127,0,3,spy2,0.456140094,0.22988164287607643,0.3103508825
ISPY2-307659,0,4,spy2,0.4501714424999999,0.5410337502141711,0.533729845
ISPY2-309830,0,0,spy2,0.4846045639999999,0.5983162806100609,0.7001759525
ISPY2-311316,0,2,spy2,0.3809137935,0.3803299566839723,0.3384497625
ISPY2-311455,0,1,spy2,0.5067318545,0.2728874240035652,0.27288744
ISPY2-313243,1,3,spy2,0.5189639785,0.3283451192447204,0.36726291499999997
ISPY2-313672,0,4,spy2,0.4512341825,0.20035285878392145,0.150821275
ISPY2-316996,0,0,spy2,0.392578985,0.7199361997196783,0.7127005949999999
ISPY2-318293,0,1,spy2,0.4919572559999999,0.3289780714131973,0.32897806
ISPY2-318407,0,4,spy2,0.34959137905,0.5535654162814936,0.5215266599999999
ISPY2-318438,0,2,spy2,0.470673454,0.49963828560661644,0.505186225
ISPY2-318569,0,3,spy2,0.6349717939999999,0.5928593060569717,0.5704102600000001
ISPY2-319324,0,0,spy2,0.474618265,0.523652843532911,0.55757121
ISPY2-324021,0,1,spy2,0.5493126075,0.5001509132787474,0.5001509
ISPY2-326202,0,2,spy2,0.4141482684999999,0.27400401190480406,0.3350017775
ISPY2-327133,0,3,spy2,0.336211575,0.419716830558558,0.4343654475
ISPY2-327142,0,4,spy2,0.5366176865,0.19836710728727452,0.15646663
ISPY2-329941,1,0,spy2,0.4379155485,0.5593231242217034,0.613239505
ISPY2-330134,0,1,spy2,0.6364017145,0.287220809506895,0.2872208
ISPY2-331192,1,2,spy2,0.436382232,0.23517712531330381,0.2476958475
ISPY2-332655,1,3,spy2,0.533857979,0.5149776589085424,0.5191210049999999
ISPY2-333145,1,4,spy2,0.498615283,0.1993389129838046,0.198682615
ISPY2-335091,1,0,spy2,0.4223295969999999,0.6334329815662247,0.50930924
ISPY2-340186,0,1,spy2,0.5149364025,0.6282167838414987,0.6282168
ISPY2-342996,0,4,spy2,0.478459565,0.3654648268520094,0.4828963175
ISPY2-345460,0,2,spy2,0.3082487515,0.349139733221786,0.2236208225
ISPY2-345483,0,3,spy2,0.6796860005,0.5319212729752729,0.5960171999999999
ISPY2-345574,1,2,spy2,0.588009741,0.6778185504370177,0.7325761625
ISPY2-347516,0,0,spy2,0.4977527815,0.6364790243553318,0.7189201425
ISPY2-349330,1,1,spy2,0.538667616,0.6138075648061201,0.61380756
ISPY2-349639,1,3,spy2,0.403113192,0.5251593585170504,0.5827570925000001
ISPY2-350331,0,4,spy2,0.3604677875,0.7384540316638318,0.6534312
ISPY2-353318,0,0,spy2,0.458528908,0.5349801407122223,0.609839685
ISPY2-355292,0,1,spy2,0.5715213055,0.2957766745708967,0.29577667
ISPY2-356399,0,4,spy2,0.2898909529,0.31320604717026046,0.25608527999999997
ISPY2-357017,0,2,spy2,0.3704534075,0.16105839128124275,0.15358439499999998
ISPY2-357034,0,3,spy2,0.4087249345,0.23630001127732958,0.26180996749999996
ISPY2-360937,0,0,spy2,0.4140027245,0.2775538370111322,0.32046593749999996
ISPY2-363669,0,1,spy2,0.5615577555,0.25602003263718187,0.25602004
ISPY2-367682,0,2,spy2,0.4780957905,0.5510812683728421,0.412367575
ISPY2-371528,0,3,spy2,0.32031213245,0.13673415012924284,0.14979508
ISPY2-373672,0,4,spy2,0.3120094293,0.30305987407122426,0.30275683
ISPY2-374106,0,0,spy2,0.4169717324999999,0.740460708532597,0.7530146025
ISPY2-374121,0,1,spy2,0.3525228155,0.5399041655814026,0.5399042
ISPY2-375342,0,3,spy2,0.3196016385,0.6544940069599915,0.5613254700000001
ISPY2-375455,0,2,spy2,0.5367797905,0.561805794998296,0.57235009
ISPY2-377460,1,4,spy2,0.6545486054999999,0.8502109217991045,0.8754166674999999
ISPY2-378401,1,2,spy2,0.4383302729999999,0.4882648212718973,0.426546805
ISPY2-380239,0,0,spy2,0.5708596885,0.5953360617175977,0.6687651975000001
ISPY2-380972,0,1,spy2,0.3769277265,0.3695870658693652,0.36958706
ISPY2-382853,1,3,spy2,0.7388712175000001,0.8197479831037368,0.855034025
ISPY2-386664,0,4,spy2,0.27477780285,0.18632482629104105,0.12849995599999997
ISPY2-388581,1,0,spy2,0.487742043,0.5716610979946598,0.590956325
ISPY2-395076,1,1,spy2,0.4987948445,0.6105522707573084,0.61055225
ISPY2-395249,0,2,spy2,0.5225151535,0.532469001975588,0.5568794775
ISPY2-395379,0,3,spy2,0.29160526045,0.326510446527973,0.38105086
ISPY2-402384,0,4,spy2,0.3019244675,0.5732217348937317,0.40123414
ISPY2-405717,0,0,spy2,0.4376987105,0.5912094975055779,0.6181536624999999
ISPY2-406190,0,3,spy2,0.54927749895,0.46134621324910624,0.3808381925
ISPY2-410083,1,1,spy2,0.5886794424999999,0.8164232036640025,0.8164232
ISPY2-411008,0,2,spy2,0.547778372,0.5671882633483827,0.60306266
ISPY2-411684,0,4,spy2,0.6229232615,0.5919133031399898,0.5896840725
ISPY2-411806,0,0,spy2,0.3854687525,0.30767399760966974,0.3332479475
ISPY2-411950,0,1,spy2,0.5677322714999999,0.23497398903590966,0.23497401
ISPY2-413961,0,2,spy2,0.402080721,0.5925546469320232,0.38513803
ISPY2-414256,0,3,spy2,0.47871558,0.326953574266516,0.36034183
ISPY2-414286,0,4,spy2,0.4776728555,0.19455721169789209,0.1217585575
ISPY2-415039,0,1,spy2,0.5650488215,0.44169219987289243,0.4416922
ISPY2-416434,1,0,spy2,0.3994170925,0.6264749481174859,0.6357142
ISPY2-420523,0,2,spy2,0.453191609,0.6047151980106489,0.5148086325000001
ISPY2-423619,1,3,spy2,0.3266404104,0.5524322340881067,0.593186295
ISPY2-423979,0,4,spy2,0.4846867815,0.3030743443617558,0.39593959749999996
ISPY2-424541,0,3,spy2,0.484652552,0.23809857421103364,0.2669568
ISPY2-425173,1,2,spy2,0.4286835555,0.23954238794738175,0.29598233
ISPY2-426106,0,0,spy2,0.4143516319999999,0.18979123480115004,0.19569019999999998
ISPY2-427321,1,1,spy2,0.4981618725,0.16095947781084033,0.16095948
ISPY2-431061,0,4,spy2,0.650440946,0.2601686664363533,0.33577693
ISPY2-433144,1,0,spy2,0.5722497945,0.4679320935956708,0.54109932
ISPY2-437162,0,1,spy2,0.4983051504999999,0.5475917133586636,0.54759175
ISPY2-437968,0,3,spy2,0.4630969505,0.4819693216433804,0.5479880374999999
ISPY2-439489,0,2,spy2,0.4010878795,0.28298307806714706,0.241061315
ISPY2-442669,0,4,spy2,0.635896143,0.559044158251232,0.6730646675
ISPY2-442981,1,0,spy2,0.4107698314999999,0.365536888032477,0.367194915
ISPY2-443444,0,1,spy2,0.630543402,0.7500614993536245,0.75006145
ISPY2-443708,0,2,spy2,0.4214198145,0.45154330610378945,0.46068438
ISPY2-446263,1,3,spy2,0.355727161,0.2299254728587853,0.246233755
ISPY2-451482,0,4,spy2,0.3126244558,0.26457628969657093,0.20827861250000002
ISPY2-451816,0,3,spy2,0.648540649,0.303219190724624,0.3462207775
ISPY2-452703,0,0,spy2,0.432926005,0.22349176776535465,0.2546632125
ISPY2-454808,0,1,spy2,0.549701086,0.6439516402919627,0.64395165
ISPY2-455828,1,2,spy2,0.4712654964999999,0.22316912026645977,0.318933025
ISPY2-456432,0,4,spy2,0.5023414,0.6554984657150098,0.7365476
ISPY2-458196,0,3,spy2,0.5175868625000001,0.3664891471622526,0.32888877499999997
ISPY2-460776,1,2,spy2,0.533331683,0.3092059649238337,0.361389955
ISPY2-460812,0,0,spy2,0.449599488,0.22201019517837628,0.29975378500000005
ISPY2-461824,0,1,spy2,0.4777625355,0.6628925164595291,0.6628925
ISPY2-462581,0,3,spy2,0.6943923985,0.5645236833526565,0.549700575
ISPY2-462605,1,4,spy2,0.392375824,0.8004089730518716,0.7867303
ISPY2-464547,1,0,spy2,0.5162357399999999,0.5539761682399789,0.5845750200000001
ISPY2-466267,1,1,spy2,0.577170632,0.6476915882436262,0.64769155
ISPY2-467622,0,2,spy2,0.5078374485,0.2777312325508159,0.348225925
ISPY2-472799,1,3,spy2,0.6565649309999999,0.7502696274178816,0.79441736
ISPY2-473365,0,4,spy2,0.19881550225,0.2731351592681146,0.19113283749999999
ISPY2-473468,0,4,spy2,0.78164641,0.5716611177069942,0.690936925
ISPY2-473505,0,0,spy2,0.4394947945,0.23350654499584572,0.21890505
ISPY2-477994,1,1,spy2,0.6078577405,0.567323022180941,0.56732297
ISPY2-478055,0,2,spy2,0.4820867125,0.31010635872244763,0.27628170750000003
ISPY2-478655,1,3,spy2,0.8233456755,0.604896154326479,0.5351444925
ISPY2-479417,1,0,spy2,0.4959240924999999,0.5475097443775965,0.59548305
ISPY2-483667,0,1,spy2,0.471348649,0.5843656463493299,0.58436567
ISPY2-483910,0,2,spy2,0.5486728144999999,0.5200090036861479,0.5675735275
ISPY2-484867,0,4,spy2,0.6351700655,0.42994742552431114,0.43247974749999996
ISPY2-484894,0,3,spy2,0.464790871,0.3993436375534459,0.435122125
ISPY2-485637,0,0,spy2,0.5174497065,0.5296376442079291,0.634080595
ISPY2-489194,1,1,spy2,0.468853835,0.3656785345368225,0.36567855
ISPY2-489504,1,2,spy2,0.496360444,0.5463911037856062,0.5973472925
ISPY2-489973,0,3,spy2,0.6407101374999999,0.6380279549319571,0.679595925
ISPY2-491526,0,4,spy2,0.667260995,0.19807537252229662,0.268085475
ISPY2-493472,0,0,spy2,0.4330591339999999,0.21771454715078947,0.16902200750000002
ISPY2-493519,0,2,spy2,0.5044413194999999,0.30795586079796067,0.37986669
ISPY2-493775,1,3,spy2,0.5291335215,0.6019694751357293,0.557006465
ISPY2-494296,0,1,spy2,0.5518244015,0.23808224822674054,0.23808227
ISPY2-494946,1,4,spy2,0.7400505085,0.5262649444119722,0.6654142000000001
ISPY2-495440,0,0,spy2,0.37451061,0.20748641118081698,0.1809117975
ISPY2-497010,1,1,spy2,0.554653274,0.5692482202553343,0.5692482
ISPY2-498024,0,2,spy2,0.6335186965,0.6327819003612772,0.62680643
ISPY2-498985,0,3,spy2,0.3949302016,0.5327439912059302,0.5096271
ISPY2-500826,0,4,spy2,0.444616422,0.19690404580842835,0.18317051499999998
ISPY2-501303,1,4,spy2,0.4400335304999999,0.7852970769321769,0.842078155
ISPY2-502486,0,0,spy2,0.426746239,0.5969430500524685,0.6596423899999999
ISPY2-503034,0,3,spy2,0.4602802435,0.7356914307360158,0.7482446
ISPY2-504838,0,1,spy2,0.462240856,0.5112212784842731,0.51122123
ISPY2-507198,0,2,spy2,0.597833909,0.6483917224572485,0.6779396474999999
ISPY2-507249,0,2,spy2,0.44597816,0.6065703564690847,0.6629947900000001
ISPY2-509012,1,0,spy2,0.497340796,0.5681889546705522,0.6326829375
ISPY2-510543,0,1,spy2,0.508185625,0.26086729441782697,0.2608673
ISPY2-515141,1,3,spy2,0.28631142085,0.669415102645405,0.6861101125
ISPY2-515281,0,4,spy2,0.6312491165,0.20992653803165895,0.2938857675
ISPY2-515284,0,2,spy2,0.475033373,0.6561492843604387,0.752500025
ISPY2-515565,0,4,spy2,0.23306416165,0.47580868684453165,0.237584775
ISPY2-517446,0,0,spy2,0.4422898765,0.21274333900466158,0.1478961975
ISPY2-517870,0,1,spy2,0.5079464025,0.6521343918742107,0.65213436
ISPY2-520258,0,3,spy2,0.4439495452,0.3302419727058824,0.33198299499999995
ISPY2-520986,1,2,spy2,0.424265679,0.26563756911520403,0.2330854875
ISPY2-521860,0,4,spy2,0.420056453,0.4963181401384452,0.41141839999999996
ISPY2-527320,0,0,spy2,0.4436360415,0.5052314353013185,0.45375875499999996
ISPY2-527581,0,1,spy2,0.484632037,0.5683131292442757,0.5683131
ISPY2-528479,0,3,spy2,0.6139341025,0.5321876216360748,0.5808027349999999
ISPY2-528833,1,0,spy2,0.4849119375,0.45135524438196595,0.4562823975
ISPY2-531672,0,1,spy2,0.584629557,0.39836238046619815,0.39836237
ISPY2-532183,0,0,spy2,0.4360448489999999,0.5184084474265908,0.55188889
ISPY2-535415,1,2,spy2,0.4179448725,0.7879977493148909,0.7938685175
ISPY2-535779,0,4,spy2,0.4947414645,0.5591139056899362,0.513800505
ISPY2-536253,1,3,spy2,0.3658599369,0.5470978164480327,0.5164486300000001
ISPY2-539876,0,0,spy2,0.489620951,0.2564621722290341,0.24984265249999998
ISPY2-539904,0,1,spy2,0.493850244,0.518844661856305,0.51884466
ISPY2-540539,1,3,spy2,0.6475769895,0.6132764630125317,0.6246767925
ISPY2-541165,0,2,spy2,0.4974385865,0.6214972813431423,0.6600822175000001
ISPY2-542392,0,4,spy2,0.4180542925,0.5879923912546959,0.5640642
ISPY2-543795,0,0,spy2,0.444264693,0.27307472692785184,0.3394710825
ISPY2-549172,0,2,spy2,0.5765740669999999,0.6122186075048166,0.6750972725
ISPY2-550157,1,1,spy2,0.3689840255,0.5304618969808378,0.5304619
ISPY2-550421,0,3,spy2,0.488515015,0.49952455429557063,0.426365715
ISPY2-553012,0,4,spy2,0.307981939,0.35009699909451736,0.40581924
ISPY2-553141,1,1,spy2,0.5511084095000001,0.2636626089548669,0.2636626
ISPY2-554577,0,0,spy2,0.4424845965,0.23319344325345048,0.2837732275
ISPY2-555214,1,4,spy2,0.6394636615,0.8065986091889482,0.8620658625000001
ISPY2-559021,1,2,spy2,0.4203563955,0.1765560463316262,0.18357907499999998
ISPY2-559263,0,3,spy2,0.5748078445,0.4296683938728223,0.40662033500000005
ISPY2-563856,1,0,spy2,0.4473673445,0.617474244040709,0.56884055
ISPY2-566011,0,1,spy2,0.5769877164999999,0.5022857289857208,0.5022858
ISPY2-567201,1,2,spy2,0.402998125,0.5984901548056463,0.55354271
ISPY2-567907,0,3,spy2,0.5012619789999999,0.2706260913049705,0.24189278
ISPY2-568953,0,4,spy2,0.5034437945000001,0.17690235351091904,0.2168977925
ISPY2-570148,0,1,spy2,0.5220105939999999,0.4853879762545728,0.48538798
ISPY2-570380,0,0,spy2,0.47297201,0.5892168245597477,0.6741201975
ISPY2-570685,0,3,spy2,0.14263574349,0.5022736562882585,0.533583605
ISPY2-571276,0,2,spy2,0.455666476,0.571053624545409,0.660489975
ISPY2-572016,1,4,spy2,0.400056834,0.6396837277973382,0.588015875
ISPY2-572235,0,0,spy2,0.4736326885,0.4536218970824767,0.5091905350000001
ISPY2-572444,0,1,spy2,0.468134477,0.2256465756210678,0.22564657
ISPY2-572731,1,3,spy2,0.598906989,0.34226150409568257,0.3906445675
ISPY2-573586,0,2,spy2,0.3976628775,0.3362271314642887,0.3098477775
ISPY2-574091,1,4,spy2,0.773528909,0.6428008486071218,0.72490261
ISPY2-575457,1,4,spy2,0.537184521,0.7751394115892204,0.8051338025
ISPY2-578975,1,0,spy2,0.5387173510000001,0.6202420037973123,0.68332935
ISPY2-579881,0,1,spy2,0.3711822274999999,0.2935754826730542,0.2935755
ISPY2-581648,0,2,spy2,0.418585041,0.6715406668293726,0.6120628124999999
ISPY2-586091,1,3,spy2,0.7788867925,0.374913454142291,0.4309916775
ISPY2-586207,1,1,spy2,0.4801271944999999,0.5840569573423394,0.584057
ISPY2-589502,1,3,spy2,0.3186551,0.14749224618889184,0.15852954
ISPY2-590220,1,4,spy2,0.4587858625,0.5852657133633262,0.4523181025
ISPY2-590299,0,0,spy2,0.4395969395,0.6223674014118367,0.6232340199999999
ISPY2-591079,1,2,spy2,0.5389777915,0.6881686754174766,0.7151080249999999
ISPY2-591180,0,2,spy2,0.444036024,0.502172251159068,0.4614654725
ISPY2-592535,0,1,spy2,0.638209178,0.3512705766555605,0.35127056
ISPY2-596458,1,2,spy2,0.4079712135,0.4991178262770225,0.4867409275
ISPY2-597253,0,3,spy2,0.2038005545249999,0.2903022960707517,0.2576579825
ISPY2-597873,0,0,spy2,0.4494990794999999,0.5103115734139475,0.5598700074999999
ISPY2-598798,0,4,spy2,0.7009152430000001,0.29488831956686684,0.22828804749999998
ISPY2-600536,0,0,spy2,0.452790479,0.5812296817141506,0.6367823575
ISPY2-601489,0,1,spy2,0.5205376905000001,0.6385931310053097,0.63859314
ISPY2-604199,0,2,spy2,0.442753213,0.21948470237516823,0.16854912
ISPY2-604326,0,3,spy2,0.5667680925,0.4710618959990794,0.5201436150000001
ISPY2-604380,1,4,spy2,0.597746271,0.5433016008471927,0.59073944
ISPY2-605713,0,0,spy2,0.4103575819999999,0.2840945540594884,0.2495681675
ISPY2-607047,1,1,spy2,0.4959439339999999,0.25406508165011055,0.2540651
ISPY2-609642,1,3,spy2,0.546754007,0.8448547319909978,0.8565470850000001
ISPY2-609897,0,2,spy2,0.4722569735,0.33423314114741637,0.30300735749999996
ISPY2-611662,0,4,spy2,0.368414517,0.7113667570195477,0.6495572
ISPY2-613188,0,0,spy2,0.3809802195,0.5455073955138398,0.43503313
ISPY2-614434,1,4,spy2,0.6852231265000001,0.5594782298153731,0.627775275
ISPY2-615873,1,1,spy2,0.5024808405,0.612275327566935,0.61227536
ISPY2-618240,0,2,spy2,0.422751327,0.5203113424724032,0.476593
ISPY2-621179,0,3,spy2,0.3631376262,0.27120772637399493,0.3227408
ISPY2-622688,1,0,spy2,0.43828104,0.6502453546752477,0.689430435
ISPY2-623569,1,2,spy2,0.4756707885,0.6551682199590694,0.73628021
ISPY2-624777,0,4,spy2,0.4580812609999999,0.5833438924292985,0.452543235
ISPY2-625800,0,1,spy2,0.5606913525,0.4068677415083146,0.4068677
ISPY2-625854,1,3,spy2,0.361225671,0.40181817244383483,0.41829087
ISPY2-627118,0,0,spy2,0.3783040569999999,0.7411368392573698,0.6445183800000001
ISPY2-628692,0,2,spy2,0.5049143414999999,0.18781879894228778,0.2427508025
ISPY2-629210,0,4,spy2,0.3580277724,0.19790505211145973,0.1982926425
ISPY2-630758,0,1,spy2,0.3765111815,0.5277289363960045,0.5277289
ISPY2-631337,0,3,spy2,0.276728191,0.22148274286402647,0.23718871000000002
ISPY2-632408,0,0,spy2,0.4764956095,0.20920743114255164,0.2167959775
ISPY2-636424,0,1,spy2,0.5231278815,0.6499411320103728,0.6499411
ISPY2-637051,0,2,spy2,0.3929395925,0.5618400472813855,0.5708739899999999
ISPY2-637752,1,3,spy2,0.731025713,0.5881966424220819,0.6360251750000001
ISPY2-639663,0,4,spy2,0.395909482,0.6595498672375713,0.5156861825000001
ISPY2-640043,0,0,spy2,0.4564222509999999,0.4617444350503058,0.5069100525
ISPY2-640463,1,1,spy2,0.5843731475,0.274924990990112,0.274925
ISPY2-640927,0,2,spy2,0.403052613,0.4936684260624625,0.48055874
ISPY2-644609,1,3,spy2,0.4635281525,0.6669374076948168,0.70563449
ISPY2-646233,0,4,spy2,0.5922001785,0.3180731348714244,0.36655672
ISPY2-646600,0,1,spy2,0.5361933565,0.25296552081293794,0.2529655
ISPY2-650589,0,2,spy2,0.4203408915,0.5801228435043922,0.52506936
ISPY2-651401,0,3,spy2,0.4779763365,0.6942998540755833,0.7222512825
ISPY2-651541,1,4,spy2,0.646967049,0.5604115282928134,0.576132295
ISPY2-654956,0,0,spy2,0.4841379019999999,0.7988512563171593,0.8471333125
ISPY2-655703,0,1,spy2,0.623672831,0.31525532493108305,0.31525534
ISPY2-655795,1,0,spy2,0.4485811285,0.26136167272870536,0.32846938999999997
ISPY2-660915,0,4,spy2,0.5338069285,0.21237750071920802,0.24560976
ISPY2-663197,0,2,spy2,0.43019134,0.6129592316475156,0.54818919
ISPY2-663467,0,3,spy2,0.3967892895,0.18104257014366476,0.1975570775
ISPY2-664658,1,0,spy2,0.4676678019999999,0.3130687922590009,0.40560955
ISPY2-666147,0,1,spy2,0.4554658745,0.3691020047282721,0.369102
ISPY2-666715,0,2,spy2,0.46050521,0.41775663220885534,0.42399328999999997
ISPY2-668752,0,3,spy2,0.5509161395,0.598672395187549,0.6395452975
ISPY2-672734,0,4,spy2,0.3922209365,0.31734035636955293,0.3575426275
ISPY2-674897,0,1,spy2,0.6695585805000001,0.6582476320214595,0.65824765
ISPY2-676048,0,0,spy2,0.4295974004999999,0.5596165617164534,0.55256251
ISPY2-676365,0,3,spy2,0.4479649695,0.7218103968841769,0.7070415875
ISPY2-676630,1,2,spy2,0.4157672879999999,0.5862033482920253,0.458361805
ISPY2-677915,0,4,spy2,0.5622695005,0.2513590799186896,0.289260015
ISPY2-679787,0,0,spy2,0.474085768,0.6877734560431468,0.61048444
ISPY2-683374,0,1,spy2,0.3977652845,0.3742731360349703,0.37427315
ISPY2-683457,0,2,spy2,0.356670575,0.5286250386423985,0.4248400225
ISPY2-685182,1,3,spy2,0.703473728,0.5900735461522573,0.6392299
ISPY2-685753,0,4,spy2,0.382384765,0.29548935352981137,0.2639360825
ISPY2-687733,0,1,spy2,0.5471351995,0.2535740382491545,0.253574
ISPY2-689188,1,0,spy2,0.4102243289999999,0.16154351617419757,0.1469379425
ISPY2-690410,0,2,spy2,0.580553817,0.14454797343636888,0.1941057375
ISPY2-692885,0,4,spy2,0.529857027,0.6927895804705418,0.728038125
ISPY2-697098,1,3,spy2,0.4321808325,0.5361435646525332,0.5676561825
ISPY2-697871,1,3,spy2,0.487340647,0.6245579680704203,0.6662567399999999
ISPY2-701790,0,0,spy2,0.336149357,0.25940116136060454,0.16908618
ISPY2-703401,0,1,spy2,0.4945697464999999,0.3737793054351605,0.37377933
ISPY2-703455,0,2,spy2,0.4623900125,0.5202334291167683,0.621924285
ISPY2-705381,1,4,spy2,0.483213628,0.5101195333497923,0.4742324925
ISPY2-706418,1,0,spy2,0.471351141,0.6992135649970678,0.7463755000000001
ISPY2-706943,0,2,spy2,0.5759217624999999,0.7100839477636024,0.7307293100000001
ISPY2-708387,1,1,spy2,0.5063218574999999,0.6506086633739427,0.6506086
ISPY2-709559,0,3,spy2,0.5380176775000001,0.24404062629769027,0.27502472499999997
ISPY2-712276,1,4,spy2,0.4086051525,0.25169248276891104,0.25699277
ISPY2-712917,1,0,spy2,0.5475399065,0.6682466719762741,0.7263791500000001
ISPY2-714205,1,1,spy2,0.4197507319999999,0.5220740900566815,0.5220741
ISPY2-719713,0,2,spy2,0.4571938585,0.349273349880786,0.2803416575
ISPY2-723918,1,3,spy2,0.639285015,0.6432969390127036,0.6877485700000001
ISPY2-725455,0,4,spy2,0.31798265225,0.7906469697379406,0.66148405
ISPY2-726091,1,0,spy2,0.402072244,0.6489605311717925,0.5607973675
ISPY2-726381,0,1,spy2,0.6461266864999999,0.4607357886846203,0.46073583
ISPY2-726940,0,2,spy2,0.4933586015,0.5693312178278943,0.5925627175
ISPY2-727255,0,3,spy2,0.446686064,0.6946175267837341,0.7305323100000001
ISPY2-727804,1,4,spy2,0.545618672,0.5688410867911888,0.57412049
ISPY2-728287,1,0,spy2,0.4638459414999999,0.46199027237518603,0.50971717
ISPY2-728714,0,1,spy2,0.3480281085,0.2620586420111495,0.26205865
ISPY2-729270,1,4,spy2,0.397609535,0.8031640742914422,0.7815629275
ISPY2-729732,0,2,spy2,0.48445378,0.41418003102597317,0.48590331
ISPY2-732137,0,3,spy2,0.515731429,0.4731910945085946,0.5045179375
ISPY2-733276,0,0,spy2,0.410955447,0.5447980104407142,0.4988218925
ISPY2-735673,0,1,spy2,0.4281338345,0.1938622213790395,0.19386221
ISPY2-741535,0,3,spy2,0.493106139,0.25463153346858164,0.28341728499999996
ISPY2-742477,0,2,spy2,0.5781335715,0.5978123669031348,0.6135043525
ISPY2-745633,0,4,spy2,0.642338078,0.2629874841835269,0.32735109
ISPY2-746265,0,0,spy2,0.4024049715,0.30411158221128703,0.3178225825
ISPY2-749097,0,1,spy2,0.5514908144999999,0.22964455272169432,0.22964458
ISPY2-752469,0,2,spy2,0.5275036424999999,0.5764930813430145,0.5631741800000001
ISPY2-756412,0,3,spy2,0.419113911,0.2958908398311137,0.3196942025
ISPY2-759015,0,4,spy2,0.323323974475,0.400377561820312,0.3718316225
ISPY2-759418,0,1,spy2,0.5606914335,0.29838858208416474,0.2983886
ISPY2-765773,1,0,spy2,0.5630700325,0.5974604392550457,0.6450119
ISPY2-766301,0,4,spy2,0.539549891,0.17990594656707692,0.19703061
ISPY2-766967,1,2,spy2,0.452666068,0.34178726504784396,0.3399439125
ISPY2-768214,0,3,spy2,0.5297315235,0.5687470278785689,0.6074934025000001
ISPY2-769972,0,3,spy2,0.3254134605,0.27526594169278584,0.295212195
ISPY2-771813,0,0,spy2,0.5132268225,0.6100981284246032,0.6684549550000001
ISPY2-778020,0,1,spy2,0.5084254445,0.2541335309503952,0.2541335
ISPY2-778527,1,2,spy2,0.555431115,0.6989293916192031,0.7497262775
ISPY2-780272,0,4,spy2,0.550374527,0.5331568742940342,0.4959189125
ISPY2-781335,0,4,spy2,0.5939497405,0.3508042262301801,0.395774085
ISPY2-782334,0,0,spy2,0.4568909755,0.3610370029014654,0.371207095
ISPY2-783578,1,1,spy2,0.5090989495,0.6681854529447848,0.6681855
ISPY2-783771,0,2,spy2,0.4485316345,0.2849551346904399,0.401283705
ISPY2-786003,1,3,spy2,0.414596054,0.43925624950236636,0.4823995275
ISPY2-789497,0,4,spy2,0.3904138805,0.31719072855767144,0.22485563
ISPY2-790070,0,0,spy2,0.4445378395,0.5038125724180521,0.5626292325
ISPY2-790397,1,1,spy2,0.492172098,0.5879923229510999,0.5879923
ISPY2-790722,0,2,spy2,0.4549509804999999,0.4754303509549545,0.4510015925
ISPY2-791321,0,3,spy2,0.327681001,0.6562015569105969,0.6761669575
ISPY2-791944,0,4,spy2,0.3967406393,0.5270646123407365,0.40859483
ISPY2-792412,0,0,spy2,0.480916516,0.617839749752015,0.69207197
ISPY2-793684,0,1,spy2,0.3350476974999999,0.5528296216247455,0.5528296
ISPY2-794428,0,2,spy2,0.4360721955,0.5250628219397687,0.54099264
ISPY2-796558,0,3,spy2,0.28720096455,0.6802164686923828,0.592143475
ISPY2-797427,0,4,spy2,0.32591098505,0.6354969666477382,0.5036225599999999
ISPY2-797499,1,0,spy2,0.504472745,0.8092132587053591,0.8301023825
ISPY2-798604,1,3,spy2,0.583168492,0.6348652813490047,0.6786477
ISPY2-800710,0,1,spy2,0.363371835,0.6567559577093011,0.6567559
ISPY2-802105,0,4,spy2,0.376907512,0.2048699908922793,0.1796727175
ISPY2-802778,0,2,spy2,0.6011520850000001,0.22266017724221857,0.26138559
ISPY2-803514,0,0,spy2,0.483838971,0.2106643303448827,0.27442751249999997
ISPY2-803677,0,1,spy2,0.3840826275,0.5489267279094885,0.5489267
ISPY2-808714,0,4,spy2,0.3460954208,0.55106487054322,0.43590611
ISPY2-809037,0,2,spy2,0.3734823295,0.297274136959891,0.2259009825
ISPY2-809649,1,3,spy2,0.4035317165,0.840875745474408,0.8588645875
ISPY2-810965,1,0,spy2,0.392307978,0.37399564645847266,0.333962885
ISPY2-814299,1,1,spy2,0.5704004819999999,0.8494133605469313,0.8494134
ISPY2-815421,0,2,spy2,0.4696478619999999,0.3521589497247599,0.4046643625
ISPY2-815493,1,3,spy2,0.51575766275,0.656436778278924,0.6853428075
ISPY2-819622,0,4,spy2,0.762569791,0.28564858730713916,0.36372044
ISPY2-820348,0,2,spy2,0.4804480169999999,0.39214615093091676,0.4041860175
ISPY2-823618,0,0,spy2,0.5336390565,0.36260669587653654,0.42935057499999996
ISPY2-824234,1,1,spy2,0.569530445,0.48218206021809806,0.48218206
ISPY2-825363,1,3,spy2,0.6284239935,0.8855893286624394,0.8968629625
ISPY2-828199,0,4,spy2,0.448319143,0.27657148629554124,0.34944226749999996
ISPY2-829491,0,0,spy2,0.4353633374999999,0.41650413729977015,0.4439139325
ISPY2-830486,0,1,spy2,0.4520698625,0.642311605534627,0.64231163
ISPY2-830958,0,2,spy2,0.4558729985,0.21732670230699538,0.27734966
ISPY2-832056,0,3,spy2,0.412433241,0.4915111083305456,0.5575986225
ISPY2-833536,1,4,spy2,0.2656802173,0.47156437406649837,0.33982369749999997
ISPY2-834418,0,0,spy2,0.436862522,0.26079065059823436,0.2933916475
ISPY2-835658,1,4,spy2,0.53622754,0.3190653992927303,0.42052893
ISPY2-836114,0,1,spy2,0.3763730555,0.23996386736701342,0.2399639
ISPY2-836983,1,2,spy2,0.470875203,0.5101781014857477,0.5808614425
ISPY2-841336,0,3,spy2,0.5239029504999999,0.2236688870660119,0.2617215125
ISPY2-845079,1,2,spy2,0.696430025,0.6426318156109689,0.6649835725
ISPY2-845147,0,3,spy2,0.7118212265,0.271582318126728,0.3105000525
ISPY2-845663,0,0,spy2,0.4730321795,0.44494748654091676,0.4984158775
ISPY2-846156,0,1,spy2,0.5419419165,0.5512802736672829,0.55128026
ISPY2-847272,0,4,spy2,0.427552233,0.38931538139528254,0.4485226725
ISPY2-847753,1,1,spy2,0.549935654,0.314270479789122,0.31427047
ISPY2-849605,0,0,spy2,0.462590532,0.5888909589596352,0.5643271000000001
ISPY2-851180,0,2,spy2,0.3798032335,0.5287617657165133,0.46196666500000005
ISPY2-851488,0,3,spy2,0.4938272595,0.20607175350312038,0.22425672749999997
ISPY2-857165,0,4,spy2,0.4114488975,0.2042053767530911,0.2280454775
ISPY2-859699,1,0,spy2,0.353829944,0.5164931986755925,0.32660373
ISPY2-862244,0,2,spy2,0.5262590115,0.6818272266439691,0.7485471725
ISPY2-865416,0,1,spy2,0.5419488225,0.5452316657727229,0.54523164
ISPY2-873686,0,3,spy2,0.4498303179999999,0.2513506813341212,0.22558947
ISPY2-877463,0,4,spy2,0.5942712385,0.486675601283235,0.5130986575
ISPY2-883696,0,0,spy2,0.3952737,0.4024746773792816,0.38929962
ISPY2-883886,0,2,spy2,0.417725912,0.5351569472015046,0.3989085875
ISPY2-884266,0,4,spy2,0.3614453036,0.19322858363395815,0.1986134475
ISPY2-885590,0,1,spy2,0.5854986605,0.3053178638374284,0.30531785
ISPY2-889049,0,3,spy2,0.417441083,0.8030217524832741,0.832790035
ISPY2-889225,0,3,spy2,0.6608802020000001,0.35989210135260646,0.366501845
ISPY2-889721,1,4,spy2,0.631925722,0.7468337961335239,0.7823252
ISPY2-890414,1,0,spy2,0.5055540035,0.6027685481688085,0.6925071325000001
ISPY2-891645,0,1,spy2,0.603487009,0.8604089520950335,0.86040896
ISPY2-892390,1,2,spy2,0.467676664,0.4722018833276803,0.5657194425
ISPY2-893874,1,0,spy2,0.4330376489999999,0.6788521876785873,0.66515919
ISPY2-894128,1,2,spy2,0.6125337465,0.5807013496352177,0.6903305150000001
ISPY2-894491,0,1,spy2,0.4755411295,0.2283463602183945,0.22834639
ISPY2-896621,0,3,spy2,0.3812420285,0.3488709451405249,0.3107593275
ISPY2-899381,1,4,spy2,0.647323968,0.3646154574164271,0.460682005
ISPY2-903880,0,0,spy2,0.410873861,0.49632308554463295,0.45102582
ISPY2-905264,0,1,spy2,0.388825294,0.7671840832336877,0.7671841
ISPY2-906795,0,2,spy2,0.5966412815,0.7051190931179081,0.709002305
ISPY2-910188,0,3,spy2,0.676007511,0.21826995360350004,0.25859349750000005
ISPY2-910706,1,4,spy2,0.575725956,0.5880860457470004,0.47352763
ISPY2-912836,0,4,spy2,0.67148344,0.6187098578656968,0.6307906400000001
ISPY2-913225,1,0,spy2,0.4137937674999999,0.5270715001299653,0.5464138875
ISPY2-914968,0,1,spy2,0.368687904,0.585846759379363,0.5858468
ISPY2-916586,0,2,spy2,0.4281554534999999,0.2970931652280829,0.23395556
ISPY2-916645,1,3,spy2,0.4164004937,0.2693602201494242,0.2207849925
ISPY2-917762,0,0,spy2,0.4240407695,0.2911404590064664,0.3117723725
ISPY2-920479,0,3,spy2,0.4791706495,0.8186420676574938,0.8308670125000001
ISPY2-923968,1,1,spy2,0.4955269435,0.245944455407576,0.24594444
ISPY2-924812,0,2,spy2,0.3946051445,0.5910010558625811,0.5519117175
ISPY2-924868,1,4,spy2,0.4729111729999999,0.5466600275146763,0.6136349325
ISPY2-924895,0,2,spy2,0.4124464885,0.2177037499051373,0.2756108125
ISPY2-925691,0,0,spy2,0.4587871745,0.7333360287424411,0.6678562100000001
ISPY2-930172,0,3,spy2,0.4439365885,0.4149949962346183,0.46212303750000006
ISPY2-930853,1,1,spy2,0.43297547,0.3631050230881708,0.36310503
ISPY2-930903,0,4,spy2,0.4041495825,0.3637671617613192,0.355493395
ISPY2-932200,0,0,spy2,0.4352632865,0.3759854172995156,0.472078535
ISPY2-934459,0,1,spy2,0.599919234,0.4863327011325329,0.4863327
ISPY2-934906,0,3,spy2,0.487615785,0.587312002864618,0.6272986249999999
ISPY2-935460,0,2,spy2,0.6106945804999999,0.4684576234766905,0.56601377
ISPY2-940186,1,4,spy2,0.4195821054999999,0.2828964984641701,0.30528477249999997
ISPY2-941926,0,0,spy2,0.3296695859999999,0.20757897669844746,0.1657386375
ISPY2-943879,1,1,spy2,0.5268253555,0.591541207502322,0.59154123
ISPY2-944419,0,2,spy2,0.4620193314999999,0.39119838331140444,0.390680195
ISPY2-944536,1,3,spy2,0.8359418484999999,0.8511114381277672,0.88297141
ISPY2-950131,1,4,spy2,0.391796727,0.35975465321314554,0.36268129250000003
ISPY2-953262,0,0,spy2,0.435560313,0.37670013226401144,0.36371057
ISPY2-955953,1,1,spy2,0.529998889,0.8120066025538563,0.8120066
ISPY2-957408,0,2,spy2,0.405325799,0.43140781479352036,0.3392135
ISPY2-960490,1,3,spy2,0.39125704975,0.6283819988135249,0.6568739475
ISPY2-960963,0,4,spy2,0.754007594,0.47652315374686693,0.565419025
ISPY2-962472,0,0,spy2,0.3546251055,0.3357779316731508,0.1987085725
ISPY2-962664,1,1,spy2,0.553809911,0.6159680037031162,0.615968
ISPY2-965265,0,2,spy2,0.3797017925,0.507035493816069,0.4837949125
ISPY2-966016,1,3,spy2,0.29257380675,0.28707088320768703,0.28391215999999997
ISPY2-972307,0,4,spy2,0.3347722882,0.2640197988898537,0.18672450125
ISPY2-974181,1,0,spy2,0.4177616795,0.6640118970556949,0.659303955
ISPY2-981461,0,1,spy2,0.421320261,0.5826755488815385,0.5826756
ISPY2-982505,0,2,spy2,0.4005937774999999,0.4891613244134113,0.4012427125
ISPY2-983841,1,3,spy2,0.6883212715,0.6101821275866863,0.6560983249999999
ISPY2-986734,0,4,spy2,0.28328184985,0.2696223564247852,0.188787285
ISPY2-987995,0,2,spy2,0.7263455050000001,0.2943457813200602,0.35053722
ISPY2-988443,0,0,spy2,0.392614812,0.23259076324563566,0.1653481525
ISPY2-990443,0,4,spy2,0.40505976,0.26211305499262627,0.2046739825
ISPY2-994987,0,1,spy2,0.3425545355,0.22379618244640953,0.22379619
ISPY2-999264,1,3,spy2,0.4192726435,0.7962043114820812,0.816766025
ISPY2-999733,0,3,spy2,0.379449671,0.3340763872420007,0.3581034875
