loss,epoch,n_runs,train_loss,val_loss,val_auc
normal,1,10,0.5437386333942413,0.5480749309062958,0.706764873522854
normal,2,10,0.5380280315876007,0.555963784456253,0.703237651155433
normal,3,10,0.5348136126995087,0.5535622835159302,0.6998790416942442
normal,4,10,0.532063215970993,0.5448633432388306,0.6961988101901382
normal,5,10,0.5281625092029572,0.5674434900283813,0.7016001684387831
normal,6,10,0.526603490114212,0.5530239939689636,0.7017883045327552
normal,7,10,0.5219250023365021,0.5492235422134399,0.6928848587286545
normal,8,10,0.5150929987430573,0.5705775618553162,0.6913280837386817
normal,9,10,0.512308806180954,0.5653206706047058,0.6960447111558253
normal,10,10,0.5069186985492706,0.5745352506637573,0.6948505747126437
normal,11,10,0.5030535757541656,0.5867772102355957,0.6891708611420095
normal,12,10,0.4955451786518097,0.5871727168560028,0.6735238682282034
normal,13,4,0.4931625425815582,0.5778884887695312,0.677265255804397
normal,14,4,0.487374484539032,0.5617677867412567,0.6964417307084956
normal,15,4,0.47906021773815155,0.5997340083122253,0.6877022762747749
normal,16,3,0.4745521247386932,0.5898194909095764,0.6816507000736921
normal,17,2,0.4757260233163833,0.5924675464630127,0.6847486438560368
weighted,1,10,0.8659428656101227,0.8813984394073486,0.7044793388544159
weighted,2,10,0.8565468192100525,0.8826431632041931,0.7037405609913351
weighted,3,10,0.8510090708732605,0.8896550536155701,0.6993367722918202
weighted,4,10,0.8489412367343903,0.8868410289287567,0.6929057264752038
weighted,5,10,0.8430522680282593,0.917791098356247,0.6929489328226845
weighted,6,10,0.8397919833660126,0.8985123038291931,0.6924225616257164
weighted,7,10,0.8340141177177429,0.8958642184734344,0.6934922265598247
weighted,8,10,0.8251918256282806,0.906186044216156,0.6987877542634067
weighted,9,10,0.8156019449234009,0.9264952838420868,0.6975426760287702
weighted,10,10,0.8103462755680084,0.9814863502979279,0.6794842204950535
weighted,11,10,0.8016472160816193,0.9418562054634094,0.6956447760427369
weighted,12,10,0.7971192300319672,0.9358187019824982,0.6967563962103611
weighted,13,4,0.7757120728492737,0.9919241666793823,0.6933490027812774
weighted,14,2,0.7717031538486481,0.9406581521034241,0.6783739339252844
weighted,15,2,0.7550053894519806,0.9426345527172089,0.6781833176863988
weighted,16,2,0.7462279796600342,0.9403777420520782,0.6879110186309014
weighted,17,2,0.7337056994438171,0.987608939409256,0.6578620422081998
weighted,18,2,0.7209124863147736,1.0130900740623474,0.6624636750339319
weighted,19,2,0.7052927017211914,1.0605525970458984,0.6506714893674641
