candidate,fold,prevalence,mean_probability,mean_probability_negative,mean_probability_positive
pool_dropout_wd_clinical_normal_mean,0,0.2922374429223744,0.25047878665722983,0.21191347701473115,0.34387914594765623
pool_dropout_wd_clinical_normal_mean,1,0.2831050228310502,0.47367426812785396,0.437029640955414,0.5664679208064516
pool_dropout_wd_clinical_normal_mean,2,0.2681818181818182,0.31351348488098485,0.27644055257484473,0.41467860524180794
pool_dropout_wd_clinical_normal_mean,3,0.3409090909090909,0.3101182534819805,0.263515455396798,0.4002169964466667
pool_dropout_wd_clinical_normal_mean,4,0.2831050228310502,0.24855793821287672,0.2047531588353185,0.3594829440560484
pool_dropout_wd_clinical_normal_max,0,0.2922374429223744,0.27187055056164383,0.23147146696451612,0.36971208114843745
pool_dropout_wd_clinical_normal_max,1,0.2831050228310502,0.47367426812785396,0.437029640955414,0.5664679208064516
pool_dropout_wd_clinical_normal_max,2,0.2681818181818182,0.349935452834091,0.31253309127639745,0.45199952420338985
pool_dropout_wd_clinical_normal_max,3,0.3409090909090909,0.32520044706590906,0.27810384131034477,0.41625388486000003
pool_dropout_wd_clinical_normal_max,4,0.2831050228310502,0.2784685726783105,0.23428665329649684,0.39034859433870966
pool_dropout_wd_clinical_normal_median,0,0.2922374429223744,0.249025002869863,0.21071828901774195,0.34179907548046873
pool_dropout_wd_clinical_normal_median,1,0.2831050228310502,0.47367426812785396,0.437029640955414,0.5664679208064516
pool_dropout_wd_clinical_normal_median,2,0.2681818181818182,0.3122972809215909,0.2748311567639752,0.4145353485381356
pool_dropout_wd_clinical_normal_median,3,0.3409090909090909,0.30962511447386365,0.26325006809827584,0.3992835374666666
pool_dropout_wd_clinical_normal_median,4,0.2831050228310502,0.24843105006997715,0.20437794861512742,0.35998487149596775
pool_dropout_wd_clinical_weighted_mean,0,0.2922374429223744,0.45858402209063925,0.40942689726354836,0.5776364337812501
pool_dropout_wd_clinical_weighted_mean,1,0.2831050228310502,0.47367426812785396,0.437029640955414,0.5664679208064516
pool_dropout_wd_clinical_weighted_mean,2,0.2681818181818182,0.4556785042739394,0.4174601988267081,0.5599691343926554
pool_dropout_wd_clinical_weighted_mean,3,0.3409090909090909,0.499279188808474,0.4486935138369951,0.59707816042
pool_dropout_wd_clinical_weighted_mean,4,0.2831050228310502,0.44770887167420087,0.40266480151369427,0.5617720815967743
pool_dropout_wd_clinical_weighted_max,0,0.2922374429223744,0.4804470507990868,0.4312447984193548,0.5996087557812501
pool_dropout_wd_clinical_weighted_max,1,0.2831050228310502,0.47367426812785396,0.437029640955414,0.5664679208064516
pool_dropout_wd_clinical_weighted_max,2,0.2681818181818182,0.48556660361363646,0.447134406552795,0.5904409040677965
pool_dropout_wd_clinical_weighted_max,3,0.3409090909090909,0.5081379685681818,0.45798170627586204,0.6051067423333333
pool_dropout_wd_clinical_weighted_max,4,0.2831050228310502,0.47445902905707765,0.430823166977707,0.5849562927096776
pool_dropout_wd_clinical_weighted_median,0,0.2922374429223744,0.4581787459543379,0.409087632783871,0.5770712856640625
pool_dropout_wd_clinical_weighted_median,1,0.2831050228310502,0.47367426812785396,0.437029640955414,0.5664679208064516
pool_dropout_wd_clinical_weighted_median,2,0.2681818181818182,0.45495473378977275,0.4166081885015528,0.5595953065254237
pool_dropout_wd_clinical_weighted_median,3,0.3409090909090909,0.49937451294318186,0.44873641598275854,0.5972748337333333
pool_dropout_wd_clinical_weighted_median,4,0.2831050228310502,0.44788434951484013,0.4023335296735669,0.5632307804032259
