patient_id,label,fold,cohort,probability
ACRIN-6698-103939,0,0,spy2,0.27268175732699534
ACRIN-6698-104268,0,1,spy2,0.535889025252991
ACRIN-6698-107700,0,2,spy2,0.47674923525772417
ACRIN-6698-108969,1,3,spy2,0.6059108150556811
ACRIN-6698-115987,0,4,spy2,0.6192111201466394
ACRIN-6698-118307,0,2,spy2,0.5746109706649296
ACRIN-6698-130580,1,0,spy2,0.4455588972771338
ACRIN-6698-139973,0,1,spy2,0.3157078886259056
ACRIN-6698-144302,0,3,spy2,0.6097210079044327
ACRIN-6698-145777,0,4,spy2,0.4475778885098599
ACRIN-6698-146987,0,0,spy2,0.2897008681844299
ACRIN-6698-148357,0,1,spy2,0.18149500350631304
ACRIN-6698-150547,0,2,spy2,0.2795865996837472
ACRIN-6698-152090,1,4,spy2,0.34357725513430154
ACRIN-6698-169918,0,3,spy2,0.26009734065186485
ACRIN-6698-172366,1,3,spy2,0.5166651975085234
ACRIN-6698-179568,0,0,spy2,0.3030298366430813
ACRIN-6698-188700,1,1,spy2,0.5729979452623813
ACRIN-6698-202535,0,2,spy2,0.5876086278963436
ACRIN-6698-209967,0,4,spy2,0.30531299938474116
ACRIN-6698-213913,1,3,spy2,0.7352613393013973
ACRIN-6698-218503,0,0,spy2,0.29228102018182484
ACRIN-6698-219545,0,1,spy2,0.5213709110715176
ACRIN-6698-220471,0,2,spy2,0.8395946625900631
ACRIN-6698-220925,0,4,spy2,0.7899666849414182
ACRIN-6698-222135,0,1,spy2,0.28027626043313536
ACRIN-6698-227055,0,2,spy2,0.5177908789654806
ACRIN-6698-233191,0,0,spy2,0.5288601402732367
ACRIN-6698-234723,0,3,spy2,0.562036315044775
ACRIN-6698-239910,0,4,spy2,0.5894101895116716
ACRIN-6698-240957,0,0,spy2,0.2518439187626394
ACRIN-6698-241998,0,1,spy2,0.31306931422702966
ACRIN-6698-253531,1,3,spy2,0.5290585454064173
ACRIN-6698-255388,1,2,spy2,0.8030871119544302
ACRIN-6698-263143,0,4,spy2,0.6846152595631151
ACRIN-6698-264305,1,3,spy2,0.5966963804600165
ACRIN-6698-266840,0,0,spy2,0.5855787734576426
ACRIN-6698-275034,1,1,spy2,0.6525959943119691
ACRIN-6698-277888,1,2,spy2,0.294482829862728
ACRIN-6698-283070,0,4,spy2,0.41557751526860776
ACRIN-6698-284443,0,3,spy2,0.47981455221591357
ACRIN-6698-284593,0,0,spy2,0.6628384401606229
ACRIN-6698-285339,1,1,spy2,0.7571995193635804
ACRIN-6698-287961,1,2,spy2,0.5084602222399865
ACRIN-6698-293142,0,4,spy2,0.18054694885344894
ACRIN-6698-296123,1,1,spy2,0.601982328548246
ACRIN-6698-296841,1,3,spy2,0.46863770386697057
ACRIN-6698-298101,0,0,spy2,0.3846398827436698
ACRIN-6698-299962,0,2,spy2,0.45384101838112245
ACRIN-6698-301665,0,4,spy2,0.4216087222953961
ACRIN-6698-317402,0,3,spy2,0.3438902433122151
ACRIN-6698-317641,1,0,spy2,0.7632282351944303
ACRIN-6698-320538,0,1,spy2,0.5489975326452439
ACRIN-6698-323721,0,2,spy2,0.2147375552806566
ACRIN-6698-326433,1,4,spy2,0.7347157224597317
ACRIN-6698-328160,0,1,spy2,0.34591257811108694
ACRIN-6698-329076,0,0,spy2,0.3267569492491857
ACRIN-6698-335536,0,3,spy2,0.27422674815806863
ACRIN-6698-342959,1,4,spy2,0.521780800617553
ACRIN-6698-343898,0,2,spy2,0.5208552564877695
ACRIN-6698-345907,0,0,spy2,0.5335841021109637
ACRIN-6698-355942,0,2,spy2,0.26114793593470964
ACRIN-6698-356431,1,3,spy2,0.7091182171953466
ACRIN-6698-361701,0,4,spy2,0.3676926886450562
ACRIN-6698-373346,0,1,spy2,0.2663148960625422
ACRIN-6698-375954,0,4,spy2,0.8546989794796946
ACRIN-6698-384830,0,0,spy2,0.5287616724714216
ACRIN-6698-396723,0,1,spy2,0.4241314233558876
ACRIN-6698-397505,1,2,spy2,0.6020910570414479
ACRIN-6698-399478,1,3,spy2,0.6375968818827455
ACRIN-6698-401215,0,4,spy2,0.33066151710898717
ACRIN-6698-407539,0,3,spy2,0.2726859453775639
ACRIN-6698-408692,1,0,spy2,0.7794347497185221
ACRIN-6698-409288,0,1,spy2,0.5234599752797188
ACRIN-6698-417474,1,2,spy2,0.6376176534230007
ACRIN-6698-421917,0,2,spy2,0.6327539852556608
ACRIN-6698-422013,0,0,spy2,0.6254915858733552
ACRIN-6698-429220,0,1,spy2,0.5682610416223909
ACRIN-6698-432114,1,4,spy2,0.541947478956225
ACRIN-6698-435279,0,3,spy2,0.2509116308814561
ACRIN-6698-460642,0,3,spy2,0.2868708962967664
ACRIN-6698-462582,0,0,spy2,0.2736099434888501
ACRIN-6698-465008,0,1,spy2,0.31930836835947385
ACRIN-6698-474874,1,2,spy2,0.7684504676156041
ACRIN-6698-490023,1,4,spy2,0.8439340754318408
ACRIN-6698-490805,1,1,spy2,0.6221616731986502
ACRIN-6698-506623,0,0,spy2,0.3833910427903
ACRIN-6698-511851,0,2,spy2,0.2595728245744262
ACRIN-6698-516763,1,3,spy2,0.6955270312117128
ACRIN-6698-516834,0,4,spy2,0.4010425799756611
ACRIN-6698-520471,1,1,spy2,0.3487438735039234
ACRIN-6698-522140,0,0,spy2,0.269017036614607
ACRIN-6698-530095,0,2,spy2,0.3317702005616902
ACRIN-6698-531988,1,3,spy2,0.7583619840811767
ACRIN-6698-563681,0,4,spy2,0.2611843615549043
ACRIN-6698-571995,0,0,spy2,0.473077795880637
ACRIN-6698-573919,0,1,spy2,0.7729180950308427
ACRIN-6698-580632,0,2,spy2,0.20077350482403772
ACRIN-6698-584561,1,3,spy2,0.8074014885280394
ACRIN-6698-587604,0,4,spy2,0.6520457759450146
ACRIN-6698-587691,1,0,spy2,0.4566908028258658
ACRIN-6698-591810,1,2,spy2,0.4035575653977796
ACRIN-6698-598835,0,1,spy2,0.7992911517324333
ACRIN-6698-609151,1,4,spy2,0.8690895523076921
ACRIN-6698-618717,0,3,spy2,0.7103767263881281
ACRIN-6698-618860,0,3,spy2,0.25757286444909727
ACRIN-6698-628788,0,0,spy2,0.6869934337678165
ACRIN-6698-629371,1,1,spy2,0.7687103319021722
ACRIN-6698-629606,0,4,spy2,0.6198210279583587
ACRIN-6698-631299,0,2,spy2,0.6679106411550969
ACRIN-6698-635632,1,0,spy2,0.8340818369660888
ACRIN-6698-638126,0,1,spy2,0.18181500213296162
ACRIN-6698-641246,1,2,spy2,0.5139639952610642
ACRIN-6698-641697,0,4,spy2,0.39296553203267054
ACRIN-6698-641977,0,3,spy2,0.24674916755631404
ACRIN-6698-649198,0,3,spy2,0.814317208434741
ACRIN-6698-652480,0,0,spy2,0.5930680352891478
ACRIN-6698-653927,1,1,spy2,0.6207723824084785
ACRIN-6698-654021,0,2,spy2,0.42435157935905116
ACRIN-6698-654064,0,4,spy2,0.3082019518369133
ACRIN-6698-655128,0,3,spy2,0.2958795023298388
ACRIN-6698-661730,1,0,spy2,0.6603291380407186
ACRIN-6698-663144,0,1,spy2,0.26394400523572964
ACRIN-6698-664111,1,2,spy2,0.6261798515562889
ACRIN-6698-683896,0,4,spy2,0.24634388831346737
ACRIN-6698-685795,0,0,spy2,0.4571866664314857
ACRIN-6698-688291,0,3,spy2,0.23526163234523312
ACRIN-6698-688955,0,1,spy2,0.3386652387120896
ACRIN-6698-689480,0,2,spy2,0.2506094078935111
ACRIN-6698-690089,0,4,spy2,0.6813392563820969
ACRIN-6698-691753,0,0,spy2,0.30455447105253103
ACRIN-6698-698094,0,3,spy2,0.2849948676112699
ACRIN-6698-706639,0,4,spy2,0.6346227707462705
ACRIN-6698-721099,0,1,spy2,0.5790265986098139
ACRIN-6698-724293,1,2,spy2,0.6501910869226628
ACRIN-6698-724384,0,0,spy2,0.36782831540322436
ACRIN-6698-738041,1,2,spy2,0.6377498384010636
ACRIN-6698-748583,0,1,spy2,0.26490210266426406
ACRIN-6698-748611,1,3,spy2,0.22706772715687482
ACRIN-6698-753109,1,4,spy2,0.5691482321079506
ACRIN-6698-755914,1,4,spy2,0.6534693732566332
ACRIN-6698-760011,1,0,spy2,0.5593240929361216
ACRIN-6698-760901,1,1,spy2,0.620248171416746
ACRIN-6698-765671,1,2,spy2,0.5635468380074329
ACRIN-6698-771151,1,3,spy2,0.5896562586446452
ACRIN-6698-771443,0,4,spy2,0.4319169207994462
ACRIN-6698-774840,1,0,spy2,0.4722086879492544
ACRIN-6698-775346,0,1,spy2,0.2957798279528641
ACRIN-6698-779739,1,2,spy2,0.5864166031311119
ACRIN-6698-783764,0,3,spy2,0.29424416573338236
ACRIN-6698-786753,0,4,spy2,0.7869026787105807
ACRIN-6698-792181,1,0,spy2,0.556406590438037
ACRIN-6698-793155,0,1,spy2,0.32865917322429294
ACRIN-6698-794128,0,2,spy2,0.5746369004334896
ACRIN-6698-799149,1,3,spy2,0.5921311679567379
ACRIN-6698-801641,0,1,spy2,0.558477838348764
ACRIN-6698-802308,0,4,spy2,0.6243418324315422
ACRIN-6698-804979,0,0,spy2,0.3253403278642413
ACRIN-6698-805136,0,2,spy2,0.6819844484620475
ACRIN-6698-820807,1,3,spy2,0.20161292653696072
ACRIN-6698-831848,1,0,spy2,0.8698575183689016
ACRIN-6698-839274,0,1,spy2,0.3486948353099212
ACRIN-6698-845783,1,2,spy2,0.38000998994296276
ACRIN-6698-856159,0,3,spy2,0.6445829144711887
ACRIN-6698-860243,0,4,spy2,0.20021697259895782
ACRIN-6698-861745,0,0,spy2,0.4498995729959271
ACRIN-6698-863161,1,4,spy2,0.7801658634553068
ACRIN-6698-866660,0,1,spy2,0.28269366490558206
ACRIN-6698-870077,0,2,spy2,0.2567135480206795
ACRIN-6698-875089,0,3,spy2,0.6515614717262751
ACRIN-6698-879224,0,2,spy2,0.6688795833537876
ACRIN-6698-882553,0,0,spy2,0.23895247879473805
ACRIN-6698-884011,0,1,spy2,0.2526354674537457
ACRIN-6698-894673,0,4,spy2,0.5606412774440865
ACRIN-6698-896852,0,3,spy2,0.464945979401424
ACRIN-6698-899692,1,2,spy2,0.5523477066871183
ACRIN-6698-900959,0,3,spy2,0.5481782102158567
ACRIN-6698-901705,0,0,spy2,0.31565453473678945
ACRIN-6698-913527,0,1,spy2,0.608280156800939
ACRIN-6698-924071,0,4,spy2,0.3047379142470862
ACRIN-6698-928170,0,0,spy2,0.19034314494859286
ACRIN-6698-928446,0,1,spy2,0.31564771991867985
ACRIN-6698-928815,0,3,spy2,0.510548585320989
ACRIN-6698-929391,0,4,spy2,0.5781461597498015
ACRIN-6698-929980,1,2,spy2,0.8473590966794579
ACRIN-6698-938719,0,2,spy2,0.22433893163109603
ACRIN-6698-942017,0,0,spy2,0.2601512024170349
ACRIN-6698-943633,0,1,spy2,0.6259183134798452
ACRIN-6698-946927,1,3,spy2,0.7768049056745995
ACRIN-6698-949444,0,4,spy2,0.5488238093402945
ACRIN-6698-960029,0,2,spy2,0.6856557225060285
ACRIN-6698-962153,0,3,spy2,0.4885383936357081
ACRIN-6698-963303,0,0,spy2,0.39568766124977484
ACRIN-6698-963604,0,1,spy2,0.24400149922386524
ACRIN-6698-970839,0,4,spy2,0.2755033313014513
ACRIN-6698-971492,0,2,spy2,0.34454029991869284
ACRIN-6698-982086,1,3,spy2,0.8248269094692388
ACRIN-6698-987914,0,0,spy2,0.5702647091168235
ACRIN-6698-991818,1,1,spy2,0.517010456799814
ACRIN-6698-992609,1,4,spy2,0.49981452299707024
ACRIN-6698-995480,0,2,spy2,0.4834865612204477
Breast_MRI_005,1,3,duke,0.6041725656476488
Breast_MRI_009,1,0,duke,0.5721268396283927
Breast_MRI_010,0,1,duke,0.5373850757184577
Breast_MRI_012,0,4,duke,0.47706365783458243
Breast_MRI_019,0,1,duke,0.31988026910437184
Breast_MRI_021,0,2,duke,0.3771469635316477
Breast_MRI_022,0,0,duke,0.5408538712598218
Breast_MRI_040,0,3,duke,0.2929364143813261
Breast_MRI_041,0,4,duke,0.2348845444471219
Breast_MRI_043,0,0,duke,0.6149446604125719
Breast_MRI_044,1,4,duke,0.8988173427972623
Breast_MRI_046,0,1,duke,0.22048554566712902
Breast_MRI_053,0,3,duke,0.33796687024748556
Breast_MRI_056,0,2,duke,0.5572785861662839
Breast_MRI_057,0,0,duke,0.27089638029055035
Breast_MRI_061,1,2,duke,0.4877913813999246
Breast_MRI_064,0,1,duke,0.6534945554698317
Breast_MRI_069,0,3,duke,0.41981491319173136
Breast_MRI_082,0,4,duke,0.35672825697170496
Breast_MRI_086,0,0,duke,0.5628220216404911
Breast_MRI_090,0,4,duke,0.6149466332122159
Breast_MRI_091,0,1,duke,0.20965168596915162
Breast_MRI_097,0,2,duke,0.5180395931852994
Breast_MRI_099,1,3,duke,0.5411778028641698
Breast_MRI_101,0,0,duke,0.369919227092184
Breast_MRI_103,0,1,duke,0.598015260089456
Breast_MRI_104,0,2,duke,0.2586438842968525
Breast_MRI_107,0,3,duke,0.6065678585632057
Breast_MRI_114,0,4,duke,0.36920713384686515
Breast_MRI_115,1,1,duke,0.5954637838566539
Breast_MRI_117,0,0,duke,0.7395584624310116
Breast_MRI_119,0,2,duke,0.4182087638952965
Breast_MRI_123,0,3,duke,0.36586991475505287
Breast_MRI_129,0,4,duke,0.7121155381825
Breast_MRI_134,1,1,duke,0.685873609008253
Breast_MRI_136,0,0,duke,0.4062271116101446
Breast_MRI_137,0,2,duke,0.3110532828077526
Breast_MRI_141,0,3,duke,0.4829393835777509
Breast_MRI_142,1,4,duke,0.4150907605014823
Breast_MRI_144,1,0,duke,0.8028306086201418
Breast_MRI_148,0,1,duke,0.5155162098260558
Breast_MRI_150,0,2,duke,0.18034166424237977
Breast_MRI_156,0,3,duke,0.6043539074036641
Breast_MRI_157,1,4,duke,0.2932200811437298
Breast_MRI_160,0,3,duke,0.6913622969540202
Breast_MRI_163,0,0,duke,0.3531855098622865
Breast_MRI_167,0,2,duke,0.3389586115965324
Breast_MRI_168,0,1,duke,0.35829099259196606
Breast_MRI_180,0,4,duke,0.15879266705890555
Breast_MRI_189,0,1,duke,0.5309575219397922
Breast_MRI_198,0,2,duke,0.2846249191578389
Breast_MRI_205,0,0,duke,0.2798907961319423
Breast_MRI_217,1,4,duke,0.5018417196144006
Breast_MRI_228,0,3,duke,0.22528290203223245
Breast_MRI_233,0,0,duke,0.6751570171510588
Breast_MRI_234,0,1,duke,0.5272353885192097
Breast_MRI_237,0,2,duke,0.33004331727823655
Breast_MRI_239,0,4,duke,0.5355816863522211
Breast_MRI_240,0,3,duke,0.4139949723654594
Breast_MRI_244,0,2,duke,0.6064475827650396
Breast_MRI_253,1,3,duke,0.6406628455054536
Breast_MRI_255,1,0,duke,0.46736636580389035
Breast_MRI_260,0,1,duke,0.5643527953807691
Breast_MRI_265,0,4,duke,0.6343303632697936
Breast_MRI_268,0,0,duke,0.33371789291195403
Breast_MRI_269,0,1,duke,0.21700426658103678
Breast_MRI_283,0,3,duke,0.6636473038932724
Breast_MRI_287,0,2,duke,0.30386329441958626
Breast_MRI_290,0,4,duke,0.4159154189216174
Breast_MRI_293,0,0,duke,0.48600247478151937
Breast_MRI_298,0,1,duke,0.3017548451679488
Breast_MRI_301,1,3,duke,0.31570661147750645
Breast_MRI_303,0,2,duke,0.29921609400036836
Breast_MRI_306,0,4,duke,0.8386025643492734
Breast_MRI_307,0,2,duke,0.5343621500131593
Breast_MRI_321,0,0,duke,0.8063737926595043
Breast_MRI_323,0,1,duke,0.369280202350081
Breast_MRI_328,1,4,duke,0.5903381432577828
Breast_MRI_333,0,3,duke,0.41096164727721846
Breast_MRI_350,1,0,duke,0.26261528688946956
Breast_MRI_356,0,1,duke,0.2999947562322934
Breast_MRI_368,0,2,duke,0.6255853363002463
Breast_MRI_372,0,3,duke,0.40838453674777103
Breast_MRI_377,1,4,duke,0.680294418189904
Breast_MRI_378,0,0,duke,0.1993028134604648
Breast_MRI_383,0,1,duke,0.5023286745497619
Breast_MRI_385,0,2,duke,0.2719513909897734
Breast_MRI_386,0,4,duke,0.8206891173195922
Breast_MRI_387,0,3,duke,0.29516364461815653
Breast_MRI_397,0,0,duke,0.5962367063626662
Breast_MRI_398,1,1,duke,0.7642851325236171
Breast_MRI_399,0,3,duke,0.36829360583377946
Breast_MRI_408,1,2,duke,0.5137219542961798
Breast_MRI_412,0,4,duke,0.2117734281658717
Breast_MRI_414,0,2,duke,0.56778280971256
Breast_MRI_420,1,0,duke,0.6334163116666633
Breast_MRI_424,1,1,duke,0.6277716293640601
Breast_MRI_431,0,3,duke,0.8578331409268735
Breast_MRI_435,0,4,duke,0.5378696896481765
Breast_MRI_438,1,0,duke,0.6419822052818919
Breast_MRI_441,0,1,duke,0.2705186761996404
Breast_MRI_444,1,2,duke,0.7327810346403743
Breast_MRI_450,0,3,duke,0.28980502786143364
Breast_MRI_454,0,4,duke,0.21812778422082124
Breast_MRI_464,0,3,duke,0.25675244066409036
Breast_MRI_465,0,0,duke,0.42143927247811463
Breast_MRI_468,0,1,duke,0.8351267421779118
Breast_MRI_473,0,2,duke,0.6693217638711204
Breast_MRI_480,0,4,duke,0.26510503334408103
Breast_MRI_482,1,3,duke,0.7867596112050247
Breast_MRI_486,0,4,duke,0.35984322248941125
Breast_MRI_489,1,0,duke,0.6535479849362934
Breast_MRI_491,0,1,duke,0.47693826900926173
Breast_MRI_501,1,2,duke,0.28486438209224596
Breast_MRI_506,0,0,duke,0.39134061510273555
Breast_MRI_508,0,1,duke,0.5332098099884374
Breast_MRI_512,1,2,duke,0.2712780166867568
Breast_MRI_517,0,3,duke,0.23133139102785327
Breast_MRI_521,0,4,duke,0.2733742291146004
Breast_MRI_525,1,4,duke,0.8560423385174789
Breast_MRI_527,0,0,duke,0.3645071949851644
Breast_MRI_530,0,1,duke,0.31449345536552953
Breast_MRI_534,0,2,duke,0.4033344999149677
Breast_MRI_539,1,3,duke,0.3975741390393249
Breast_MRI_541,0,0,duke,0.6067176404655494
Breast_MRI_543,0,3,duke,0.5176417929231758
Breast_MRI_558,0,1,duke,0.8157749740259393
Breast_MRI_559,1,4,duke,0.8453124822641648
Breast_MRI_560,0,2,duke,0.29188209873848625
Breast_MRI_562,1,0,duke,0.5794858965211231
Breast_MRI_568,0,1,duke,0.6616660395007326
Breast_MRI_573,0,2,duke,0.2702944539973178
Breast_MRI_577,1,3,duke,0.8236215733038855
Breast_MRI_585,0,4,duke,0.38779671476890226
Breast_MRI_590,0,3,duke,0.3824368388380898
Breast_MRI_592,0,0,duke,0.2559255029743648
Breast_MRI_595,0,1,duke,0.3208273576870804
Breast_MRI_596,0,2,duke,0.1867364901714893
Breast_MRI_597,0,4,duke,0.3094159742618552
Breast_MRI_600,0,1,duke,0.2813011347215106
Breast_MRI_605,0,0,duke,0.3618407892413052
Breast_MRI_607,0,3,duke,0.631342001718516
Breast_MRI_609,0,4,duke,0.22794693766123594
Breast_MRI_610,0,2,duke,0.6233711946709063
Breast_MRI_612,0,0,duke,0.657126377761094
Breast_MRI_614,1,1,duke,0.6813988848497835
Breast_MRI_615,1,2,duke,0.44788817681149773
Breast_MRI_618,0,3,duke,0.2447510839164652
Breast_MRI_623,0,4,duke,0.35296519580328367
Breast_MRI_626,0,0,duke,0.26744704254997353
Breast_MRI_633,1,1,duke,0.2793099668132504
Breast_MRI_640,0,4,duke,0.27628463998301256
Breast_MRI_642,0,2,duke,0.5298180593074843
Breast_MRI_648,0,3,duke,0.31207088123536425
Breast_MRI_650,0,2,duke,0.35445715423973195
Breast_MRI_651,0,0,duke,0.30383519673647635
Breast_MRI_652,1,1,duke,0.7904497786165623
Breast_MRI_656,1,3,duke,0.6194563904404368
Breast_MRI_660,0,4,duke,0.7448653360265651
Breast_MRI_662,0,2,duke,0.5953389697964429
Breast_MRI_666,0,4,duke,0.6201052755536622
Breast_MRI_670,0,0,duke,0.24556118521040163
Breast_MRI_677,0,1,duke,0.3372816108622421
Breast_MRI_679,0,3,duke,0.7964825433182655
Breast_MRI_681,0,0,duke,0.5240765556410405
Breast_MRI_684,0,2,duke,0.32684058065186455
Breast_MRI_685,0,4,duke,0.24701112934638678
Breast_MRI_687,0,1,duke,0.8321349309813209
Breast_MRI_693,0,3,duke,0.5579098033697453
Breast_MRI_694,0,1,duke,0.2465603249784637
Breast_MRI_697,0,0,duke,0.33970436190928116
Breast_MRI_705,0,2,duke,0.2458808558508561
Breast_MRI_717,0,4,duke,0.3723457590833987
Breast_MRI_723,0,3,duke,0.5898432096568739
Breast_MRI_724,0,0,duke,0.15883379256034816
Breast_MRI_735,1,1,duke,0.5475123121662787
Breast_MRI_746,0,3,duke,0.29701118115246716
Breast_MRI_757,0,2,duke,0.6731466834201171
Breast_MRI_758,0,4,duke,0.8476516386537917
Breast_MRI_762,0,2,duke,0.6900844011156859
Breast_MRI_774,1,0,duke,0.7238714356105614
Breast_MRI_776,0,1,duke,0.19513222432243046
Breast_MRI_778,0,3,duke,0.4738743285640111
Breast_MRI_789,0,4,duke,0.3656880152529905
Breast_MRI_805,0,1,duke,0.33407502653469395
Breast_MRI_809,0,0,duke,0.25973827131741895
Breast_MRI_812,1,2,duke,0.5456087117134742
Breast_MRI_816,0,4,duke,0.3904876816804903
Breast_MRI_817,1,3,duke,0.6653514554095197
Breast_MRI_830,1,0,duke,0.6833981254561535
Breast_MRI_831,0,1,duke,0.23886916198397523
Breast_MRI_836,0,2,duke,0.38126580653248016
Breast_MRI_847,0,3,duke,0.709410981720256
Breast_MRI_851,0,4,duke,0.2300971822981788
Breast_MRI_857,0,2,duke,0.20667999570793447
Breast_MRI_860,0,0,duke,0.33221453962215536
Breast_MRI_865,0,4,duke,0.32896595951433844
Breast_MRI_874,0,1,duke,0.2631105682233784
Breast_MRI_877,0,3,duke,0.3301019683252337
Breast_MRI_879,0,2,duke,0.4474544522356962
Breast_MRI_882,1,0,duke,0.6262592924200415
Breast_MRI_883,1,1,duke,0.5712160820270447
Breast_MRI_884,0,3,duke,0.5176293569767375
Breast_MRI_891,0,4,duke,0.7022938621448539
Breast_MRI_899,0,0,duke,0.34423376863505184
Breast_MRI_900,0,2,duke,0.24793225039932323
Breast_MRI_901,0,4,duke,0.2028184161050727
Breast_MRI_914,0,1,duke,0.568185056449227
Breast_MRI_916,0,3,duke,0.2938599447362034
ISPY1_1001,0,0,spy1,0.33370074313428666
ISPY1_1002,0,1,spy1,0.35274215374878454
ISPY1_1003,0,2,spy1,0.26997047520076484
ISPY1_1005,0,3,spy1,0.24673665966555072
ISPY1_1007,0,4,spy1,0.3211550103469627
ISPY1_1008,0,1,spy1,0.2925090811912419
ISPY1_1011,1,2,spy1,0.6983625112452809
ISPY1_1012,0,0,spy1,0.2167271475801875
ISPY1_1025,0,3,spy1,0.26778187493181876
ISPY1_1027,0,4,spy1,0.6248364949787423
ISPY1_1029,0,1,spy1,0.48735763258658893
ISPY1_1031,0,2,spy1,0.23376455408197847
ISPY1_1034,0,4,spy1,0.5518513421424764
ISPY1_1035,0,0,spy1,0.4963324480830136
ISPY1_1036,0,3,spy1,0.8003670712094479
ISPY1_1037,0,1,spy1,0.48550294693534934
ISPY1_1038,0,2,spy1,0.6599901550801294
ISPY1_1040,0,0,spy1,0.4689480312417002
ISPY1_1053,0,3,spy1,0.3073204336806209
ISPY1_1054,0,4,spy1,0.552049472962214
ISPY1_1056,0,0,spy1,0.798392091281271
ISPY1_1060,0,1,spy1,0.15762453036581323
ISPY1_1061,0,4,spy1,0.7690817900080755
ISPY1_1062,0,2,spy1,0.3066533870303267
ISPY1_1064,0,4,spy1,0.47439907961613703
ISPY1_1066,0,3,spy1,0.5658938339941625
ISPY1_1069,0,0,spy1,0.2613830124336966
ISPY1_1070,1,1,spy1,0.3337488855079283
ISPY1_1072,0,3,spy1,0.637363814632882
ISPY1_1074,0,2,spy1,0.2904966696242035
ISPY1_1075,1,0,spy1,0.6789960142975224
ISPY1_1077,1,1,spy1,0.5728744186924375
ISPY1_1078,1,3,spy1,0.3947224648588704
ISPY1_1084,0,4,spy1,0.5312053477493315
ISPY1_1087,1,2,spy1,0.8283885426877022
ISPY1_1089,0,0,spy1,0.13633827192782025
ISPY1_1097,0,1,spy1,0.5740546684137419
ISPY1_1099,1,2,spy1,0.5410453621226932
ISPY1_1100,0,3,spy1,0.2454171070869557
ISPY1_1101,0,4,spy1,0.7622727126160279
ISPY1_1103,1,3,spy1,0.7239531976566945
ISPY1_1104,1,0,spy1,0.7118300280006052
ISPY1_1107,0,4,spy1,0.2998129080111378
ISPY1_1112,1,1,spy1,0.8312835382499839
ISPY1_1114,0,2,spy1,0.2640721634280992
ISPY1_1120,0,0,spy1,0.4276701441286272
ISPY1_1122,0,1,spy1,0.7672931007001313
ISPY1_1124,0,2,spy1,0.7116751960319324
ISPY1_1128,0,3,spy1,0.712239051493469
ISPY1_1130,1,4,spy1,0.45156212100215837
ISPY1_1134,0,0,spy1,0.3355415654705126
ISPY1_1135,0,1,spy1,0.6039579643104598
ISPY1_1139,1,2,spy1,0.48006748496855417
ISPY1_1140,0,3,spy1,0.3001304215462896
ISPY1_1141,0,4,spy1,0.7607967593826841
ISPY1_1144,1,4,spy1,0.4309669781782504
ISPY1_1147,0,0,spy1,0.4473513599483339
ISPY1_1148,1,1,spy1,0.8273397667260884
ISPY1_1152,0,2,spy1,0.5590739290330353
ISPY1_1155,1,3,spy1,0.5718586503658508
ISPY1_1156,1,4,spy1,0.6782514823693013
ISPY1_1159,0,0,spy1,0.3809984593815857
ISPY1_1161,0,1,spy1,0.7366492258179468
ISPY1_1164,0,2,spy1,0.23417486689885356
ISPY1_1167,0,3,spy1,0.37431249455435744
ISPY1_1169,0,3,spy1,0.621350403316349
ISPY1_1173,0,0,spy1,0.37933622583335885
ISPY1_1176,1,1,spy1,0.8142665781241585
ISPY1_1177,1,2,spy1,0.8780395407952525
ISPY1_1179,0,4,spy1,0.6256999025855106
ISPY1_1181,0,2,spy1,0.27105643569620597
ISPY1_1183,0,0,spy1,0.26021197242872324
ISPY1_1184,1,1,spy1,0.5541548548401788
ISPY1_1187,0,3,spy1,0.4241553038117683
ISPY1_1188,0,4,spy1,0.7851124697878509
ISPY1_1189,1,0,spy1,0.6998236291554246
ISPY1_1191,0,3,spy1,0.31371492893197905
ISPY1_1193,0,1,spy1,0.2658123581392715
ISPY1_1194,0,2,spy1,0.19574344265143068
ISPY1_1196,0,4,spy1,0.6677563583114985
ISPY1_1197,0,2,spy1,0.24753426591916486
ISPY1_1198,0,0,spy1,0.292654161577906
ISPY1_1199,0,1,spy1,0.6412485036844252
ISPY1_1204,0,3,spy1,0.6530134278237779
ISPY1_1205,0,4,spy1,0.141007501437509
ISPY1_1208,1,0,spy1,0.5978823487791515
ISPY1_1212,1,2,spy1,0.7432828655417717
ISPY1_1215,1,1,spy1,0.44328413501179514
ISPY1_1217,0,4,spy1,0.3656519707177497
ISPY1_1218,0,3,spy1,0.6186591812129348
ISPY1_1219,0,3,spy1,0.2723286443718798
ISPY1_1222,0,0,spy1,0.7563804654314431
ISPY1_1223,0,1,spy1,0.2794622385458543
ISPY1_1225,0,2,spy1,0.3466212106132085
ISPY1_1227,1,4,spy1,0.747165815858295
ISPY1_1228,1,2,spy1,0.6979028015907739
ISPY1_1230,0,0,spy1,0.239058268794292
ISPY1_1231,0,1,spy1,0.239465461119718
ISPY1_1233,0,3,spy1,0.4662789307648173
ISPY1_1235,1,4,spy1,0.7528846731997765
ISPY1_1236,0,2,spy1,0.3968351648458918
ISPY1_1237,0,0,spy1,0.5772015826670339
ISPY1_1238,0,1,spy1,0.4515522892750755
ISPY1_1239,0,3,spy1,0.3551045136059798
ISPY2-100899,0,4,spy2,0.6502399912246699
ISPY2-102011,1,3,spy2,0.46365473048324607
ISPY2-103693,0,0,spy2,0.2659472387268646
ISPY2-104384,0,2,spy2,0.2911692317432342
ISPY2-105286,0,1,spy2,0.27221041970981463
ISPY2-105513,1,4,spy2,0.2916552369847963
ISPY2-108939,1,0,spy2,0.7033647670094494
ISPY2-109623,0,1,spy2,0.34774251512414694
ISPY2-109980,1,2,spy2,0.4411002412106583
ISPY2-111004,0,3,spy2,0.19037268770705457
ISPY2-111646,0,2,spy2,0.19773363562914315
ISPY2-111881,1,4,spy2,0.6304724019784965
ISPY2-114087,0,4,spy2,0.2740093274619895
ISPY2-115638,0,0,spy2,0.6480968785449723
ISPY2-117424,1,3,spy2,0.6944565020976406
ISPY2-117707,1,1,spy2,0.5213877232712203
ISPY2-120001,0,2,spy2,0.6922193794274057
ISPY2-120422,1,0,spy2,0.26436130209563213
ISPY2-122287,1,1,spy2,0.37684318906251163
ISPY2-122579,0,2,spy2,0.25655874694201175
ISPY2-122795,0,3,spy2,0.6808266534469126
ISPY2-125130,1,4,spy2,0.8041605988701604
ISPY2-125418,0,2,spy2,0.3079444597172136
ISPY2-127675,0,0,spy2,0.4746727594222949
ISPY2-127791,0,1,spy2,0.5484047504666808
ISPY2-128051,0,3,spy2,0.5012392395189387
ISPY2-128675,1,4,spy2,0.16612722071616468
ISPY2-129837,0,0,spy2,0.4443259112632386
ISPY2-129973,1,2,spy2,0.6620567215101545
ISPY2-130892,1,4,spy2,0.21544869875943967
ISPY2-131595,0,1,spy2,0.3151146771215549
ISPY2-132463,1,3,spy2,0.3282186147571479
ISPY2-133650,0,0,spy2,0.2589210379815148
ISPY2-134526,1,1,spy2,0.7439923582541423
ISPY2-136536,1,3,spy2,0.7129403762062969
ISPY2-138425,1,2,spy2,0.7153607099608975
ISPY2-139771,1,4,spy2,0.40847040609789864
ISPY2-141782,0,0,spy2,0.5338160331825572
ISPY2-142688,0,1,spy2,0.6221401312849898
ISPY2-145513,0,2,spy2,0.6654790545171999
ISPY2-146033,1,3,spy2,0.5492943120613295
ISPY2-147139,1,4,spy2,0.532879394845496
ISPY2-149654,0,2,spy2,0.31880515394379144
ISPY2-151230,0,0,spy2,0.48449906113846847
ISPY2-151980,1,4,spy2,0.294356559040349
ISPY2-153327,1,1,spy2,0.6011704495875763
ISPY2-154293,0,3,spy2,0.4455508693870211
ISPY2-155171,0,0,spy2,0.19604590269681824
ISPY2-157270,0,1,spy2,0.5018454420769184
ISPY2-157463,0,3,spy2,0.3166151355923122
ISPY2-159284,0,2,spy2,0.5197256604691164
ISPY2-159352,0,4,spy2,0.4837564336581733
ISPY2-160120,0,0,spy2,0.2531430811050748
ISPY2-164468,0,1,spy2,0.47397234477091915
ISPY2-166412,0,2,spy2,0.5753365440197573
ISPY2-166782,0,3,spy2,0.4810157258106257
ISPY2-167271,0,4,spy2,0.7091822065041049
ISPY2-172168,0,2,spy2,0.6744414551470079
ISPY2-172283,0,0,spy2,0.555433086231732
ISPY2-174903,0,1,spy2,0.284172857842177
ISPY2-174904,0,3,spy2,0.358020241828551
ISPY2-177795,1,4,spy2,0.5265464360013825
ISPY2-178649,1,0,spy2,0.5434930462848508
ISPY2-178815,0,1,spy2,0.2780742263672271
ISPY2-180027,1,2,spy2,0.6679596991072791
ISPY2-181442,0,3,spy2,0.4228092481887346
ISPY2-182346,0,4,spy2,0.17565841046919173
ISPY2-183831,1,0,spy2,0.27685829615449387
ISPY2-188091,1,4,spy2,0.8432179462279641
ISPY2-188511,0,1,spy2,0.25110711634966837
ISPY2-190224,0,2,spy2,0.19220206302370957
ISPY2-192548,0,3,spy2,0.22492767987354062
ISPY2-194024,1,0,spy2,0.34504973265552447
ISPY2-196024,0,1,spy2,0.38556561668060296
ISPY2-199115,0,2,spy2,0.255769609724419
ISPY2-199960,0,3,spy2,0.57038565975032
ISPY2-200222,0,4,spy2,0.187558080588265
ISPY2-201831,1,1,spy2,0.7121225687216858
ISPY2-201873,1,3,spy2,0.35918915508079075
ISPY2-202539,1,4,spy2,0.15072694999543088
ISPY2-202956,1,0,spy2,0.6021226198642243
ISPY2-203254,0,2,spy2,0.6690946899319963
ISPY2-204939,1,1,spy2,0.47162113366961145
ISPY2-208265,1,3,spy2,0.6213352553265314
ISPY2-209397,0,4,spy2,0.2572978369405722
ISPY2-211408,1,0,spy2,0.7202701376267011
ISPY2-212307,0,2,spy2,0.28950098518538475
ISPY2-213328,1,1,spy2,0.6871152211930454
ISPY2-213672,0,0,spy2,0.33231135494107555
ISPY2-218249,0,2,spy2,0.31172970537850797
ISPY2-220664,1,3,spy2,0.5525178540262495
ISPY2-221375,0,4,spy2,0.207320050040542
ISPY2-225836,0,0,spy2,0.4472309796411455
ISPY2-227832,0,1,spy2,0.43040343641342366
ISPY2-228192,0,2,spy2,0.5697147634453601
ISPY2-228340,0,1,spy2,0.6806439569486568
ISPY2-229328,0,3,spy2,0.23471151019391986
ISPY2-229824,0,4,spy2,0.19713181785459516
ISPY2-231633,1,0,spy2,0.5187266269847648
ISPY2-233832,0,1,spy2,0.5965599727416808
ISPY2-233962,1,2,spy2,0.7139267942096255
ISPY2-234272,0,3,spy2,0.5171871524642735
ISPY2-235995,1,4,spy2,0.5522742631088178
ISPY2-238790,0,1,spy2,0.5372450544624672
ISPY2-239061,0,0,spy2,0.41872937675771305
ISPY2-241705,0,2,spy2,0.3358226738574729
ISPY2-242370,1,3,spy2,0.41753916141606673
ISPY2-243836,1,4,spy2,0.3566042061164451
ISPY2-245655,0,0,spy2,0.5708750013172728
ISPY2-247641,0,1,spy2,0.56024973757733
ISPY2-248255,0,4,spy2,0.39705085820100405
ISPY2-250274,0,2,spy2,0.5460193498582816
ISPY2-252748,1,3,spy2,0.561857814165709
ISPY2-254060,1,0,spy2,0.6780977471464841
ISPY2-254273,0,1,spy2,0.6054406219414096
ISPY2-255078,0,2,spy2,0.46589100175582326
ISPY2-255535,0,3,spy2,0.4553336140877934
ISPY2-257735,0,4,spy2,0.6463671651504221
ISPY2-259206,0,0,spy2,0.4225106396466688
ISPY2-259899,0,1,spy2,0.5709976441668175
ISPY2-261304,0,2,spy2,0.3348920244172204
ISPY2-262131,0,3,spy2,0.3932349976288683
ISPY2-264678,0,4,spy2,0.3366870499532117
ISPY2-266509,1,1,spy2,0.601695433784152
ISPY2-267306,1,2,spy2,0.455521352617311
ISPY2-268937,1,0,spy2,0.5863308679171632
ISPY2-273691,1,3,spy2,0.5765267488680607
ISPY2-273745,0,4,spy2,0.30117074547487765
ISPY2-277848,0,0,spy2,0.4333959977104359
ISPY2-279902,1,1,spy2,0.35543216522559323
ISPY2-282082,1,3,spy2,0.5344057042397143
ISPY2-282644,0,2,spy2,0.547700120938642
ISPY2-282777,0,4,spy2,0.2476575724379418
ISPY2-286984,0,0,spy2,0.2732843718821087
ISPY2-287300,1,1,spy2,0.47255256036315063
ISPY2-289107,1,2,spy2,0.6781556257086538
ISPY2-290413,0,3,spy2,0.4367715453320412
ISPY2-291515,0,4,spy2,0.5921321753778679
ISPY2-294176,1,4,spy2,0.5013042034889156
ISPY2-294265,1,0,spy2,0.5330166776402676
ISPY2-299364,0,3,spy2,0.6496532056944005
ISPY2-299840,0,1,spy2,0.6372981515232773
ISPY2-300724,0,2,spy2,0.21502841294313377
ISPY2-301289,0,0,spy2,0.31035809862430785
ISPY2-301968,0,1,spy2,0.276231876541149
ISPY2-303685,1,2,spy2,0.24817980192812455
ISPY2-306127,0,3,spy2,0.22988164287607643
ISPY2-307659,0,4,spy2,0.5410337502141711
ISPY2-309830,0,0,spy2,0.5983162806100609
ISPY2-311316,0,2,spy2,0.3803299566839723
ISPY2-311455,0,1,spy2,0.2728874240035652
ISPY2-313243,1,3,spy2,0.3283451192447204
ISPY2-313672,0,4,spy2,0.20035285878392145
ISPY2-316996,0,0,spy2,0.7199361997196783
ISPY2-318293,0,1,spy2,0.3289780714131973
ISPY2-318407,0,4,spy2,0.5535654162814936
ISPY2-318438,0,2,spy2,0.49963828560661644
ISPY2-318569,0,3,spy2,0.5928593060569717
ISPY2-319324,0,0,spy2,0.523652843532911
ISPY2-324021,0,1,spy2,0.5001509132787474
ISPY2-326202,0,2,spy2,0.27400401190480406
ISPY2-327133,0,3,spy2,0.419716830558558
ISPY2-327142,0,4,spy2,0.19836710728727452
ISPY2-329941,1,0,spy2,0.5593231242217034
ISPY2-330134,0,1,spy2,0.287220809506895
ISPY2-331192,1,2,spy2,0.23517712531330381
ISPY2-332655,1,3,spy2,0.5149776589085424
ISPY2-333145,1,4,spy2,0.1993389129838046
ISPY2-335091,1,0,spy2,0.6334329815662247
ISPY2-340186,0,1,spy2,0.6282167838414987
ISPY2-342996,0,4,spy2,0.3654648268520094
ISPY2-345460,0,2,spy2,0.349139733221786
ISPY2-345483,0,3,spy2,0.5319212729752729
ISPY2-345574,1,2,spy2,0.6778185504370177
ISPY2-347516,0,0,spy2,0.6364790243553318
ISPY2-349330,1,1,spy2,0.6138075648061201
ISPY2-349639,1,3,spy2,0.5251593585170504
ISPY2-350331,0,4,spy2,0.7384540316638318
ISPY2-353318,0,0,spy2,0.5349801407122223
ISPY2-355292,0,1,spy2,0.2957766745708967
ISPY2-356399,0,4,spy2,0.31320604717026046
ISPY2-357017,0,2,spy2,0.16105839128124275
ISPY2-357034,0,3,spy2,0.23630001127732958
ISPY2-360937,0,0,spy2,0.2775538370111322
ISPY2-363669,0,1,spy2,0.25602003263718187
ISPY2-367682,0,2,spy2,0.5510812683728421
ISPY2-371528,0,3,spy2,0.13673415012924284
ISPY2-373672,0,4,spy2,0.30305987407122426
ISPY2-374106,0,0,spy2,0.740460708532597
ISPY2-374121,0,1,spy2,0.5399041655814026
ISPY2-375342,0,3,spy2,0.6544940069599915
ISPY2-375455,0,2,spy2,0.561805794998296
ISPY2-377460,1,4,spy2,0.8502109217991045
ISPY2-378401,1,2,spy2,0.4882648212718973
ISPY2-380239,0,0,spy2,0.5953360617175977
ISPY2-380972,0,1,spy2,0.3695870658693652
ISPY2-382853,1,3,spy2,0.8197479831037368
ISPY2-386664,0,4,spy2,0.18632482629104105
ISPY2-388581,1,0,spy2,0.5716610979946598
ISPY2-395076,1,1,spy2,0.6105522707573084
ISPY2-395249,0,2,spy2,0.532469001975588
ISPY2-395379,0,3,spy2,0.326510446527973
ISPY2-402384,0,4,spy2,0.5732217348937317
ISPY2-405717,0,0,spy2,0.5912094975055779
ISPY2-406190,0,3,spy2,0.46134621324910624
ISPY2-410083,1,1,spy2,0.8164232036640025
ISPY2-411008,0,2,spy2,0.5671882633483827
ISPY2-411684,0,4,spy2,0.5919133031399898
ISPY2-411806,0,0,spy2,0.30767399760966974
ISPY2-411950,0,1,spy2,0.23497398903590966
ISPY2-413961,0,2,spy2,0.5925546469320232
ISPY2-414256,0,3,spy2,0.326953574266516
ISPY2-414286,0,4,spy2,0.19455721169789209
ISPY2-415039,0,1,spy2,0.44169219987289243
ISPY2-416434,1,0,spy2,0.6264749481174859
ISPY2-420523,0,2,spy2,0.6047151980106489
ISPY2-423619,1,3,spy2,0.5524322340881067
ISPY2-423979,0,4,spy2,0.3030743443617558
ISPY2-424541,0,3,spy2,0.23809857421103364
ISPY2-425173,1,2,spy2,0.23954238794738175
ISPY2-426106,0,0,spy2,0.18979123480115004
ISPY2-427321,1,1,spy2,0.16095947781084033
ISPY2-431061,0,4,spy2,0.2601686664363533
ISPY2-433144,1,0,spy2,0.4679320935956708
ISPY2-437162,0,1,spy2,0.5475917133586636
ISPY2-437968,0,3,spy2,0.4819693216433804
ISPY2-439489,0,2,spy2,0.28298307806714706
ISPY2-442669,0,4,spy2,0.559044158251232
ISPY2-442981,1,0,spy2,0.365536888032477
ISPY2-443444,0,1,spy2,0.7500614993536245
ISPY2-443708,0,2,spy2,0.45154330610378945
ISPY2-446263,1,3,spy2,0.2299254728587853
ISPY2-451482,0,4,spy2,0.26457628969657093
ISPY2-451816,0,3,spy2,0.303219190724624
ISPY2-452703,0,0,spy2,0.22349176776535465
ISPY2-454808,0,1,spy2,0.6439516402919627
ISPY2-455828,1,2,spy2,0.22316912026645977
ISPY2-456432,0,4,spy2,0.6554984657150098
ISPY2-458196,0,3,spy2,0.3664891471622526
ISPY2-460776,1,2,spy2,0.3092059649238337
ISPY2-460812,0,0,spy2,0.22201019517837628
ISPY2-461824,0,1,spy2,0.6628925164595291
ISPY2-462581,0,3,spy2,0.5645236833526565
ISPY2-462605,1,4,spy2,0.8004089730518716
ISPY2-464547,1,0,spy2,0.5539761682399789
ISPY2-466267,1,1,spy2,0.6476915882436262
ISPY2-467622,0,2,spy2,0.2777312325508159
ISPY2-472799,1,3,spy2,0.7502696274178816
ISPY2-473365,0,4,spy2,0.2731351592681146
ISPY2-473468,0,4,spy2,0.5716611177069942
ISPY2-473505,0,0,spy2,0.23350654499584572
ISPY2-477994,1,1,spy2,0.567323022180941
ISPY2-478055,0,2,spy2,0.31010635872244763
ISPY2-478655,1,3,spy2,0.604896154326479
ISPY2-479417,1,0,spy2,0.5475097443775965
ISPY2-483667,0,1,spy2,0.5843656463493299
ISPY2-483910,0,2,spy2,0.5200090036861479
ISPY2-484867,0,4,spy2,0.42994742552431114
ISPY2-484894,0,3,spy2,0.3993436375534459
ISPY2-485637,0,0,spy2,0.5296376442079291
ISPY2-489194,1,1,spy2,0.3656785345368225
ISPY2-489504,1,2,spy2,0.5463911037856062
ISPY2-489973,0,3,spy2,0.6380279549319571
ISPY2-491526,0,4,spy2,0.19807537252229662
ISPY2-493472,0,0,spy2,0.21771454715078947
ISPY2-493519,0,2,spy2,0.30795586079796067
ISPY2-493775,1,3,spy2,0.6019694751357293
ISPY2-494296,0,1,spy2,0.23808224822674054
ISPY2-494946,1,4,spy2,0.5262649444119722
ISPY2-495440,0,0,spy2,0.20748641118081698
ISPY2-497010,1,1,spy2,0.5692482202553343
ISPY2-498024,0,2,spy2,0.6327819003612772
ISPY2-498985,0,3,spy2,0.5327439912059302
ISPY2-500826,0,4,spy2,0.19690404580842835
ISPY2-501303,1,4,spy2,0.7852970769321769
ISPY2-502486,0,0,spy2,0.5969430500524685
ISPY2-503034,0,3,spy2,0.7356914307360158
ISPY2-504838,0,1,spy2,0.5112212784842731
ISPY2-507198,0,2,spy2,0.6483917224572485
ISPY2-507249,0,2,spy2,0.6065703564690847
ISPY2-509012,1,0,spy2,0.5681889546705522
ISPY2-510543,0,1,spy2,0.26086729441782697
ISPY2-515141,1,3,spy2,0.669415102645405
ISPY2-515281,0,4,spy2,0.20992653803165895
ISPY2-515284,0,2,spy2,0.6561492843604387
ISPY2-515565,0,4,spy2,0.47580868684453165
ISPY2-517446,0,0,spy2,0.21274333900466158
ISPY2-517870,0,1,spy2,0.6521343918742107
ISPY2-520258,0,3,spy2,0.3302419727058824
ISPY2-520986,1,2,spy2,0.26563756911520403
ISPY2-521860,0,4,spy2,0.4963181401384452
ISPY2-527320,0,0,spy2,0.5052314353013185
ISPY2-527581,0,1,spy2,0.5683131292442757
ISPY2-528479,0,3,spy2,0.5321876216360748
ISPY2-528833,1,0,spy2,0.45135524438196595
ISPY2-531672,0,1,spy2,0.39836238046619815
ISPY2-532183,0,0,spy2,0.5184084474265908
ISPY2-535415,1,2,spy2,0.7879977493148909
ISPY2-535779,0,4,spy2,0.5591139056899362
ISPY2-536253,1,3,spy2,0.5470978164480327
ISPY2-539876,0,0,spy2,0.2564621722290341
ISPY2-539904,0,1,spy2,0.518844661856305
ISPY2-540539,1,3,spy2,0.6132764630125317
ISPY2-541165,0,2,spy2,0.6214972813431423
ISPY2-542392,0,4,spy2,0.5879923912546959
ISPY2-543795,0,0,spy2,0.27307472692785184
ISPY2-549172,0,2,spy2,0.6122186075048166
ISPY2-550157,1,1,spy2,0.5304618969808378
ISPY2-550421,0,3,spy2,0.49952455429557063
ISPY2-553012,0,4,spy2,0.35009699909451736
ISPY2-553141,1,1,spy2,0.2636626089548669
ISPY2-554577,0,0,spy2,0.23319344325345048
ISPY2-555214,1,4,spy2,0.8065986091889482
ISPY2-559021,1,2,spy2,0.1765560463316262
ISPY2-559263,0,3,spy2,0.4296683938728223
ISPY2-563856,1,0,spy2,0.617474244040709
ISPY2-566011,0,1,spy2,0.5022857289857208
ISPY2-567201,1,2,spy2,0.5984901548056463
ISPY2-567907,0,3,spy2,0.2706260913049705
ISPY2-568953,0,4,spy2,0.17690235351091904
ISPY2-570148,0,1,spy2,0.4853879762545728
ISPY2-570380,0,0,spy2,0.5892168245597477
ISPY2-570685,0,3,spy2,0.5022736562882585
ISPY2-571276,0,2,spy2,0.571053624545409
ISPY2-572016,1,4,spy2,0.6396837277973382
ISPY2-572235,0,0,spy2,0.4536218970824767
ISPY2-572444,0,1,spy2,0.2256465756210678
ISPY2-572731,1,3,spy2,0.34226150409568257
ISPY2-573586,0,2,spy2,0.3362271314642887
ISPY2-574091,1,4,spy2,0.6428008486071218
ISPY2-575457,1,4,spy2,0.7751394115892204
ISPY2-578975,1,0,spy2,0.6202420037973123
ISPY2-579881,0,1,spy2,0.2935754826730542
ISPY2-581648,0,2,spy2,0.6715406668293726
ISPY2-586091,1,3,spy2,0.374913454142291
ISPY2-586207,1,1,spy2,0.5840569573423394
ISPY2-589502,1,3,spy2,0.14749224618889184
ISPY2-590220,1,4,spy2,0.5852657133633262
ISPY2-590299,0,0,spy2,0.6223674014118367
ISPY2-591079,1,2,spy2,0.6881686754174766
ISPY2-591180,0,2,spy2,0.502172251159068
ISPY2-592535,0,1,spy2,0.3512705766555605
ISPY2-596458,1,2,spy2,0.4991178262770225
ISPY2-597253,0,3,spy2,0.2903022960707517
ISPY2-597873,0,0,spy2,0.5103115734139475
ISPY2-598798,0,4,spy2,0.29488831956686684
ISPY2-600536,0,0,spy2,0.5812296817141506
ISPY2-601489,0,1,spy2,0.6385931310053097
ISPY2-604199,0,2,spy2,0.21948470237516823
ISPY2-604326,0,3,spy2,0.4710618959990794
ISPY2-604380,1,4,spy2,0.5433016008471927
ISPY2-605713,0,0,spy2,0.2840945540594884
ISPY2-607047,1,1,spy2,0.25406508165011055
ISPY2-609642,1,3,spy2,0.8448547319909978
ISPY2-609897,0,2,spy2,0.33423314114741637
ISPY2-611662,0,4,spy2,0.7113667570195477
ISPY2-613188,0,0,spy2,0.5455073955138398
ISPY2-614434,1,4,spy2,0.5594782298153731
ISPY2-615873,1,1,spy2,0.612275327566935
ISPY2-618240,0,2,spy2,0.5203113424724032
ISPY2-621179,0,3,spy2,0.27120772637399493
ISPY2-622688,1,0,spy2,0.6502453546752477
ISPY2-623569,1,2,spy2,0.6551682199590694
ISPY2-624777,0,4,spy2,0.5833438924292985
ISPY2-625800,0,1,spy2,0.4068677415083146
ISPY2-625854,1,3,spy2,0.40181817244383483
ISPY2-627118,0,0,spy2,0.7411368392573698
ISPY2-628692,0,2,spy2,0.18781879894228778
ISPY2-629210,0,4,spy2,0.19790505211145973
ISPY2-630758,0,1,spy2,0.5277289363960045
ISPY2-631337,0,3,spy2,0.22148274286402647
ISPY2-632408,0,0,spy2,0.20920743114255164
ISPY2-636424,0,1,spy2,0.6499411320103728
ISPY2-637051,0,2,spy2,0.5618400472813855
ISPY2-637752,1,3,spy2,0.5881966424220819
ISPY2-639663,0,4,spy2,0.6595498672375713
ISPY2-640043,0,0,spy2,0.4617444350503058
ISPY2-640463,1,1,spy2,0.274924990990112
ISPY2-640927,0,2,spy2,0.4936684260624625
ISPY2-644609,1,3,spy2,0.6669374076948168
ISPY2-646233,0,4,spy2,0.3180731348714244
ISPY2-646600,0,1,spy2,0.25296552081293794
ISPY2-650589,0,2,spy2,0.5801228435043922
ISPY2-651401,0,3,spy2,0.6942998540755833
ISPY2-651541,1,4,spy2,0.5604115282928134
ISPY2-654956,0,0,spy2,0.7988512563171593
ISPY2-655703,0,1,spy2,0.31525532493108305
ISPY2-655795,1,0,spy2,0.26136167272870536
ISPY2-660915,0,4,spy2,0.21237750071920802
ISPY2-663197,0,2,spy2,0.6129592316475156
ISPY2-663467,0,3,spy2,0.18104257014366476
ISPY2-664658,1,0,spy2,0.3130687922590009
ISPY2-666147,0,1,spy2,0.3691020047282721
ISPY2-666715,0,2,spy2,0.41775663220885534
ISPY2-668752,0,3,spy2,0.598672395187549
ISPY2-672734,0,4,spy2,0.31734035636955293
ISPY2-674897,0,1,spy2,0.6582476320214595
ISPY2-676048,0,0,spy2,0.5596165617164534
ISPY2-676365,0,3,spy2,0.7218103968841769
ISPY2-676630,1,2,spy2,0.5862033482920253
ISPY2-677915,0,4,spy2,0.2513590799186896
ISPY2-679787,0,0,spy2,0.6877734560431468
ISPY2-683374,0,1,spy2,0.3742731360349703
ISPY2-683457,0,2,spy2,0.5286250386423985
ISPY2-685182,1,3,spy2,0.5900735461522573
ISPY2-685753,0,4,spy2,0.29548935352981137
ISPY2-687733,0,1,spy2,0.2535740382491545
ISPY2-689188,1,0,spy2,0.16154351617419757
ISPY2-690410,0,2,spy2,0.14454797343636888
ISPY2-692885,0,4,spy2,0.6927895804705418
ISPY2-697098,1,3,spy2,0.5361435646525332
ISPY2-697871,1,3,spy2,0.6245579680704203
ISPY2-701790,0,0,spy2,0.25940116136060454
ISPY2-703401,0,1,spy2,0.3737793054351605
ISPY2-703455,0,2,spy2,0.5202334291167683
ISPY2-705381,1,4,spy2,0.5101195333497923
ISPY2-706418,1,0,spy2,0.6992135649970678
ISPY2-706943,0,2,spy2,0.7100839477636024
ISPY2-708387,1,1,spy2,0.6506086633739427
ISPY2-709559,0,3,spy2,0.24404062629769027
ISPY2-712276,1,4,spy2,0.25169248276891104
ISPY2-712917,1,0,spy2,0.6682466719762741
ISPY2-714205,1,1,spy2,0.5220740900566815
ISPY2-719713,0,2,spy2,0.349273349880786
ISPY2-723918,1,3,spy2,0.6432969390127036
ISPY2-725455,0,4,spy2,0.7906469697379406
ISPY2-726091,1,0,spy2,0.6489605311717925
ISPY2-726381,0,1,spy2,0.4607357886846203
ISPY2-726940,0,2,spy2,0.5693312178278943
ISPY2-727255,0,3,spy2,0.6946175267837341
ISPY2-727804,1,4,spy2,0.5688410867911888
ISPY2-728287,1,0,spy2,0.46199027237518603
ISPY2-728714,0,1,spy2,0.2620586420111495
ISPY2-729270,1,4,spy2,0.8031640742914422
ISPY2-729732,0,2,spy2,0.41418003102597317
ISPY2-732137,0,3,spy2,0.4731910945085946
ISPY2-733276,0,0,spy2,0.5447980104407142
ISPY2-735673,0,1,spy2,0.1938622213790395
ISPY2-741535,0,3,spy2,0.25463153346858164
ISPY2-742477,0,2,spy2,0.5978123669031348
ISPY2-745633,0,4,spy2,0.2629874841835269
ISPY2-746265,0,0,spy2,0.30411158221128703
ISPY2-749097,0,1,spy2,0.22964455272169432
ISPY2-752469,0,2,spy2,0.5764930813430145
ISPY2-756412,0,3,spy2,0.2958908398311137
ISPY2-759015,0,4,spy2,0.400377561820312
ISPY2-759418,0,1,spy2,0.29838858208416474
ISPY2-765773,1,0,spy2,0.5974604392550457
ISPY2-766301,0,4,spy2,0.17990594656707692
ISPY2-766967,1,2,spy2,0.34178726504784396
ISPY2-768214,0,3,spy2,0.5687470278785689
ISPY2-769972,0,3,spy2,0.27526594169278584
ISPY2-771813,0,0,spy2,0.6100981284246032
ISPY2-778020,0,1,spy2,0.2541335309503952
ISPY2-778527,1,2,spy2,0.6989293916192031
ISPY2-780272,0,4,spy2,0.5331568742940342
ISPY2-781335,0,4,spy2,0.3508042262301801
ISPY2-782334,0,0,spy2,0.3610370029014654
ISPY2-783578,1,1,spy2,0.6681854529447848
ISPY2-783771,0,2,spy2,0.2849551346904399
ISPY2-786003,1,3,spy2,0.43925624950236636
ISPY2-789497,0,4,spy2,0.31719072855767144
ISPY2-790070,0,0,spy2,0.5038125724180521
ISPY2-790397,1,1,spy2,0.5879923229510999
ISPY2-790722,0,2,spy2,0.4754303509549545
ISPY2-791321,0,3,spy2,0.6562015569105969
ISPY2-791944,0,4,spy2,0.5270646123407365
ISPY2-792412,0,0,spy2,0.617839749752015
ISPY2-793684,0,1,spy2,0.5528296216247455
ISPY2-794428,0,2,spy2,0.5250628219397687
ISPY2-796558,0,3,spy2,0.6802164686923828
ISPY2-797427,0,4,spy2,0.6354969666477382
ISPY2-797499,1,0,spy2,0.8092132587053591
ISPY2-798604,1,3,spy2,0.6348652813490047
ISPY2-800710,0,1,spy2,0.6567559577093011
ISPY2-802105,0,4,spy2,0.2048699908922793
ISPY2-802778,0,2,spy2,0.22266017724221857
ISPY2-803514,0,0,spy2,0.2106643303448827
ISPY2-803677,0,1,spy2,0.5489267279094885
ISPY2-808714,0,4,spy2,0.55106487054322
ISPY2-809037,0,2,spy2,0.297274136959891
ISPY2-809649,1,3,spy2,0.840875745474408
ISPY2-810965,1,0,spy2,0.37399564645847266
ISPY2-814299,1,1,spy2,0.8494133605469313
ISPY2-815421,0,2,spy2,0.3521589497247599
ISPY2-815493,1,3,spy2,0.656436778278924
ISPY2-819622,0,4,spy2,0.28564858730713916
ISPY2-820348,0,2,spy2,0.39214615093091676
ISPY2-823618,0,0,spy2,0.36260669587653654
ISPY2-824234,1,1,spy2,0.48218206021809806
ISPY2-825363,1,3,spy2,0.8855893286624394
ISPY2-828199,0,4,spy2,0.27657148629554124
ISPY2-829491,0,0,spy2,0.41650413729977015
ISPY2-830486,0,1,spy2,0.642311605534627
ISPY2-830958,0,2,spy2,0.21732670230699538
ISPY2-832056,0,3,spy2,0.4915111083305456
ISPY2-833536,1,4,spy2,0.47156437406649837
ISPY2-834418,0,0,spy2,0.26079065059823436
ISPY2-835658,1,4,spy2,0.3190653992927303
ISPY2-836114,0,1,spy2,0.23996386736701342
ISPY2-836983,1,2,spy2,0.5101781014857477
ISPY2-841336,0,3,spy2,0.2236688870660119
ISPY2-845079,1,2,spy2,0.6426318156109689
ISPY2-845147,0,3,spy2,0.271582318126728
ISPY2-845663,0,0,spy2,0.44494748654091676
ISPY2-846156,0,1,spy2,0.5512802736672829
ISPY2-847272,0,4,spy2,0.38931538139528254
ISPY2-847753,1,1,spy2,0.314270479789122
ISPY2-849605,0,0,spy2,0.5888909589596352
ISPY2-851180,0,2,spy2,0.5287617657165133
ISPY2-851488,0,3,spy2,0.20607175350312038
ISPY2-857165,0,4,spy2,0.2042053767530911
ISPY2-859699,1,0,spy2,0.5164931986755925
ISPY2-862244,0,2,spy2,0.6818272266439691
ISPY2-865416,0,1,spy2,0.5452316657727229
ISPY2-873686,0,3,spy2,0.2513506813341212
ISPY2-877463,0,4,spy2,0.486675601283235
ISPY2-883696,0,0,spy2,0.4024746773792816
ISPY2-883886,0,2,spy2,0.5351569472015046
ISPY2-884266,0,4,spy2,0.19322858363395815
ISPY2-885590,0,1,spy2,0.3053178638374284
ISPY2-889049,0,3,spy2,0.8030217524832741
ISPY2-889225,0,3,spy2,0.35989210135260646
ISPY2-889721,1,4,spy2,0.7468337961335239
ISPY2-890414,1,0,spy2,0.6027685481688085
ISPY2-891645,0,1,spy2,0.8604089520950335
ISPY2-892390,1,2,spy2,0.4722018833276803
ISPY2-893874,1,0,spy2,0.6788521876785873
ISPY2-894128,1,2,spy2,0.5807013496352177
ISPY2-894491,0,1,spy2,0.2283463602183945
ISPY2-896621,0,3,spy2,0.3488709451405249
ISPY2-899381,1,4,spy2,0.3646154574164271
ISPY2-903880,0,0,spy2,0.49632308554463295
ISPY2-905264,0,1,spy2,0.7671840832336877
ISPY2-906795,0,2,spy2,0.7051190931179081
ISPY2-910188,0,3,spy2,0.21826995360350004
ISPY2-910706,1,4,spy2,0.5880860457470004
ISPY2-912836,0,4,spy2,0.6187098578656968
ISPY2-913225,1,0,spy2,0.5270715001299653
ISPY2-914968,0,1,spy2,0.585846759379363
ISPY2-916586,0,2,spy2,0.2970931652280829
ISPY2-916645,1,3,spy2,0.2693602201494242
ISPY2-917762,0,0,spy2,0.2911404590064664
ISPY2-920479,0,3,spy2,0.8186420676574938
ISPY2-923968,1,1,spy2,0.245944455407576
ISPY2-924812,0,2,spy2,0.5910010558625811
ISPY2-924868,1,4,spy2,0.5466600275146763
ISPY2-924895,0,2,spy2,0.2177037499051373
ISPY2-925691,0,0,spy2,0.7333360287424411
ISPY2-930172,0,3,spy2,0.4149949962346183
ISPY2-930853,1,1,spy2,0.3631050230881708
ISPY2-930903,0,4,spy2,0.3637671617613192
ISPY2-932200,0,0,spy2,0.3759854172995156
ISPY2-934459,0,1,spy2,0.4863327011325329
ISPY2-934906,0,3,spy2,0.587312002864618
ISPY2-935460,0,2,spy2,0.4684576234766905
ISPY2-940186,1,4,spy2,0.2828964984641701
ISPY2-941926,0,0,spy2,0.20757897669844746
ISPY2-943879,1,1,spy2,0.591541207502322
ISPY2-944419,0,2,spy2,0.39119838331140444
ISPY2-944536,1,3,spy2,0.8511114381277672
ISPY2-950131,1,4,spy2,0.35975465321314554
ISPY2-953262,0,0,spy2,0.37670013226401144
ISPY2-955953,1,1,spy2,0.8120066025538563
ISPY2-957408,0,2,spy2,0.43140781479352036
ISPY2-960490,1,3,spy2,0.6283819988135249
ISPY2-960963,0,4,spy2,0.47652315374686693
ISPY2-962472,0,0,spy2,0.3357779316731508
ISPY2-962664,1,1,spy2,0.6159680037031162
ISPY2-965265,0,2,spy2,0.507035493816069
ISPY2-966016,1,3,spy2,0.28707088320768703
ISPY2-972307,0,4,spy2,0.2640197988898537
ISPY2-974181,1,0,spy2,0.6640118970556949
ISPY2-981461,0,1,spy2,0.5826755488815385
ISPY2-982505,0,2,spy2,0.4891613244134113
ISPY2-983841,1,3,spy2,0.6101821275866863
ISPY2-986734,0,4,spy2,0.2696223564247852
ISPY2-987995,0,2,spy2,0.2943457813200602
ISPY2-988443,0,0,spy2,0.23259076324563566
ISPY2-990443,0,4,spy2,0.26211305499262627
ISPY2-994987,0,1,spy2,0.22379618244640953
ISPY2-999264,1,3,spy2,0.7962043114820812
ISPY2-999733,0,3,spy2,0.3340763872420007
