patient_id,label,fold,split,cohort,probability,n_slices
ACRIN-6698-103939,0,0,train,spy2,0.182087525,10
ACRIN-6698-104268,0,1,train,spy2,0.535889,10
ACRIN-6698-107700,0,2,train,spy2,0.311075255,10
ACRIN-6698-108969,1,3,train,spy2,0.48518261,10
ACRIN-6698-115987,0,4,train,spy2,0.493503675,10
ACRIN-6698-118307,0,2,train,spy2,0.510651485,10
ACRIN-6698-130580,1,0,train,spy2,0.240382855,10
ACRIN-6698-139973,0,1,train,spy2,0.3157079,10
ACRIN-6698-144302,0,3,train,spy2,0.43098314,10
ACRIN-6698-145777,0,4,train,spy2,0.272802195,10
ACRIN-6698-146987,0,0,train,spy2,0.174547155,10
ACRIN-6698-148357,0,1,train,spy2,0.18149501,10
ACRIN-6698-150547,0,2,train,spy2,0.15962326999999998,10
ACRIN-6698-152090,1,4,train,spy2,0.191311925,10
ACRIN-6698-169918,0,3,train,spy2,0.07720132,10
ACRIN-6698-172366,1,3,train,spy2,0.44948933,10
ACRIN-6698-179568,0,0,train,spy2,0.17495833,10
ACRIN-6698-188700,1,1,train,spy2,0.572998,10
ACRIN-6698-202535,0,2,train,spy2,0.33831678499999995,10
ACRIN-6698-209967,0,4,train,spy2,0.200929475,10
ACRIN-6698-213913,1,3,train,spy2,0.54596545,10
ACRIN-6698-218503,0,0,train,spy2,0.100515492,10
ACRIN-6698-219545,0,1,train,spy2,0.5213709,10
ACRIN-6698-220471,0,2,train,spy2,0.74592972,10
ACRIN-6698-220925,0,4,train,spy2,0.70510754,10
ACRIN-6698-222135,0,1,train,spy2,0.28027627,10
ACRIN-6698-227055,0,2,train,spy2,0.35455749999999997,10
ACRIN-6698-233191,0,0,train,spy2,0.346559375,10
ACRIN-6698-234723,0,3,train,spy2,0.39403835,10
ACRIN-6698-239910,0,4,train,spy2,0.42290415000000003,10
ACRIN-6698-240957,0,0,train,spy2,0.13746532,10
ACRIN-6698-241998,0,1,train,spy2,0.3130693,10
ACRIN-6698-253531,1,3,train,spy2,0.328334705,10
ACRIN-6698-255388,1,2,train,spy2,0.673892945,10
ACRIN-6698-263143,0,4,train,spy2,0.409234435,10
ACRIN-6698-264305,1,3,train,spy2,0.281204595,10
ACRIN-6698-266840,0,0,train,spy2,0.37780925,10
ACRIN-6698-275034,1,1,train,spy2,0.652596,10
ACRIN-6698-277888,1,2,train,spy2,0.232257025,10
ACRIN-6698-283070,0,4,train,spy2,0.094361306,10
ACRIN-6698-284443,0,3,train,spy2,0.352031945,10
ACRIN-6698-284593,0,0,train,spy2,0.387219635,10
ACRIN-6698-285339,1,1,train,spy2,0.7571995,10
ACRIN-6698-287961,1,2,train,spy2,0.49494937,10
ACRIN-6698-293142,0,4,train,spy2,0.14894561,10
ACRIN-6698-296123,1,1,train,spy2,0.6019823,10
ACRIN-6698-296841,1,3,train,spy2,0.40476838000000004,10
ACRIN-6698-298101,0,0,train,spy2,0.190333525,10
ACRIN-6698-299962,0,2,train,spy2,0.29382481,10
ACRIN-6698-301665,0,4,train,spy2,0.29873737499999997,10
ACRIN-6698-317402,0,3,train,spy2,0.25649166,10
ACRIN-6698-317641,1,0,train,spy2,0.594560825,10
ACRIN-6698-320538,0,1,train,spy2,0.5489975,10
ACRIN-6698-323721,0,2,train,spy2,0.18766094,10
ACRIN-6698-326433,1,4,train,spy2,0.594305415,10
ACRIN-6698-328160,0,1,train,spy2,0.34591258,10
ACRIN-6698-329076,0,0,train,spy2,0.16162743499999999,10
ACRIN-6698-335536,0,3,train,spy2,0.16157704,10
ACRIN-6698-342959,1,4,train,spy2,0.103946493,10
ACRIN-6698-343898,0,2,train,spy2,0.44627641500000004,10
ACRIN-6698-345907,0,0,train,spy2,0.308423515,10
ACRIN-6698-355942,0,2,train,spy2,0.14628698499999998,10
ACRIN-6698-356431,1,3,train,spy2,0.5860425,10
ACRIN-6698-361701,0,4,train,spy2,0.15280506700000002,10
ACRIN-6698-373346,0,1,train,spy2,0.2663149,10
ACRIN-6698-375954,0,4,train,spy2,0.24535479500000001,10
ACRIN-6698-384830,0,0,train,spy2,0.32899096,10
ACRIN-6698-396723,0,1,train,spy2,0.4241314,10
ACRIN-6698-397505,1,2,train,spy2,0.47977709,10
ACRIN-6698-399478,1,3,train,spy2,0.53306624,10
ACRIN-6698-401215,0,4,train,spy2,0.307351035,10
ACRIN-6698-407539,0,3,train,spy2,0.21829079499999998,10
ACRIN-6698-408692,1,0,train,spy2,0.605824975,10
ACRIN-6698-409288,0,1,train,spy2,0.52346,10
ACRIN-6698-417474,1,2,train,spy2,0.6307564,10
ACRIN-6698-421917,0,2,train,spy2,0.46863761,10
ACRIN-6698-422013,0,0,train,spy2,0.302287295,10
ACRIN-6698-429220,0,1,train,spy2,0.568261,10
ACRIN-6698-432114,1,4,train,spy2,0.39862790000000003,10
ACRIN-6698-435279,0,3,train,spy2,0.135630965,10
ACRIN-6698-460642,0,3,train,spy2,0.197900115,10
ACRIN-6698-462582,0,0,train,spy2,0.18805348500000002,10
ACRIN-6698-465008,0,1,train,spy2,0.31930837,10
ACRIN-6698-474874,1,2,train,spy2,0.6702273700000001,10
ACRIN-6698-490023,1,4,train,spy2,0.66246345,10
ACRIN-6698-490805,1,1,train,spy2,0.6221616,10
ACRIN-6698-506623,0,0,train,spy2,0.14312405,10
ACRIN-6698-511851,0,2,train,spy2,0.15255343999999998,10
ACRIN-6698-516763,1,3,train,spy2,0.5845828850000001,10
ACRIN-6698-516834,0,4,train,spy2,0.2745418,10
ACRIN-6698-520471,1,1,train,spy2,0.34874386,10
ACRIN-6698-522140,0,0,train,spy2,0.11451996249999999,10
ACRIN-6698-530095,0,2,train,spy2,0.18840362,10
ACRIN-6698-531988,1,3,train,spy2,0.382983865,10
ACRIN-6698-563681,0,4,train,spy2,0.08131103149999999,10
ACRIN-6698-571995,0,0,train,spy2,0.228805615,10
ACRIN-6698-573919,0,1,train,spy2,0.77291805,10
ACRIN-6698-580632,0,2,train,spy2,0.136488628,10
ACRIN-6698-584561,1,3,train,spy2,0.72443905,10
ACRIN-6698-587604,0,4,train,spy2,0.318564385,10
ACRIN-6698-587691,1,0,train,spy2,0.337489785,10
ACRIN-6698-591810,1,2,train,spy2,0.32888720000000005,10
ACRIN-6698-598835,0,1,train,spy2,0.7992912,10
ACRIN-6698-609151,1,4,train,spy2,0.830587655,10
ACRIN-6698-618717,0,3,train,spy2,0.560046315,10
ACRIN-6698-618860,0,3,train,spy2,0.18275110500000002,10
ACRIN-6698-628788,0,0,train,spy2,0.33573725,10
ACRIN-6698-629371,1,1,train,spy2,0.7687103,10
ACRIN-6698-629606,0,4,train,spy2,0.426234585,10
ACRIN-6698-631299,0,2,train,spy2,0.481392415,10
ACRIN-6698-635632,1,0,train,spy2,0.6896085000000001,10
ACRIN-6698-638126,0,1,train,spy2,0.18181501,10
ACRIN-6698-641246,1,2,train,spy2,0.34419899,10
ACRIN-6698-641697,0,4,train,spy2,0.267025075,10
ACRIN-6698-641977,0,3,train,spy2,0.14367724999999998,10
ACRIN-6698-649198,0,3,train,spy2,0.75375865,10
ACRIN-6698-652480,0,0,train,spy2,0.30058223500000003,10
ACRIN-6698-653927,1,1,train,spy2,0.6207724,10
ACRIN-6698-654021,0,2,train,spy2,0.389969455,10
ACRIN-6698-654064,0,4,train,spy2,0.144103707,10
ACRIN-6698-655128,0,3,train,spy2,0.18781930000000002,10
ACRIN-6698-661730,1,0,train,spy2,0.337764885,10
ACRIN-6698-663144,0,1,train,spy2,0.263944,10
ACRIN-6698-664111,1,2,train,spy2,0.57998147,10
ACRIN-6698-683896,0,4,train,spy2,0.15794529499999999,10
ACRIN-6698-685795,0,0,train,spy2,0.191696105,10
ACRIN-6698-688291,0,3,train,spy2,0.169839075,10
ACRIN-6698-688955,0,1,train,spy2,0.33866525,10
ACRIN-6698-689480,0,2,train,spy2,0.071567821,10
ACRIN-6698-690089,0,4,train,spy2,0.38847953,10
ACRIN-6698-691753,0,0,train,spy2,0.142466555,10
ACRIN-6698-698094,0,3,train,spy2,0.19048273500000001,10
ACRIN-6698-706639,0,4,train,spy2,0.42168308499999996,10
ACRIN-6698-721099,0,1,train,spy2,0.5790266,10
ACRIN-6698-724293,1,2,train,spy2,0.4479671,10
ACRIN-6698-724384,0,0,train,spy2,0.13684396,10
ACRIN-6698-738041,1,2,train,spy2,0.615038425,10
ACRIN-6698-748583,0,1,train,spy2,0.26490209,10
ACRIN-6698-748611,1,3,train,spy2,0.14726351999999998,10
ACRIN-6698-753109,1,4,train,spy2,0.434233335,10
ACRIN-6698-755914,1,4,train,spy2,0.637210735,10
ACRIN-6698-760011,1,0,train,spy2,0.40797116,10
ACRIN-6698-760901,1,1,train,spy2,0.62024814,10
ACRIN-6698-765671,1,2,train,spy2,0.33374549,10
ACRIN-6698-771151,1,3,train,spy2,0.42311249500000003,10
ACRIN-6698-771443,0,4,train,spy2,0.316468565,10
ACRIN-6698-774840,1,0,train,spy2,0.24623367000000002,10
ACRIN-6698-775346,0,1,train,spy2,0.29577982,10
ACRIN-6698-779739,1,2,train,spy2,0.585481375,10
ACRIN-6698-783764,0,3,train,spy2,0.230961615,10
ACRIN-6698-786753,0,4,train,spy2,0.22576023499999998,10
ACRIN-6698-792181,1,0,train,spy2,0.3909363,10
ACRIN-6698-793155,0,1,train,spy2,0.32865918,10
ACRIN-6698-794128,0,2,train,spy2,0.467330875,10
ACRIN-6698-799149,1,3,train,spy2,0.48650832,10
ACRIN-6698-801641,0,1,train,spy2,0.5584779,10
ACRIN-6698-802308,0,4,train,spy2,0.54042861,10
ACRIN-6698-804979,0,0,train,spy2,0.168263345,10
ACRIN-6698-805136,0,2,train,spy2,0.54427465,10
ACRIN-6698-820807,1,3,train,spy2,0.121025895,10
ACRIN-6698-831848,1,0,train,spy2,0.735716475,10
ACRIN-6698-839274,0,1,train,spy2,0.34869486,10
ACRIN-6698-845783,1,2,train,spy2,0.31768721,10
ACRIN-6698-856159,0,3,train,spy2,0.47902266,10
ACRIN-6698-860243,0,4,train,spy2,0.134752485,10
ACRIN-6698-861745,0,0,train,spy2,0.31287717,10
ACRIN-6698-863161,1,4,train,spy2,0.648572225,10
ACRIN-6698-866660,0,1,train,spy2,0.28269368,10
ACRIN-6698-870077,0,2,train,spy2,0.21772194,10
ACRIN-6698-875089,0,3,train,spy2,0.5164949,10
ACRIN-6698-879224,0,2,train,spy2,0.581982985,10
ACRIN-6698-882553,0,0,train,spy2,0.130284385,10
ACRIN-6698-884011,0,1,train,spy2,0.25263548,10
ACRIN-6698-894673,0,4,train,spy2,0.339698755,10
ACRIN-6698-896852,0,3,train,spy2,0.293934925,10
ACRIN-6698-899692,1,2,train,spy2,0.5115278999999999,10
ACRIN-6698-900959,0,3,train,spy2,0.41692074999999995,10
ACRIN-6698-901705,0,0,train,spy2,0.15869027749999998,10
ACRIN-6698-913527,0,1,train,spy2,0.6082802,10
ACRIN-6698-924071,0,4,train,spy2,0.088710094,10
ACRIN-6698-928170,0,0,train,spy2,0.0965722665,10
ACRIN-6698-928446,0,1,train,spy2,0.31564772,10
ACRIN-6698-928815,0,3,train,spy2,0.337299945,10
ACRIN-6698-929391,0,4,train,spy2,0.41637418000000004,10
ACRIN-6698-929980,1,2,train,spy2,0.827601195,10
ACRIN-6698-938719,0,2,train,spy2,0.07595363499999999,10
ACRIN-6698-942017,0,0,train,spy2,0.09616164499999999,10
ACRIN-6698-943633,0,1,train,spy2,0.6259183,10
ACRIN-6698-946927,1,3,train,spy2,0.6545658,10
ACRIN-6698-949444,0,4,train,spy2,0.44657076500000004,10
ACRIN-6698-960029,0,2,train,spy2,0.6930823500000001,10
ACRIN-6698-962153,0,3,train,spy2,0.3282057,10
ACRIN-6698-963303,0,0,train,spy2,0.24072693,10
ACRIN-6698-963604,0,1,train,spy2,0.24400148,10
ACRIN-6698-970839,0,4,train,spy2,0.18657371,10
ACRIN-6698-971492,0,2,train,spy2,0.13959939500000001,10
ACRIN-6698-982086,1,3,train,spy2,0.721894625,10
ACRIN-6698-987914,0,0,train,spy2,0.320100475,10
ACRIN-6698-991818,1,1,train,spy2,0.51701045,10
ACRIN-6698-992609,1,4,train,spy2,0.33725603,10
ACRIN-6698-995480,0,2,train,spy2,0.47801795999999996,10
Breast_MRI_005,1,3,train,duke,0.44583751,10
Breast_MRI_009,1,0,train,duke,0.35533452499999996,10
Breast_MRI_010,0,1,train,duke,0.5373851,10
Breast_MRI_012,0,4,train,duke,0.23454572499999998,10
Breast_MRI_019,0,1,train,duke,0.31988028,10
Breast_MRI_021,0,2,train,duke,0.168485575,10
Breast_MRI_022,0,0,train,duke,0.188763945,10
Breast_MRI_040,0,3,train,duke,0.0625818185,10
Breast_MRI_041,0,4,train,duke,0.16068438499999999,10
Breast_MRI_043,0,0,train,duke,0.32608125,10
Breast_MRI_044,1,4,train,duke,0.8555801000000001,10
Breast_MRI_046,0,1,train,duke,0.22048554,10
Breast_MRI_053,0,3,train,duke,0.15814497,10
Breast_MRI_056,0,2,train,duke,0.232682275,10
Breast_MRI_057,0,0,train,duke,0.107353105,10
Breast_MRI_061,1,2,train,duke,0.340090515,10
Breast_MRI_064,0,1,train,duke,0.6534946,10
Breast_MRI_069,0,3,train,duke,0.15392254,10
Breast_MRI_082,0,4,train,duke,0.14990954,10
Breast_MRI_086,0,0,train,duke,0.32848788500000003,10
Breast_MRI_090,0,4,train,duke,0.31567819,10
Breast_MRI_091,0,1,train,duke,0.20965172,10
Breast_MRI_097,0,2,train,duke,0.42010212,10
Breast_MRI_099,1,3,train,duke,0.197343465,10
Breast_MRI_101,0,0,train,duke,0.165359335,10
Breast_MRI_103,0,1,train,duke,0.59801525,10
Breast_MRI_104,0,2,train,duke,0.10818206999999999,10
Breast_MRI_107,0,3,train,duke,0.52412192,10
Breast_MRI_114,0,4,train,duke,0.171581995,10
Breast_MRI_115,1,1,train,duke,0.5954638,10
Breast_MRI_117,0,0,train,duke,0.580672565,10
Breast_MRI_119,0,2,train,duke,0.239084505,10
Breast_MRI_123,0,3,train,duke,0.14310127,10
Breast_MRI_129,0,4,train,duke,0.5263592450000001,10
Breast_MRI_134,1,1,train,duke,0.6858736,10
Breast_MRI_136,0,0,train,duke,0.12335953999999999,10
Breast_MRI_137,0,2,train,duke,0.136961995,10
Breast_MRI_141,0,3,train,duke,0.246694395,10
Breast_MRI_142,1,4,train,duke,0.23117855999999998,10
Breast_MRI_144,1,0,train,duke,0.59769943,10
Breast_MRI_148,0,1,train,duke,0.5155162,10
Breast_MRI_150,0,2,train,duke,0.0542131815,10
Breast_MRI_156,0,3,train,duke,0.37278113999999996,10
Breast_MRI_157,1,4,train,duke,0.113779193,10
Breast_MRI_160,0,3,train,duke,0.3664687,10
Breast_MRI_163,0,0,train,duke,0.17914518000000001,10
Breast_MRI_167,0,2,train,duke,0.19837647,10
Breast_MRI_168,0,1,train,duke,0.35829097,10
Breast_MRI_180,0,4,train,duke,0.074860958,10
Breast_MRI_189,0,1,train,duke,0.5309576,10
Breast_MRI_198,0,2,train,duke,0.12518938,10
Breast_MRI_205,0,0,train,duke,0.07328643800000001,10
Breast_MRI_217,1,4,train,duke,0.24157114,10
Breast_MRI_228,0,3,train,duke,0.11874044,10
Breast_MRI_233,0,0,train,duke,0.260808625,10
Breast_MRI_234,0,1,train,duke,0.5272354,10
Breast_MRI_237,0,2,train,duke,0.12285923,10
Breast_MRI_239,0,4,train,duke,0.0505677385,10
Breast_MRI_240,0,3,train,duke,0.24156140999999998,10
Breast_MRI_244,0,2,train,duke,0.41385991499999997,10
Breast_MRI_253,1,3,train,duke,0.46184094,10
Breast_MRI_255,1,0,train,duke,0.22439368999999998,10
Breast_MRI_260,0,1,train,duke,0.5643528,10
Breast_MRI_265,0,4,train,duke,0.1549143075,10
Breast_MRI_268,0,0,train,duke,0.13999293000000002,10
Breast_MRI_269,0,1,train,duke,0.21700427,10
Breast_MRI_283,0,3,train,duke,0.5472342800000001,10
Breast_MRI_287,0,2,train,duke,0.189537085,10
Breast_MRI_290,0,4,train,duke,0.29591326,10
Breast_MRI_293,0,0,train,duke,0.218867865,10
Breast_MRI_298,0,1,train,duke,0.30175483,10
Breast_MRI_301,1,3,train,duke,0.047188377000000004,10
Breast_MRI_303,0,2,train,duke,0.29273834,10
Breast_MRI_306,0,4,train,duke,0.271357725,10
Breast_MRI_307,0,2,train,duke,0.43624261,10
Breast_MRI_321,0,0,train,duke,0.5413066799999999,10
Breast_MRI_323,0,1,train,duke,0.36928022,10
Breast_MRI_328,1,4,train,duke,0.475100505,10
Breast_MRI_333,0,3,train,duke,0.23183958999999998,10
Breast_MRI_350,1,0,train,duke,0.1389322475,10
Breast_MRI_356,0,1,train,duke,0.29999477,10
Breast_MRI_368,0,2,train,duke,0.5300403,10
Breast_MRI_372,0,3,train,duke,0.21563619,5
Breast_MRI_377,1,4,train,duke,0.3886385,10
Breast_MRI_378,0,0,train,duke,0.09179232500000001,10
Breast_MRI_383,0,1,train,duke,0.5023287,10
Breast_MRI_385,0,2,train,duke,0.109504873,10
Breast_MRI_386,0,4,train,duke,0.527578805,10
Breast_MRI_387,0,3,train,duke,0.098988345,10
Breast_MRI_397,0,0,train,duke,0.37157655,10
Breast_MRI_398,1,1,train,duke,0.76428515,10
Breast_MRI_399,0,3,train,duke,0.16674405,10
Breast_MRI_408,1,2,train,duke,0.208772985,6
Breast_MRI_412,0,4,train,duke,0.0807317815,10
Breast_MRI_414,0,2,train,duke,0.35196554,10
Breast_MRI_420,1,0,train,duke,0.324717065,10
Breast_MRI_424,1,1,train,duke,0.6277716,10
Breast_MRI_431,0,3,train,duke,0.74548375,10
Breast_MRI_435,0,4,train,duke,0.35798743,10
Breast_MRI_438,1,0,train,duke,0.40541705,10
Breast_MRI_441,0,1,train,duke,0.27051866,10
Breast_MRI_444,1,2,train,duke,0.644824965,10
Breast_MRI_450,0,3,train,duke,0.134167438,7
Breast_MRI_454,0,4,train,duke,0.061092234999999995,10
Breast_MRI_464,0,3,train,duke,0.149463655,10
Breast_MRI_465,0,0,train,duke,0.21969363,10
Breast_MRI_468,0,1,train,duke,0.83512676,10
Breast_MRI_473,0,2,train,duke,0.49228113500000004,10
Breast_MRI_480,0,4,train,duke,0.100415237,10
Breast_MRI_482,1,3,train,duke,0.6516941700000001,10
Breast_MRI_486,0,4,train,duke,0.0357452682,10
Breast_MRI_489,1,0,train,duke,0.37749427999999996,10
Breast_MRI_491,0,1,train,duke,0.47693828,10
Breast_MRI_501,1,2,train,duke,0.24585653000000002,10
Breast_MRI_506,0,0,train,duke,0.20197483,10
Breast_MRI_508,0,1,train,duke,0.5332098,10
Breast_MRI_512,1,2,train,duke,0.14548864,10
Breast_MRI_517,0,3,train,duke,0.14674513,10
Breast_MRI_521,0,4,train,duke,0.0171965545,10
Breast_MRI_525,1,4,train,duke,0.633771895,10
Breast_MRI_527,0,0,train,duke,0.18337642999999998,10
Breast_MRI_530,0,1,train,duke,0.31449345,10
Breast_MRI_534,0,2,train,duke,0.21099678500000002,10
Breast_MRI_539,1,3,train,duke,0.20290584,10
Breast_MRI_541,0,0,train,duke,0.314745395,10
Breast_MRI_543,0,3,train,duke,0.34977138500000005,10
Breast_MRI_558,0,1,train,duke,0.81577504,10
Breast_MRI_559,1,4,train,duke,0.328391775,10
Breast_MRI_560,0,2,train,duke,0.08073011,10
Breast_MRI_562,1,0,train,duke,0.41213336,10
Breast_MRI_568,0,1,train,duke,0.6616661,10
Breast_MRI_573,0,2,train,duke,0.140470215,10
Breast_MRI_577,1,3,train,duke,0.5942064250000001,10
Breast_MRI_585,0,4,train,duke,0.0662223835,10
Breast_MRI_590,0,3,train,duke,0.10543073750000001,10
Breast_MRI_592,0,0,train,duke,0.058166866,10
Breast_MRI_595,0,1,train,duke,0.32082736,10
Breast_MRI_596,0,2,train,duke,0.11850502499999999,10
Breast_MRI_597,0,4,train,duke,0.0287841145,10
Breast_MRI_600,0,1,train,duke,0.2813011,10
Breast_MRI_605,0,0,train,duke,0.17188748,10
Breast_MRI_607,0,3,train,duke,0.461842225,10
Breast_MRI_609,0,4,train,duke,0.10021573,10
Breast_MRI_610,0,2,train,duke,0.45996186000000006,10
Breast_MRI_612,0,0,train,duke,0.42752371499999997,10
Breast_MRI_614,1,1,train,duke,0.68139887,10
Breast_MRI_615,1,2,train,duke,0.21651439,10
Breast_MRI_618,0,3,train,duke,0.0805941225,10
Breast_MRI_623,0,4,train,duke,0.228372775,10
Breast_MRI_626,0,0,train,duke,0.12406757000000002,10
Breast_MRI_633,1,1,train,duke,0.27930996,10
Breast_MRI_640,0,4,train,duke,0.061161020499999996,10
Breast_MRI_642,0,2,train,duke,0.25036844999999996,10
Breast_MRI_648,0,3,train,duke,0.062366053,10
Breast_MRI_650,0,2,train,duke,0.240150945,10
Breast_MRI_651,0,0,train,duke,0.14741801,6
Breast_MRI_652,1,1,train,duke,0.7904498,10
Breast_MRI_656,1,3,train,duke,0.454995975,10
Breast_MRI_660,0,4,train,duke,0.227512165,10
Breast_MRI_662,0,2,train,duke,0.28146372000000003,10
Breast_MRI_666,0,4,train,duke,0.24059426,10
Breast_MRI_670,0,0,train,duke,0.113844975,10
Breast_MRI_677,0,1,train,duke,0.3372816,10
Breast_MRI_679,0,3,train,duke,0.25173599,10
Breast_MRI_681,0,0,train,duke,0.18588878,10
Breast_MRI_684,0,2,train,duke,0.170561935,10
Breast_MRI_685,0,4,train,duke,0.01820811285,10
Breast_MRI_687,0,1,train,duke,0.8321349,10
Breast_MRI_693,0,3,train,duke,0.24407062000000002,10
Breast_MRI_694,0,1,train,duke,0.24656034,10
Breast_MRI_697,0,0,train,duke,0.207790755,10
Breast_MRI_705,0,2,train,duke,0.071424392,10
Breast_MRI_717,0,4,train,duke,0.123757795,10
Breast_MRI_723,0,3,train,duke,0.36306305,10
Breast_MRI_724,0,0,train,duke,0.078810304,10
Breast_MRI_735,1,1,train,duke,0.5475123,10
Breast_MRI_746,0,3,train,duke,0.17878929999999998,10
Breast_MRI_757,0,2,train,duke,0.6002949,10
Breast_MRI_758,0,4,train,duke,0.613969985,10
Breast_MRI_762,0,2,train,duke,0.23662918,10
Breast_MRI_774,1,0,train,duke,0.48441615000000005,10
Breast_MRI_776,0,1,train,duke,0.19513223,10
Breast_MRI_778,0,3,train,duke,0.35206353,10
Breast_MRI_789,0,4,train,duke,0.128190305,10
Breast_MRI_805,0,1,train,duke,0.33407503,10
Breast_MRI_809,0,0,train,duke,0.102417225,10
Breast_MRI_812,1,2,train,duke,0.414149025,10
Breast_MRI_816,0,4,train,duke,0.31223043,10
Breast_MRI_817,1,3,train,duke,0.46502758499999997,10
Breast_MRI_830,1,0,train,duke,0.455919355,10
Breast_MRI_831,0,1,train,duke,0.23886919,10
Breast_MRI_836,0,2,train,duke,0.254967585,6
Breast_MRI_847,0,3,train,duke,0.48316325000000004,10
Breast_MRI_851,0,4,train,duke,0.023875754,10
Breast_MRI_857,0,2,train,duke,0.096716672,10
Breast_MRI_860,0,0,train,duke,0.211369125,10
Breast_MRI_865,0,4,train,duke,0.19999032499999997,10
Breast_MRI_874,0,1,train,duke,0.26311058,10
Breast_MRI_877,0,3,train,duke,0.090420042,10
Breast_MRI_879,0,2,train,duke,0.29951273,10
Breast_MRI_882,1,0,train,duke,0.3896794,10
Breast_MRI_883,1,1,train,duke,0.5712161,10
Breast_MRI_884,0,3,train,duke,0.35951641999999995,10
Breast_MRI_891,0,4,train,duke,0.523660585,10
Breast_MRI_899,0,0,train,duke,0.21008595,10
Breast_MRI_900,0,2,train,duke,0.1059839525,10
Breast_MRI_901,0,4,train,duke,0.08717516,10
Breast_MRI_914,0,1,train,duke,0.56818503,10
Breast_MRI_916,0,3,train,duke,0.217669395,10
ISPY1_1001,0,0,train,spy1,0.123424518,10
ISPY1_1002,0,1,train,spy1,0.35274217,10
ISPY1_1003,0,2,train,spy1,0.21564423500000002,10
ISPY1_1005,0,3,train,spy1,0.13457144,10
ISPY1_1007,0,4,train,spy1,0.107533224,10
ISPY1_1008,0,1,train,spy1,0.29250908,10
ISPY1_1011,1,2,train,spy1,0.565562815,10
ISPY1_1012,0,0,train,spy1,0.09387058000000001,10
ISPY1_1025,0,3,train,spy1,0.157903628,10
ISPY1_1027,0,4,train,spy1,0.30452545,10
ISPY1_1029,0,1,train,spy1,0.48735762,10
ISPY1_1031,0,2,train,spy1,0.13237153000000002,10
ISPY1_1034,0,4,train,spy1,0.1982421,10
ISPY1_1035,0,0,train,spy1,0.26270278999999996,10
ISPY1_1036,0,3,train,spy1,0.6768955999999999,10
ISPY1_1037,0,1,train,spy1,0.48550293,10
ISPY1_1038,0,2,train,spy1,0.60488253,10
ISPY1_1040,0,0,train,spy1,0.21740563499999999,10
ISPY1_1053,0,3,train,spy1,0.16013053,10
ISPY1_1054,0,4,train,spy1,0.21393542000000002,10
ISPY1_1056,0,0,train,spy1,0.520793125,10
ISPY1_1060,0,1,train,spy1,0.15762451,10
ISPY1_1061,0,4,train,spy1,0.44506865,10
ISPY1_1062,0,2,train,spy1,0.127276008,10
ISPY1_1064,0,4,train,spy1,0.112526878,10
ISPY1_1066,0,3,train,spy1,0.45516683,10
ISPY1_1069,0,0,train,spy1,0.1048102975,10
ISPY1_1070,1,1,train,spy1,0.3337489,10
ISPY1_1072,0,3,train,spy1,0.35270705999999996,10
ISPY1_1074,0,2,train,spy1,0.20776112000000002,10
ISPY1_1075,1,0,train,spy1,0.293149595,10
ISPY1_1077,1,1,train,spy1,0.5728744,10
ISPY1_1078,1,3,train,spy1,0.21866025,10
ISPY1_1084,0,4,train,spy1,0.30517016,10
ISPY1_1087,1,2,train,spy1,0.80945923,10
ISPY1_1089,0,0,train,spy1,0.07067476,10
ISPY1_1097,0,1,train,spy1,0.57405466,10
ISPY1_1099,1,2,train,spy1,0.425339075,10
ISPY1_1100,0,3,train,spy1,0.119124225,10
ISPY1_1101,0,4,train,spy1,0.53360294,10
ISPY1_1103,1,3,train,spy1,0.5553153749999999,10
ISPY1_1104,1,0,train,spy1,0.578154135,10
ISPY1_1107,0,4,train,spy1,0.0897428235,10
ISPY1_1112,1,1,train,spy1,0.8312835,10
ISPY1_1114,0,2,train,spy1,0.170346385,10
ISPY1_1120,0,0,train,spy1,0.15086339499999998,10
ISPY1_1122,0,1,train,spy1,0.7672931,10
ISPY1_1124,0,2,train,spy1,0.6475525,10
ISPY1_1128,0,3,train,spy1,0.6304323350000001,10
ISPY1_1130,1,4,train,spy1,0.27499202,10
ISPY1_1134,0,0,train,spy1,0.12650431,10
ISPY1_1135,0,1,train,spy1,0.603958,10
ISPY1_1139,1,2,train,spy1,0.434822485,10
ISPY1_1140,0,3,train,spy1,0.17506477999999998,10
ISPY1_1141,0,4,train,spy1,0.711618265,10
ISPY1_1144,1,4,train,spy1,0.141823075,10
ISPY1_1147,0,0,train,spy1,0.20560203,10
ISPY1_1148,1,1,train,spy1,0.82733977,10
ISPY1_1152,0,2,train,spy1,0.30866845,10
ISPY1_1155,1,3,train,spy1,0.45911476,10
ISPY1_1156,1,4,train,spy1,0.09862639050000001,10
ISPY1_1159,0,0,train,spy1,0.215703795,10
ISPY1_1161,0,1,train,spy1,0.73664916,10
ISPY1_1164,0,2,train,spy1,0.16471312,10
ISPY1_1167,0,3,train,spy1,0.19108183,10
ISPY1_1169,0,3,train,spy1,0.368179545,10
ISPY1_1173,0,0,train,spy1,0.19375538,10
ISPY1_1176,1,1,train,spy1,0.8142665,10
ISPY1_1177,1,2,train,spy1,0.8786084,10
ISPY1_1179,0,4,train,spy1,0.35026181500000003,10
ISPY1_1181,0,2,train,spy1,0.162808695,10
ISPY1_1183,0,0,train,spy1,0.131849685,10
ISPY1_1184,1,1,train,spy1,0.5541549,10
ISPY1_1187,0,3,train,spy1,0.22552988499999999,10
ISPY1_1188,0,4,train,spy1,0.465887425,10
ISPY1_1189,1,0,train,spy1,0.436227835,10
ISPY1_1191,0,3,train,spy1,0.189185025,10
ISPY1_1193,0,1,train,spy1,0.26581234,10
ISPY1_1194,0,2,train,spy1,0.099715527,10
ISPY1_1196,0,4,train,spy1,0.460296185,10
ISPY1_1197,0,2,train,spy1,0.22821164500000002,10
ISPY1_1198,0,0,train,spy1,0.136737285,10
ISPY1_1199,0,1,train,spy1,0.6412485,10
ISPY1_1204,0,3,train,spy1,0.5458065649999999,10
ISPY1_1205,0,4,train,spy1,0.080539869,10
ISPY1_1208,1,0,train,spy1,0.3414208,10
ISPY1_1212,1,2,train,spy1,0.70922077,10
ISPY1_1215,1,1,train,spy1,0.44328415,10
ISPY1_1217,0,4,train,spy1,0.0672225395,10
ISPY1_1218,0,3,train,spy1,0.463411185,10
ISPY1_1219,0,3,train,spy1,0.17731344,10
ISPY1_1222,0,0,train,spy1,0.553980075,10
ISPY1_1223,0,1,train,spy1,0.27946222,10
ISPY1_1225,0,2,train,spy1,0.300860805,10
ISPY1_1227,1,4,train,spy1,0.64626974,10
ISPY1_1228,1,2,train,spy1,0.490337415,10
ISPY1_1230,0,0,train,spy1,0.065877825,10
ISPY1_1231,0,1,train,spy1,0.23946548,10
ISPY1_1233,0,3,train,spy1,0.27405258499999996,10
ISPY1_1235,1,4,train,spy1,0.30949945,10
ISPY1_1236,0,2,train,spy1,0.38639818000000004,10
ISPY1_1237,0,0,train,spy1,0.29102127,10
ISPY1_1238,0,1,train,spy1,0.4515523,10
ISPY1_1239,0,3,train,spy1,0.244958575,10
ISPY2-100899,0,4,train,spy2,0.43177429999999994,10
ISPY2-102011,1,3,train,spy2,0.3168645,10
ISPY2-103693,0,0,train,spy2,0.16414931,10
ISPY2-104384,0,2,train,spy2,0.164543985,10
ISPY2-105286,0,1,train,spy2,0.27221042,10
ISPY2-105513,1,4,train,spy2,0.09913407999999999,10
ISPY2-108939,1,0,train,spy2,0.48256682500000003,10
ISPY2-109623,0,1,train,spy2,0.34774253,10
ISPY2-109980,1,2,train,spy2,0.31979853,10
ISPY2-111004,0,3,train,spy2,0.13411916499999998,10
ISPY2-111646,0,2,train,spy2,0.19160554000000002,10
ISPY2-111881,1,4,train,spy2,0.38877273,10
ISPY2-114087,0,4,train,spy2,0.25604306,10
ISPY2-115638,0,0,train,spy2,0.362225575,10
ISPY2-117424,1,3,train,spy2,0.52490185,10
ISPY2-117707,1,1,train,spy2,0.5213877,10
ISPY2-120001,0,2,train,spy2,0.444315865,10
ISPY2-120422,1,0,train,spy2,0.11259307,10
ISPY2-122287,1,1,train,spy2,0.3768432,10
ISPY2-122579,0,2,train,spy2,0.212670985,10
ISPY2-122795,0,3,train,spy2,0.529522335,10
ISPY2-125130,1,4,train,spy2,0.73533079,10
ISPY2-125418,0,2,train,spy2,0.25336532,10
ISPY2-127675,0,0,train,spy2,0.177509745,10
ISPY2-127791,0,1,train,spy2,0.5484047,10
ISPY2-128051,0,3,train,spy2,0.149118425,10
ISPY2-128675,1,4,train,spy2,0.12451986000000001,10
ISPY2-129837,0,0,train,spy2,0.214315025,10
ISPY2-129973,1,2,train,spy2,0.46281526500000003,10
ISPY2-130892,1,4,train,spy2,0.075966567,10
ISPY2-131595,0,1,train,spy2,0.31511468,10
ISPY2-132463,1,3,train,spy2,0.144855565,10
ISPY2-133650,0,0,train,spy2,0.112104815,10
ISPY2-134526,1,1,train,spy2,0.7439924,10
ISPY2-136536,1,3,train,spy2,0.48600221499999996,10
ISPY2-138425,1,2,train,spy2,0.6161881849999999,10
ISPY2-139771,1,4,train,spy2,0.33517653000000003,10
ISPY2-141782,0,0,train,spy2,0.2337285,10
ISPY2-142688,0,1,train,spy2,0.62214017,10
ISPY2-145513,0,2,train,spy2,0.402716965,10
ISPY2-146033,1,3,train,spy2,0.49667839999999996,10
ISPY2-147139,1,4,train,spy2,0.29981328500000004,10
ISPY2-149654,0,2,train,spy2,0.254544845,10
ISPY2-151230,0,0,train,spy2,0.25041066,10
ISPY2-151980,1,4,train,spy2,0.08574938500000001,10
ISPY2-153327,1,1,train,spy2,0.6011704,10
ISPY2-154293,0,3,train,spy2,0.26973236,10
ISPY2-155171,0,0,train,spy2,0.093845296,10
ISPY2-157270,0,1,train,spy2,0.5018454,10
ISPY2-157463,0,3,train,spy2,0.18258816,10
ISPY2-159284,0,2,train,spy2,0.4025201,10
ISPY2-159352,0,4,train,spy2,0.21414154999999999,10
ISPY2-160120,0,0,train,spy2,0.139429405,10
ISPY2-164468,0,1,train,spy2,0.47397238,10
ISPY2-166412,0,2,train,spy2,0.45815487499999996,10
ISPY2-166782,0,3,train,spy2,0.29546313999999996,10
ISPY2-167271,0,4,train,spy2,0.32770805999999997,10
ISPY2-172168,0,2,train,spy2,0.61637165,10
ISPY2-172283,0,0,train,spy2,0.37991621,10
ISPY2-174903,0,1,train,spy2,0.28417286,10
ISPY2-174904,0,3,train,spy2,0.22368157500000002,10
ISPY2-177795,1,4,train,spy2,0.49695258,10
ISPY2-178649,1,0,train,spy2,0.374595595,10
ISPY2-178815,0,1,train,spy2,0.27807423,10
ISPY2-180027,1,2,train,spy2,0.5703121,10
ISPY2-181442,0,3,train,spy2,0.26734573500000003,10
ISPY2-182346,0,4,train,spy2,0.043310704,10
ISPY2-183831,1,0,train,spy2,0.1152732725,10
ISPY2-188091,1,4,train,spy2,0.8174493899999999,10
ISPY2-188511,0,1,train,spy2,0.2511071,10
ISPY2-190224,0,2,train,spy2,0.175263665,10
ISPY2-192548,0,3,train,spy2,0.11293846999999999,10
ISPY2-194024,1,0,train,spy2,0.17851242,10
ISPY2-196024,0,1,train,spy2,0.38556564,10
ISPY2-199115,0,2,train,spy2,0.25638185,10
ISPY2-199960,0,3,train,spy2,0.36831783500000004,10
ISPY2-200222,0,4,train,spy2,0.11286444500000001,10
ISPY2-201831,1,1,train,spy2,0.71212256,10
ISPY2-201873,1,3,train,spy2,0.2265974,10
ISPY2-202539,1,4,train,spy2,0.0562399015,10
ISPY2-202956,1,0,train,spy2,0.43556337,10
ISPY2-203254,0,2,train,spy2,0.600714915,10
ISPY2-204939,1,1,train,spy2,0.47162113,10
ISPY2-208265,1,3,train,spy2,0.40899406,10
ISPY2-209397,0,4,train,spy2,0.18718681,10
ISPY2-211408,1,0,train,spy2,0.50747342,10
ISPY2-212307,0,2,train,spy2,0.25553702,10
ISPY2-213328,1,1,train,spy2,0.68711525,10
ISPY2-213672,0,0,train,spy2,0.13826219750000002,10
ISPY2-218249,0,2,train,spy2,0.1406412,10
ISPY2-220664,1,3,train,spy2,0.35959035,10
ISPY2-221375,0,4,train,spy2,0.138356125,10
ISPY2-225836,0,0,train,spy2,0.21488391,10
ISPY2-227832,0,1,train,spy2,0.43040344,10
ISPY2-228192,0,2,train,spy2,0.440650675,10
ISPY2-228340,0,1,train,spy2,0.6806439,10
ISPY2-229328,0,3,train,spy2,0.174839645,10
ISPY2-229824,0,4,train,spy2,0.09536829299999999,10
ISPY2-231633,1,0,train,spy2,0.38614085,10
ISPY2-233832,0,1,train,spy2,0.59656,10
ISPY2-233962,1,2,train,spy2,0.628437585,10
ISPY2-234272,0,3,train,spy2,0.37720617,10
ISPY2-235995,1,4,train,spy2,0.246764075,10
ISPY2-238790,0,1,train,spy2,0.5372451,10
ISPY2-239061,0,0,train,spy2,0.20557709000000002,10
ISPY2-241705,0,2,train,spy2,0.33104515,10
ISPY2-242370,1,3,train,spy2,0.23950371999999998,10
ISPY2-243836,1,4,train,spy2,0.334196115,10
ISPY2-245655,0,0,train,spy2,0.25969067,10
ISPY2-247641,0,1,train,spy2,0.56024975,10
ISPY2-248255,0,4,train,spy2,0.21163767500000003,10
ISPY2-250274,0,2,train,spy2,0.551844895,10
ISPY2-252748,1,3,train,spy2,0.366089685,10
ISPY2-254060,1,0,train,spy2,0.51327521,10
ISPY2-254273,0,1,train,spy2,0.6054406,10
ISPY2-255078,0,2,train,spy2,0.14992820499999998,10
ISPY2-255535,0,3,train,spy2,0.257294655,10
ISPY2-257735,0,4,train,spy2,0.385807035,10
ISPY2-259206,0,0,train,spy2,0.192586095,10
ISPY2-259899,0,1,train,spy2,0.57099766,10
ISPY2-261304,0,2,train,spy2,0.19746425,10
ISPY2-262131,0,3,train,spy2,0.22482934499999999,10
ISPY2-264678,0,4,train,spy2,0.1585663,10
ISPY2-266509,1,1,train,spy2,0.6016954,10
ISPY2-267306,1,2,train,spy2,0.385127245,10
ISPY2-268937,1,0,train,spy2,0.18401783500000002,10
ISPY2-273691,1,3,train,spy2,0.52080048,10
ISPY2-273745,0,4,train,spy2,0.220428985,10
ISPY2-277848,0,0,train,spy2,0.26368400999999997,10
ISPY2-279902,1,1,train,spy2,0.35543215,10
ISPY2-282082,1,3,train,spy2,0.326104225,10
ISPY2-282644,0,2,train,spy2,0.33923282,10
ISPY2-282777,0,4,train,spy2,0.19297773000000001,10
ISPY2-286984,0,0,train,spy2,0.175653585,10
ISPY2-287300,1,1,train,spy2,0.4725526,10
ISPY2-289107,1,2,train,spy2,0.317785105,10
ISPY2-290413,0,3,train,spy2,0.26653222499999996,10
ISPY2-291515,0,4,train,spy2,0.34385474,10
ISPY2-294176,1,4,train,spy2,0.153081905,10
ISPY2-294265,1,0,train,spy2,0.34874295,10
ISPY2-299364,0,3,train,spy2,0.47939716499999996,10
ISPY2-299840,0,1,train,spy2,0.63729817,10
ISPY2-300724,0,2,train,spy2,0.18097258,10
ISPY2-301289,0,0,train,spy2,0.19664395499999998,10
ISPY2-301968,0,1,train,spy2,0.27623188,10
ISPY2-303685,1,2,train,spy2,0.21695050999999999,10
ISPY2-306127,0,3,train,spy2,0.128812885,10
ISPY2-307659,0,4,train,spy2,0.26745602,10
ISPY2-309830,0,0,train,spy2,0.399503335,10
ISPY2-311316,0,2,train,spy2,0.19126151,10
ISPY2-311455,0,1,train,spy2,0.27288744,10
ISPY2-313243,1,3,train,spy2,0.18233333000000002,10
ISPY2-313672,0,4,train,spy2,0.105154177,10
ISPY2-316996,0,0,train,spy2,0.44945916499999994,10
ISPY2-318293,0,1,train,spy2,0.32897806,10
ISPY2-318407,0,4,train,spy2,0.240702005,10
ISPY2-318438,0,2,train,spy2,0.321693735,10
ISPY2-318569,0,3,train,spy2,0.36679861999999996,10
ISPY2-319324,0,0,train,spy2,0.37644724500000004,10
ISPY2-324021,0,1,train,spy2,0.5001509,10
ISPY2-326202,0,2,train,spy2,0.21861868499999998,10
ISPY2-327133,0,3,train,spy2,0.22713748500000003,10
ISPY2-327142,0,4,train,spy2,0.085654007,10
ISPY2-329941,1,0,train,spy2,0.418795425,10
ISPY2-330134,0,1,train,spy2,0.2872208,10
ISPY2-331192,1,2,train,spy2,0.132841025,10
ISPY2-332655,1,3,train,spy2,0.27384837,10
ISPY2-333145,1,4,train,spy2,0.112555552,10
ISPY2-335091,1,0,train,spy2,0.30204132,10
ISPY2-340186,0,1,train,spy2,0.6282168,10
ISPY2-342996,0,4,train,spy2,0.26677536999999996,10
ISPY2-345460,0,2,train,spy2,0.137058483,10
ISPY2-345483,0,3,train,spy2,0.40045074999999997,10
ISPY2-345574,1,2,train,spy2,0.66752132,10
ISPY2-347516,0,0,train,spy2,0.5491223700000001,10
ISPY2-349330,1,1,train,spy2,0.61380756,10
ISPY2-349639,1,3,train,spy2,0.35088277,10
ISPY2-350331,0,4,train,spy2,0.35370809999999997,10
ISPY2-353318,0,0,train,spy2,0.37482579000000005,10
ISPY2-355292,0,1,train,spy2,0.29577667,10
ISPY2-356399,0,4,train,spy2,0.14797637,10
ISPY2-357017,0,2,train,spy2,0.047681156,10
ISPY2-357034,0,3,train,spy2,0.133291005,10
ISPY2-360937,0,0,train,spy2,0.14936504,10
ISPY2-363669,0,1,train,spy2,0.25602004,10
ISPY2-367682,0,2,train,spy2,0.20786375,10
ISPY2-371528,0,3,train,spy2,0.079522225,10
ISPY2-373672,0,4,train,spy2,0.105874605,10
ISPY2-374106,0,0,train,spy2,0.495677335,10
ISPY2-374121,0,1,train,spy2,0.5399042,10
ISPY2-375342,0,3,train,spy2,0.31448061000000005,10
ISPY2-375455,0,2,train,spy2,0.52900503,10
ISPY2-377460,1,4,train,spy2,0.7601249999999999,10
ISPY2-378401,1,2,train,spy2,0.42769336,10
ISPY2-380239,0,0,train,spy2,0.48555236999999996,10
ISPY2-380972,0,1,train,spy2,0.36958706,10
ISPY2-382853,1,3,train,spy2,0.6811607,10
ISPY2-386664,0,4,train,spy2,0.054771154,10
ISPY2-388581,1,0,train,spy2,0.386193275,10
ISPY2-395076,1,1,train,spy2,0.61055225,10
ISPY2-395249,0,2,train,spy2,0.4108728,10
ISPY2-395379,0,3,train,spy2,0.190748085,10
ISPY2-402384,0,4,train,spy2,0.175428518,10
ISPY2-405717,0,0,train,spy2,0.336824315,10
ISPY2-406190,0,3,train,spy2,0.22380855,10
ISPY2-410083,1,1,train,spy2,0.8164232,10
ISPY2-411008,0,2,train,spy2,0.49222615,10
ISPY2-411684,0,4,train,spy2,0.37648025500000004,10
ISPY2-411806,0,0,train,spy2,0.156859445,10
ISPY2-411950,0,1,train,spy2,0.23497401,10
ISPY2-413961,0,2,train,spy2,0.238356905,10
ISPY2-414256,0,3,train,spy2,0.23002389499999998,10
ISPY2-414286,0,4,train,spy2,0.0390985065,10
ISPY2-415039,0,1,train,spy2,0.4416922,10
ISPY2-416434,1,0,train,spy2,0.387497835,10
ISPY2-420523,0,2,train,spy2,0.35120374,10
ISPY2-423619,1,3,train,spy2,0.38192472,10
ISPY2-423979,0,4,train,spy2,0.179713225,10
ISPY2-424541,0,3,train,spy2,0.15038974500000002,10
ISPY2-425173,1,2,train,spy2,0.20808000999999998,10
ISPY2-426106,0,0,train,spy2,0.061672870000000005,10
ISPY2-427321,1,1,train,spy2,0.16095948,10
ISPY2-431061,0,4,train,spy2,0.163946915,10
ISPY2-433144,1,0,train,spy2,0.295802115,10
ISPY2-437162,0,1,train,spy2,0.54759175,10
ISPY2-437968,0,3,train,spy2,0.386962445,10
ISPY2-439489,0,2,train,spy2,0.17953597,10
ISPY2-442669,0,4,train,spy2,0.469084285,10
ISPY2-442981,1,0,train,spy2,0.200533545,10
ISPY2-443444,0,1,train,spy2,0.75006145,10
ISPY2-443708,0,2,train,spy2,0.29616196,10
ISPY2-446263,1,3,train,spy2,0.1231223775,10
ISPY2-451482,0,4,train,spy2,0.073438697,10
ISPY2-451816,0,3,train,spy2,0.227121085,10
ISPY2-452703,0,0,train,spy2,0.102481195,10
ISPY2-454808,0,1,train,spy2,0.64395165,10
ISPY2-455828,1,2,train,spy2,0.20946402,10
ISPY2-456432,0,4,train,spy2,0.44632894,10
ISPY2-458196,0,3,train,spy2,0.159255855,10
ISPY2-460776,1,2,train,spy2,0.2732802,10
ISPY2-460812,0,0,train,spy2,0.11888933000000002,10
ISPY2-461824,0,1,train,spy2,0.6628925,10
ISPY2-462581,0,3,train,spy2,0.32532492,10
ISPY2-462605,1,4,train,spy2,0.68042903,10
ISPY2-464547,1,0,train,spy2,0.37522508,10
ISPY2-466267,1,1,train,spy2,0.64769155,10
ISPY2-467622,0,2,train,spy2,0.22780962999999999,10
ISPY2-472799,1,3,train,spy2,0.681680115,10
ISPY2-473365,0,4,train,spy2,0.065119947,10
ISPY2-473468,0,4,train,spy2,0.49983491999999996,10
ISPY2-473505,0,0,train,spy2,0.08801708999999999,10
ISPY2-477994,1,1,train,spy2,0.56732297,10
ISPY2-478055,0,2,train,spy2,0.21000832,10
ISPY2-478655,1,3,train,spy2,0.323366565,10
ISPY2-479417,1,0,train,spy2,0.34449286,10
ISPY2-483667,0,1,train,spy2,0.58436567,10
ISPY2-483910,0,2,train,spy2,0.47533564,10
ISPY2-484867,0,4,train,spy2,0.24566184,10
ISPY2-484894,0,3,train,spy2,0.28108396,10
ISPY2-485637,0,0,train,spy2,0.38319702,10
ISPY2-489194,1,1,train,spy2,0.36567855,10
ISPY2-489504,1,2,train,spy2,0.5101822,10
ISPY2-489973,0,3,train,spy2,0.512617375,10
ISPY2-491526,0,4,train,spy2,0.165309255,10
ISPY2-493472,0,0,train,spy2,0.08422727199999999,10
ISPY2-493519,0,2,train,spy2,0.26185611000000003,10
ISPY2-493775,1,3,train,spy2,0.38913833,10
ISPY2-494296,0,1,train,spy2,0.23808227,10
ISPY2-494946,1,4,train,spy2,0.48887181,10
ISPY2-495440,0,0,train,spy2,0.0822150015,10
ISPY2-497010,1,1,train,spy2,0.5692482,10
ISPY2-498024,0,2,train,spy2,0.63652989,10
ISPY2-498985,0,3,train,spy2,0.233012,10
ISPY2-500826,0,4,train,spy2,0.17083778,10
ISPY2-501303,1,4,train,spy2,0.683981665,10
ISPY2-502486,0,0,train,spy2,0.40258478,10
ISPY2-503034,0,3,train,spy2,0.5973935800000001,10
ISPY2-504838,0,1,train,spy2,0.51122123,10
ISPY2-507198,0,2,train,spy2,0.63282511,10
ISPY2-507249,0,2,train,spy2,0.5451963,10
ISPY2-509012,1,0,train,spy2,0.36731285999999996,10
ISPY2-510543,0,1,train,spy2,0.2608673,10
ISPY2-515141,1,3,train,spy2,0.46056036499999997,10
ISPY2-515281,0,4,train,spy2,0.183132465,10
ISPY2-515284,0,2,train,spy2,0.6512674300000001,10
ISPY2-515565,0,4,train,spy2,0.05828191,10
ISPY2-517446,0,0,train,spy2,0.076288892,10
ISPY2-517870,0,1,train,spy2,0.65213436,10
ISPY2-520258,0,3,train,spy2,0.162776685,10
ISPY2-520986,1,2,train,spy2,0.11713716499999999,10
ISPY2-521860,0,4,train,spy2,0.185169825,10
ISPY2-527320,0,0,train,spy2,0.24434014,10
ISPY2-527581,0,1,train,spy2,0.5683131,10
ISPY2-528479,0,3,train,spy2,0.42718448,10
ISPY2-528833,1,0,train,spy2,0.258018875,10
ISPY2-531672,0,1,train,spy2,0.39836237,10
ISPY2-532183,0,0,train,spy2,0.276879245,10
ISPY2-535415,1,2,train,spy2,0.6731781,10
ISPY2-535779,0,4,train,spy2,0.43301333,10
ISPY2-536253,1,3,train,spy2,0.3253697,10
ISPY2-539876,0,0,train,spy2,0.11624884999999999,10
ISPY2-539904,0,1,train,spy2,0.51884466,10
ISPY2-540539,1,3,train,spy2,0.3733845,10
ISPY2-541165,0,2,train,spy2,0.577438925,10
ISPY2-542392,0,4,train,spy2,0.411560485,10
ISPY2-543795,0,0,train,spy2,0.142193775,10
ISPY2-549172,0,2,train,spy2,0.5519231250000001,10
ISPY2-550157,1,1,train,spy2,0.5304619,10
ISPY2-550421,0,3,train,spy2,0.215384075,10
ISPY2-553012,0,4,train,spy2,0.13872173000000002,5
ISPY2-553141,1,1,train,spy2,0.2636626,10
ISPY2-554577,0,0,train,spy2,0.10988519499999999,10
ISPY2-555214,1,4,train,spy2,0.695807335,10
ISPY2-559021,1,2,train,spy2,0.102885313,10
ISPY2-559263,0,3,train,spy2,0.257506285,10
ISPY2-563856,1,0,train,spy2,0.39975132,10
ISPY2-566011,0,1,train,spy2,0.5022858,10
ISPY2-567201,1,2,train,spy2,0.323220475,10
ISPY2-567907,0,3,train,spy2,0.09999323000000002,10
ISPY2-568953,0,4,train,spy2,0.095518642,10
ISPY2-570148,0,1,train,spy2,0.48538798,10
ISPY2-570380,0,0,train,spy2,0.35128994,10
ISPY2-570685,0,3,train,spy2,0.30191952499999997,10
ISPY2-571276,0,2,train,spy2,0.5531802,10
ISPY2-572016,1,4,train,spy2,0.30946461000000003,10
ISPY2-572235,0,0,train,spy2,0.24636634000000002,10
ISPY2-572444,0,1,train,spy2,0.22564657,10
ISPY2-572731,1,3,train,spy2,0.2443284,10
ISPY2-573586,0,2,train,spy2,0.11694254200000001,10
ISPY2-574091,1,4,train,spy2,0.60177785,10
ISPY2-575457,1,4,train,spy2,0.6234275499999999,10
ISPY2-578975,1,0,train,spy2,0.497416375,10
ISPY2-579881,0,1,train,spy2,0.2935755,10
ISPY2-581648,0,2,train,spy2,0.48365065,10
ISPY2-586091,1,3,train,spy2,0.23825635,10
ISPY2-586207,1,1,train,spy2,0.584057,10
ISPY2-589502,1,3,train,spy2,0.067714035,10
ISPY2-590220,1,4,train,spy2,0.233543355,10
ISPY2-590299,0,0,train,spy2,0.38399373000000003,10
ISPY2-591079,1,2,train,spy2,0.659156085,10
ISPY2-591180,0,2,train,spy2,0.45239815,10
ISPY2-592535,0,1,train,spy2,0.35127056,10
ISPY2-596458,1,2,train,spy2,0.384353,10
ISPY2-597253,0,3,train,spy2,0.090656251,10
ISPY2-597873,0,0,train,spy2,0.3237846,10
ISPY2-598798,0,4,train,spy2,0.16838165,10
ISPY2-600536,0,0,train,spy2,0.36568596499999995,10
ISPY2-601489,0,1,train,spy2,0.63859314,10
ISPY2-604199,0,2,train,spy2,0.0740311375,10
ISPY2-604326,0,3,train,spy2,0.339984505,10
ISPY2-604380,1,4,train,spy2,0.37178033,10
ISPY2-605713,0,0,train,spy2,0.14102193000000002,10
ISPY2-607047,1,1,train,spy2,0.2540651,10
ISPY2-609642,1,3,train,spy2,0.72246945,10
ISPY2-609897,0,2,train,spy2,0.29278675,10
ISPY2-611662,0,4,train,spy2,0.53141852,10
ISPY2-613188,0,0,train,spy2,0.26398945500000004,10
ISPY2-614434,1,4,train,spy2,0.44270149999999997,10
ISPY2-615873,1,1,train,spy2,0.61227536,10
ISPY2-618240,0,2,train,spy2,0.2842247,10
ISPY2-621179,0,3,train,spy2,0.17765244000000002,10
ISPY2-622688,1,0,train,spy2,0.37884173499999996,10
ISPY2-623569,1,2,train,spy2,0.6509064499999999,10
ISPY2-624777,0,4,train,spy2,0.17082447,10
ISPY2-625800,0,1,train,spy2,0.4068677,10
ISPY2-625854,1,3,train,spy2,0.231514055,10
ISPY2-627118,0,0,train,spy2,0.47946709,10
ISPY2-628692,0,2,train,spy2,0.123720755,10
ISPY2-629210,0,4,train,spy2,0.071490785,10
ISPY2-630758,0,1,train,spy2,0.5277289,10
ISPY2-631337,0,3,train,spy2,0.10232265,10
ISPY2-632408,0,0,train,spy2,0.1096356825,10
ISPY2-636424,0,1,train,spy2,0.6499411,10
ISPY2-637051,0,2,train,spy2,0.48767785,10
ISPY2-637752,1,3,train,spy2,0.374692995,10
ISPY2-639663,0,4,train,spy2,0.308438115,10
ISPY2-640043,0,0,train,spy2,0.25067691999999997,10
ISPY2-640463,1,1,train,spy2,0.274925,10
ISPY2-640927,0,2,train,spy2,0.339503385,10
ISPY2-644609,1,3,train,spy2,0.542995535,10
ISPY2-646233,0,4,train,spy2,0.160147765,10
ISPY2-646600,0,1,train,spy2,0.2529655,10
ISPY2-650589,0,2,train,spy2,0.34529082499999997,10
ISPY2-651401,0,3,train,spy2,0.5682005,10
ISPY2-651541,1,4,train,spy2,0.5001473,10
ISPY2-654956,0,0,train,spy2,0.651878415,10
ISPY2-655703,0,1,train,spy2,0.31525534,10
ISPY2-655795,1,0,train,spy2,0.135010565,10
ISPY2-660915,0,4,train,spy2,0.148895685,10
ISPY2-663197,0,2,train,spy2,0.34963177,10
ISPY2-663467,0,3,train,spy2,0.106554902,10
ISPY2-664658,1,0,train,spy2,0.16521147,10
ISPY2-666147,0,1,train,spy2,0.369102,10
ISPY2-666715,0,2,train,spy2,0.34392171,10
ISPY2-668752,0,3,train,spy2,0.42858377000000003,10
ISPY2-672734,0,4,train,spy2,0.20000036,10
ISPY2-674897,0,1,train,spy2,0.65824765,10
ISPY2-676048,0,0,train,spy2,0.340794185,10
ISPY2-676365,0,3,train,spy2,0.5040234,10
ISPY2-676630,1,2,train,spy2,0.28476807,10
ISPY2-677915,0,4,train,spy2,0.183687415,10
ISPY2-679787,0,0,train,spy2,0.403252365,10
ISPY2-683374,0,1,train,spy2,0.37427315,10
ISPY2-683457,0,2,train,spy2,0.33323894,10
ISPY2-685182,1,3,train,spy2,0.477978785,10
ISPY2-685753,0,4,train,spy2,0.074199713,10
ISPY2-687733,0,1,train,spy2,0.253574,10
ISPY2-689188,1,0,train,spy2,0.07382404349999999,10
ISPY2-690410,0,2,train,spy2,0.12774461,10
ISPY2-692885,0,4,train,spy2,0.48136792,10
ISPY2-697098,1,3,train,spy2,0.365796785,10
ISPY2-697871,1,3,train,spy2,0.45652771000000003,10
ISPY2-701790,0,0,train,spy2,0.06301412,10
ISPY2-703401,0,1,train,spy2,0.37377933,10
ISPY2-703455,0,2,train,spy2,0.477877245,10
ISPY2-705381,1,4,train,spy2,0.250586995,10
ISPY2-706418,1,0,train,spy2,0.5170811,10
ISPY2-706943,0,2,train,spy2,0.6710372499999999,10
ISPY2-708387,1,1,train,spy2,0.6506086,10
ISPY2-709559,0,3,train,spy2,0.165651085,10
ISPY2-712276,1,4,train,spy2,0.176106715,10
ISPY2-712917,1,0,train,spy2,0.4878528,10
ISPY2-714205,1,1,train,spy2,0.5220741,10
ISPY2-719713,0,2,train,spy2,0.172470975,10
ISPY2-723918,1,3,train,spy2,0.46961799,10
ISPY2-725455,0,4,train,spy2,0.381469335,10
ISPY2-726091,1,0,train,spy2,0.366687765,10
ISPY2-726381,0,1,train,spy2,0.46073583,10
ISPY2-726940,0,2,train,spy2,0.458074525,10
ISPY2-727255,0,3,train,spy2,0.561248365,10
ISPY2-727804,1,4,train,spy2,0.35612433,10
ISPY2-728287,1,0,train,spy2,0.244679965,10
ISPY2-728714,0,1,train,spy2,0.26205865,10
ISPY2-729270,1,4,train,spy2,0.65439561,10
ISPY2-729732,0,2,train,spy2,0.27267965,10
ISPY2-732137,0,3,train,spy2,0.248931665,10
ISPY2-733276,0,0,train,spy2,0.312462275,10
ISPY2-735673,0,1,train,spy2,0.19386221,10
ISPY2-741535,0,3,train,spy2,0.1405110225,10
ISPY2-742477,0,2,train,spy2,0.5163710699999999,10
ISPY2-745633,0,4,train,spy2,0.14549825500000002,10
ISPY2-746265,0,0,train,spy2,0.140218748,10
ISPY2-749097,0,1,train,spy2,0.22964458,10
ISPY2-752469,0,2,train,spy2,0.426445485,10
ISPY2-756412,0,3,train,spy2,0.194783635,10
ISPY2-759015,0,4,train,spy2,0.29020487500000003,10
ISPY2-759418,0,1,train,spy2,0.2983886,10
ISPY2-765773,1,0,train,spy2,0.38188626999999997,10
ISPY2-766301,0,4,train,spy2,0.09831134799999999,10
ISPY2-766967,1,2,train,spy2,0.23414536,10
ISPY2-768214,0,3,train,spy2,0.39194832999999996,10
ISPY2-769972,0,3,train,spy2,0.15829469000000002,10
ISPY2-771813,0,0,train,spy2,0.45463991,10
ISPY2-778020,0,1,train,spy2,0.2541335,10
ISPY2-778527,1,2,train,spy2,0.6448456650000001,10
ISPY2-780272,0,4,train,spy2,0.22198555999999997,10
ISPY2-781335,0,4,train,spy2,0.281042455,10
ISPY2-782334,0,0,train,spy2,0.204186155,10
ISPY2-783578,1,1,train,spy2,0.6681855,10
ISPY2-783771,0,2,train,spy2,0.26481438999999996,10
ISPY2-786003,1,3,train,spy2,0.260873,10
ISPY2-789497,0,4,train,spy2,0.132481175,10
ISPY2-790070,0,0,train,spy2,0.34215455,10
ISPY2-790397,1,1,train,spy2,0.5879923,10
ISPY2-790722,0,2,train,spy2,0.41146605,10
ISPY2-791321,0,3,train,spy2,0.446287705,10
ISPY2-791944,0,4,train,spy2,0.345900195,10
ISPY2-792412,0,0,train,spy2,0.41093356000000003,10
ISPY2-793684,0,1,train,spy2,0.5528296,10
ISPY2-794428,0,2,train,spy2,0.458387795,10
ISPY2-796558,0,3,train,spy2,0.34375763000000004,10
ISPY2-797427,0,4,train,spy2,0.252271845,10
ISPY2-797499,1,0,train,spy2,0.7079521200000001,10
ISPY2-798604,1,3,train,spy2,0.55673752,10
ISPY2-800710,0,1,train,spy2,0.6567559,10
ISPY2-802105,0,4,train,spy2,0.05517125,10
ISPY2-802778,0,2,train,spy2,0.218963425,10
ISPY2-803514,0,0,train,spy2,0.099839662,10
ISPY2-803677,0,1,train,spy2,0.5489267,10
ISPY2-808714,0,4,train,spy2,0.24496974500000002,10
ISPY2-809037,0,2,train,spy2,0.128631622,10
ISPY2-809649,1,3,train,spy2,0.747615025,10
ISPY2-810965,1,0,train,spy2,0.17816669000000002,10
ISPY2-814299,1,1,train,spy2,0.8494134,10
ISPY2-815421,0,2,train,spy2,0.31767765000000003,10
ISPY2-815493,1,3,train,spy2,0.45826292,10
ISPY2-819622,0,4,train,spy2,0.166619315,10
ISPY2-820348,0,2,train,spy2,0.28890074499999996,10
ISPY2-823618,0,0,train,spy2,0.23370768000000003,10
ISPY2-824234,1,1,train,spy2,0.48218206,10
ISPY2-825363,1,3,train,spy2,0.73260003,10
ISPY2-828199,0,4,train,spy2,0.25211834,10
ISPY2-829491,0,0,train,spy2,0.224514035,10
ISPY2-830486,0,1,train,spy2,0.64231163,10
ISPY2-830958,0,2,train,spy2,0.19323173,10
ISPY2-832056,0,3,train,spy2,0.299628815,10
ISPY2-833536,1,4,train,spy2,0.095838202,10
ISPY2-834418,0,0,train,spy2,0.09311616,10
ISPY2-835658,1,4,train,spy2,0.30299371500000005,10
ISPY2-836114,0,1,train,spy2,0.2399639,10
ISPY2-836983,1,2,train,spy2,0.40027201,10
ISPY2-841336,0,3,train,spy2,0.10403480500000001,10
ISPY2-845079,1,2,train,spy2,0.6325307,10
ISPY2-845147,0,3,train,spy2,0.15947838,10
ISPY2-845663,0,0,train,spy2,0.32170767,10
ISPY2-846156,0,1,train,spy2,0.55128026,10
ISPY2-847272,0,4,train,spy2,0.20426122,10
ISPY2-847753,1,1,train,spy2,0.31427047,10
ISPY2-849605,0,0,train,spy2,0.365612,10
ISPY2-851180,0,2,train,spy2,0.23952083000000002,10
ISPY2-851488,0,3,train,spy2,0.10725346699999999,10
ISPY2-857165,0,4,train,spy2,0.14541061500000002,10
ISPY2-859699,1,0,train,spy2,0.14470105,10
ISPY2-862244,0,2,train,spy2,0.6683154099999999,10
ISPY2-865416,0,1,train,spy2,0.54523164,10
ISPY2-873686,0,3,train,spy2,0.091570683,10
ISPY2-877463,0,4,train,spy2,0.292531085,10
ISPY2-883696,0,0,train,spy2,0.195493115,10
ISPY2-883886,0,2,train,spy2,0.200449825,10
ISPY2-884266,0,4,train,spy2,0.065924675,10
ISPY2-885590,0,1,train,spy2,0.30531785,10
ISPY2-889049,0,3,train,spy2,0.6897827999999999,10
ISPY2-889225,0,3,train,spy2,0.15499645,10
ISPY2-889721,1,4,train,spy2,0.625359425,10
ISPY2-890414,1,0,train,spy2,0.43211165,10
ISPY2-891645,0,1,train,spy2,0.86040896,10
ISPY2-892390,1,2,train,spy2,0.42655730999999997,10
ISPY2-893874,1,0,train,spy2,0.47203894999999996,10
ISPY2-894128,1,2,train,spy2,0.58451577,10
ISPY2-894491,0,1,train,spy2,0.22834639,10
ISPY2-896621,0,3,train,spy2,0.136278665,10
ISPY2-899381,1,4,train,spy2,0.335099715,10
ISPY2-903880,0,0,train,spy2,0.316461665,10
ISPY2-905264,0,1,train,spy2,0.7671841,10
ISPY2-906795,0,2,train,spy2,0.655449865,10
ISPY2-910188,0,3,train,spy2,0.13089411,10
ISPY2-910706,1,4,train,spy2,0.350671815,10
ISPY2-912836,0,4,train,spy2,0.396179265,10
ISPY2-913225,1,0,train,spy2,0.29403554,10
ISPY2-914968,0,1,train,spy2,0.5858468,10
ISPY2-916586,0,2,train,spy2,0.11716612000000001,10
ISPY2-916645,1,3,train,spy2,0.11016484,10
ISPY2-917762,0,0,train,spy2,0.1261183625,10
ISPY2-920479,0,3,train,spy2,0.6788385800000001,10
ISPY2-923968,1,1,train,spy2,0.24594444,10
ISPY2-924812,0,2,train,spy2,0.42946896,10
ISPY2-924868,1,4,train,spy2,0.48779253499999997,10
ISPY2-924895,0,2,train,spy2,0.100893555,10
ISPY2-925691,0,0,train,spy2,0.5311618,10
ISPY2-930172,0,3,train,spy2,0.24838292499999998,10
ISPY2-930853,1,1,train,spy2,0.36310503,10
ISPY2-930903,0,4,train,spy2,0.160524105,10
ISPY2-932200,0,0,train,spy2,0.241586395,10
ISPY2-934459,0,1,train,spy2,0.4863327,10
ISPY2-934906,0,3,train,spy2,0.41265341499999997,10
ISPY2-935460,0,2,train,spy2,0.447776955,10
ISPY2-940186,1,4,train,spy2,0.104921565,10
ISPY2-941926,0,0,train,spy2,0.0756844535,10
ISPY2-943879,1,1,train,spy2,0.59154123,10
ISPY2-944419,0,2,train,spy2,0.329301685,10
ISPY2-944536,1,3,train,spy2,0.8232471,10
ISPY2-950131,1,4,train,spy2,0.13022464,10
ISPY2-953262,0,0,train,spy2,0.17292086,10
ISPY2-955953,1,1,train,spy2,0.8120066,10
ISPY2-957408,0,2,train,spy2,0.185303765,10
ISPY2-960490,1,3,train,spy2,0.43868747500000005,10
ISPY2-960963,0,4,train,spy2,0.43411917,10
ISPY2-962472,0,0,train,spy2,0.11963683,10
ISPY2-962664,1,1,train,spy2,0.615968,10
ISPY2-965265,0,2,train,spy2,0.39982369500000003,10
ISPY2-966016,1,3,train,spy2,0.14262951000000001,10
ISPY2-972307,0,4,train,spy2,0.05846374,10
ISPY2-974181,1,0,train,spy2,0.40807743,10
ISPY2-981461,0,1,train,spy2,0.5826756,10
ISPY2-982505,0,2,train,spy2,0.27727281,10
ISPY2-983841,1,3,train,spy2,0.47100014999999995,10
ISPY2-986734,0,4,train,spy2,0.078854171,10
ISPY2-987995,0,2,train,spy2,0.29045719999999997,10
ISPY2-988443,0,0,train,spy2,0.08387510000000001,10
ISPY2-990443,0,4,train,spy2,0.111583765,10
ISPY2-994987,0,1,train,spy2,0.22379619,10
ISPY2-999264,1,3,train,spy2,0.707016475,10
ISPY2-999733,0,3,train,spy2,0.21415312,10
