loss,seed,fold,epochs,best_epoch,best_auc,minutes,test_images_loaded,stop_reason
normal,2026,0,12,1,0.7623991935483871,2.0825015243500276,0,early_stopping
normal,2026,1,12,0,0.7116293404561331,2.070179511999898,0,early_stopping
normal,2026,2,16,6,0.7103905674281503,2.828987217633342,0,early_stopping
normal,2026,3,12,2,0.7167816091954022,2.144398967433396,0,early_stopping
normal,2026,4,17,7,0.6988904869529484,2.9631108928500605,0,early_stopping
normal,42,0,12,1,0.7661290322580645,2.172138886250044,0,early_stopping
normal,42,1,12,0,0.7116293404561331,2.1657124016999965,0,early_stopping
normal,42,2,17,7,0.7133382461311717,3.0613824628999584,0,early_stopping
normal,42,3,12,1,0.7246896551724138,2.1527620809500454,0,early_stopping
normal,42,4,15,5,0.7085473597698787,2.6936033580833283,0,early_stopping
weighted,2026,0,13,3,0.765625,2.2961079110834057,0,early_stopping
weighted,2026,1,12,0,0.7116293404561331,2.142926287066651,0,early_stopping
weighted,2026,2,12,1,0.7055479524160438,2.1552894337500828,0,early_stopping
weighted,2026,3,13,3,0.7249655172413793,2.2557024733333493,0,early_stopping
weighted,2026,4,12,2,0.7032052599137045,2.1180696661333664,0,early_stopping
weighted,42,0,12,1,0.7672379032258065,2.0775961992834104,0,early_stopping
weighted,42,1,12,0,0.7116293404561331,2.1164588837166773,0,early_stopping
weighted,42,2,19,9,0.7115485840614801,3.393617147416717,0,early_stopping
weighted,42,3,12,0,0.7151264367816093,2.0700851242499994,0,early_stopping
weighted,42,4,19,9,0.7024861310869118,3.316140317333369,0,early_stopping
