variable,n,ausentes_pct,n_pcr0,n_pcr1,mediana_pcr0,iqr_pcr0,mediana_pcr1,iqr_pcr1,smd_pcr1_menos_pcr0,correlacion_pcr,abs_smd
crop_width,1097,0.0,775,322,69.0,49.5,62.0,37.0,-0.23050445280413764,-0.10139274949917737,0.23050445280413764
tumor_z_span,1097,0.0,775,322,33.0,26.0,29.0,21.0,-0.22063557891906174,-0.09691004519827648,0.22063557891906174
post_early,1097,0.0,775,322,2.0,1.0,2.0,0.0,0.2189690721592092,0.09665901288858882,0.2189690721592092
mask_start,1097,0.0,775,322,20.0,30.0,25.5,28.0,0.1967295889351596,0.0888935883711872,0.1967295889351596
late_saturation_fraction,1097,0.0,775,322,0.0189178466796875,0.0110626220703125,0.0182403564453125,0.010601425170898451,-0.19331216428122902,-0.08662315082307244,0.19331216428122902
post_late,1097,0.0,775,322,5.0,2.0,5.0,1.0,0.17968925409729472,0.0807340031631507,0.17968925409729472
log1p_tum_vol,1096,0.0009115770282588879,775,321,2.6690117852538986,1.5257831508779698,2.44558672923987,1.4468799700860153,-0.17942768227936026,-0.08014147900233762,0.17942768227936026
tum_vol,1096,0.0009115770282588879,775,321,13.4257064508,24.303175247399004,10.53731689453125,19.7826516092045,-0.17442031855054121,-0.07555629396361198,0.17442031855054121
enhancement_positive_fraction,1097,0.0,775,322,0.8262684099071103,0.14234942307386222,0.8405634423889612,0.11223003096177542,0.17224826355887796,0.07695405172820015,0.17224826355887796
n_times,1097,0.0,775,322,7.0,2.0,7.0,2.0,0.16919387420740575,0.07576812289989429,0.16919387420740575
age,1094,0.0027347310847766638,773,321,49.0,15.0,48.0,14.21,-0.15683450343745098,-0.07038677088018018,0.15683450343745098
late_p90_tissue,1097,0.0,775,322,0.8196078431372549,0.12941176470588234,0.8098039215686275,0.11764705882352944,-0.1410365129409048,-0.06392836723685716,0.1410365129409048
enhancement_mean,1097,0.0,775,322,0.1338010610566088,0.07837483106340265,0.14313555155357527,0.07802808018546527,0.14013622726957065,0.0633740796403056,0.14013622726957065
n_z,1097,0.0,775,322,80.0,74.0,80.0,70.0,0.13700021580041802,0.061976685146072776,0.13700021580041802
washout_mean,1097,0.0,775,322,0.0214243980450836,0.03360920353300295,0.0199773784356618,0.03483915895858612,-0.13222740110105327,-0.05854510978682472,0.13222740110105327
pre_p90_tissue,1097,0.0,775,322,0.4627450980392157,0.1176470588235295,0.4549019607843137,0.1098039215686274,-0.12751536438205724,-0.057400736173890986,0.12751536438205724
crop_height,1097,0.0,775,322,78.0,62.0,71.0,58.0,-0.12739103420902465,-0.05741925080201413,0.12739103420902465
pre_mean_tissue,1097,0.0,775,322,0.2693040882295403,0.05253646375406881,0.26382731568552187,0.0504369593596089,-0.12439646287038694,-0.05577747144619925,0.12439646287038694
pre_mean_all,1097,0.0,775,322,0.1235515220492494,0.043208818622663944,0.1196826979693244,0.04155135061226636,-0.12112309433422289,-0.05371069767240516,0.12112309433422289
sraw,1097,0.0,775,322,89.0,50.5,92.5,57.0,0.11189280292022748,0.05183657527479886,0.11189280292022748
scol,1097,0.0,775,322,91.0,49.0,96.5,57.0,0.11180195440004796,0.05244555328834902,0.11180195440004796
late_std_tissue,1097,0.0,775,322,0.2424037793374207,0.039730697277830074,0.23905525719221274,0.038737389027889535,-0.10609407694444709,-0.04783365355839663,0.10609407694444709
enhancement_p90,1097,0.0,775,322,0.4,0.21568627450980388,0.40980392156862744,0.21176470588235297,0.09563103437658536,0.043723392139028226,0.09563103437658536
pre_std_tissue,1097,0.0,775,322,0.1400526844928163,0.0503318316947772,0.13895530623717112,0.04890926404015658,-0.09280954824432361,-0.041962769369150235,0.09280954824432361
pre_p50_tissue,1097,0.0,775,322,0.2313725490196078,0.0588235294117648,0.2274509803921568,0.06274509803921569,-0.09015472672799936,-0.04043850899156144,0.09015472672799936
pre_saturation_fraction,1097,0.0,775,322,8.23974609375e-05,0.00097503662109375,1.6021728515625e-05,0.0006366729736327999,-0.08969104840394608,-0.040581508431221526,0.08969104840394608
late_mean_all,1097,0.0,775,322,0.2019859104530484,0.06250513413373163,0.1985974450204886,0.06029684926949286,-0.0878648585709184,-0.03876986070083554,0.0878648585709184
n_xy,1097,0.0,775,322,256.0,0.0,256.0,0.0,0.08718614907210896,0.040260895000383455,0.08718614907210896
background_fraction,1097,0.0,775,322,0.6006301879882813,0.1456977844238282,0.6084701538085937,0.1359405517578125,0.07590742838274747,0.03455289059026761,0.07590742838274747
pre_p10_tissue,1097,0.0,775,322,0.1215686274509803,0.015686274509803907,0.1215686274509803,0.0196078431372549,-0.07113002566694125,-0.031566447428863956,0.07113002566694125
washout_fraction,1097,0.0,775,322,0.360202547734374,0.14211523732358894,0.36159318560474074,0.14198041024336977,0.06917313949758333,0.03175490907177782,0.06917313949758333
fov_xy,1097,0.0,775,322,179.9936,35.00800000000001,179.9936,43.93647379370114,0.06845595208652365,0.03179600721428795,0.06845595208652365
enhancement_std,1097,0.0,775,322,0.1754258285069297,0.06194817385833001,0.18132034270987513,0.06601342387227224,0.06188816069419375,0.0283667743457381,0.06188816069419375
early_p50_tissue,1097,0.0,775,322,0.3450980392156862,0.11764705882352933,0.3490196078431372,0.11764705882352944,0.058098303691265424,0.026398519874711857,0.058098303691265424
n_cortes_seleccionados,1097,0.0,775,322,10.0,0.0,10.0,0.0,0.05085523078902913,0.0214537723849804,0.05085523078902913
early_mean_all,1097,0.0,775,322,0.1925529450061274,0.06148389928481157,0.19078289256376374,0.06222064448337927,-0.04352520060542407,-0.019586923062324898,0.04352520060542407
late_mean_tissue,1097,0.0,775,322,0.4326817620224049,0.08375186475029861,0.4322759526408104,0.08080096366581724,-0.04020937902899062,-0.018004432373827196,0.04020937902899062
ecol,1097,0.0,775,322,166.0,52.0,163.0,59.0,-0.03677564687921354,-0.017211032211042924,0.03677564687921354
early_mean_tissue,1097,0.0,775,322,0.4107037064676476,0.08909512294955807,0.4148821101762106,0.09217379456765301,0.0337601110790449,0.015282858338141695,0.0337601110790449
early_saturation_fraction,1097,0.0,775,322,0.0177322387695312,0.009602610270182301,0.01840667724609375,0.008205032348632773,-0.02486179170424043,-0.011165702177617868,0.02486179170424043
slice_thick,1097,0.0,775,322,2.0,0.846875,2.0,1.0000000000000002,0.022852091191936475,0.010571041619682064,0.022852091191936475
early_p10_tissue,1097,0.0,775,322,0.1568627450980392,0.06274509803921571,0.1529411764705882,0.0549019607843137,0.022350353641045866,0.010052246976302893,0.022350353641045866
late_p50_tissue,1097,0.0,775,322,0.3725490196078431,0.11764705882352938,0.3764705882352941,0.1215686274509804,0.02013896063029874,0.009094935304965773,0.02013896063029874
early_std_tissue,1097,0.0,775,322,0.2441033466581746,0.04194295541113385,0.24085595308586794,0.04383962587986451,-0.016297530321711003,-0.007320694928135389,0.016297530321711003
xy_spacing,1097,0.0,775,322,0.7031,0.14732143282890497,0.7031,0.15625,0.016117095368788654,0.007454110679313631,0.016117095368788654
eraw,1097,0.0,775,322,175.0,55.5,172.0,57.0,-0.015643995165863386,-0.007257230107449265,0.015643995165863386
late_p10_tissue,1097,0.0,775,322,0.1647058823529411,0.0666666666666666,0.1647058823529411,0.054901960784313725,-0.007723364181038127,-0.003409132036045914,0.007723364181038127
early_p90_tissue,1097,0.0,775,322,0.8,0.16078431372549018,0.803921568627451,0.1686274509803921,-0.005226794405134939,-0.002369396541635123,0.005226794405134939
mask_end,1097,0.0,775,322,56.0,37.0,55.0,38.75,-0.001919413479356183,-0.0008656351366121309,0.001919413479356183
