variable,categoria,n,pcr_positivos,tasa_pcr,cramers_v_variable
HR_HER2_STATUS,HRposHER2neg,453,64,0.141280353200883,0.2836036235601539
HR_HER2_STATUS,TripleNeg,354,134,0.3785310734463277,0.2836036235601539
HR_HER2_STATUS,HER2pos,287,123,0.42857142857142855,0.2836036235601539
HR_HER2_STATUS,No disponible,3,1,0.3333333333333333,0.2836036235601539
HRposHER2neg,0.0,641,257,0.40093603744149764,0.28051083866983334
HRposHER2neg,1.0,453,64,0.141280353200883,0.28051083866983334
HRposHER2neg,No disponible,3,1,0.3333333333333333,0.28051083866983334
HR,1.0,632,125,0.19778481012658228,0.24832508586676166
HR,0.0,463,197,0.42548596112311016,0.24832508586676166
HR,No disponible,2,0,0.0,0.24832508586676166
HER2,0.0,807,198,0.24535315985130113,0.1768104567702974
HER2,1.0,287,123,0.42857142857142855,0.1768104567702974
HER2,No disponible,3,1,0.3333333333333333,0.1768104567702974
HER2pos,0.0,807,198,0.24535315985130113,0.1768104567702974
HER2pos,1.0,287,123,0.42857142857142855,0.1768104567702974
HER2pos,No disponible,3,1,0.3333333333333333,0.1768104567702974
TripleNeg,0.0,740,187,0.2527027027027027,0.1291768730058671
TripleNeg,1.0,354,134,0.3785310734463277,0.1291768730058671
TripleNeg,No disponible,3,1,0.3333333333333333,0.1291768730058671
dataset,spy2,784,252,0.32142857142857145,0.09939073485400912
dataset,duke,209,44,0.21052631578947367,0.09939073485400912
dataset,spy1,104,26,0.25,0.09939073485400912
menopause,0.0,571,181,0.3169877408056042,0.059645463692680784
menopause,1.0,392,109,0.2780612244897959,0.059645463692680784
menopause,No disponible,134,32,0.23880597014925373,0.059645463692680784
race_black,0.0,916,276,0.30131004366812225,0.039523658347607016
race_black,1.0,178,45,0.25280898876404495,0.039523658347607016
race_black,No disponible,3,1,0.3333333333333333,0.039523658347607016
race_white,1.0,835,249,0.29820359281437125,0.01938905987116578
race_white,0.0,259,72,0.277992277992278,0.01938905987116578
race_white,No disponible,3,1,0.3333333333333333,0.01938905987116578
