tabla,variable,dtype,filas,no_nulos,ausentes,ausentes_pct,unicos,constante
patients,pid,str,1273,1273,0,0.0,1273,False
patients,pCR,int64,1273,1273,0,0.0,2,False
patients,n_xy,float64,1273,1273,0,0.0,7,False
patients,n_z,float64,1273,1273,0,0.0,101,False
patients,n_times,float64,1273,1273,0,0.0,9,False
patients,pre,float64,1273,1273,0,0.0,1,True
patients,post_early,float64,1273,1273,0,0.0,3,False
patients,post_late,float64,1273,1273,0,0.0,6,False
patients,slice_thick,float64,1273,1273,0,0.0,46,False
patients,xy_spacing,float64,1273,1273,0,0.0,115,False
patients,mask_start,float64,1273,1273,0,0.0,99,False
patients,mask_end,float64,1273,1273,0,0.0,143,False
patients,sraw,float64,1273,1273,0,0.0,197,False
patients,eraw,float64,1273,1273,0,0.0,202,False
patients,scol,float64,1273,1273,0,0.0,223,False
patients,ecol,float64,1273,1273,0,0.0,237,False
patients,tum_vol,float64,1273,1272,1,0.0007855459544383347,1272,False
patients,age,float64,1273,1270,3,0.002356637863315004,186,False
patients,menopause,float64,1273,1101,172,0.13511390416339356,2,False
patients,race_white,float64,1273,1270,3,0.002356637863315004,2,False
patients,race_black,float64,1273,1270,3,0.002356637863315004,2,False
patients,HR,float64,1273,1271,2,0.0015710919088766694,2,False
patients,HER2,float64,1273,1268,5,0.003927729772191673,2,False
patients,HR_HER2_STATUS,str,1273,1268,5,0.003927729772191673,3,False
patients,TripleNeg,float64,1273,1268,5,0.003927729772191673,2,False
patients,HER2pos,float64,1273,1268,5,0.003927729772191673,2,False
patients,HRposHER2neg,float64,1273,1268,5,0.003927729772191673,2,False
patients,dataset,str,1273,1273,0,0.0,3,False
patients,test,int64,1273,1273,0,0.0,2,False
patients,split,str,1273,1273,0,0.0,2,False
samples,sample_id,str,12703,12703,0,0.0,12703,False
samples,patient_id,str,12703,12703,0,0.0,1273,False
samples,split,str,12703,12703,0,0.0,2,False
samples,path_pre,str,12703,12703,0,0.0,12703,False
samples,path_early,str,12703,12703,0,0.0,12703,False
samples,path_late,str,12703,12703,0,0.0,12703,False
samples,slice_index,int64,12703,12703,0,0.0,86,False
samples,pCR,int64,12703,12703,0,0.0,2,False
samples,fold,int64,12703,12703,0,0.0,6,False
