variable,cohorte,n,ausentes,ausentes_pct
tum_vol,duke,251,1,0.00398406374501992
tum_vol,spy1,139,0,0.0
tum_vol,spy2,883,0,0.0
age,duke,251,0,0.0
age,spy1,139,0,0.0
age,spy2,883,3,0.0033975084937712344
menopause,duke,251,0,0.0
menopause,spy1,139,139,1.0
menopause,spy2,883,33,0.03737259343148358
race_white,duke,251,0,0.0
race_white,spy1,139,0,0.0
race_white,spy2,883,3,0.0033975084937712344
race_black,duke,251,0,0.0
race_black,spy1,139,0,0.0
race_black,spy2,883,3,0.0033975084937712344
HR,duke,251,0,0.0
HR,spy1,139,2,0.014388489208633094
HR,spy2,883,0,0.0
HER2,duke,251,0,0.0
HER2,spy1,139,5,0.03597122302158273
HER2,spy2,883,0,0.0
HR_HER2_STATUS,duke,251,0,0.0
HR_HER2_STATUS,spy1,139,5,0.03597122302158273
HR_HER2_STATUS,spy2,883,0,0.0
TripleNeg,duke,251,0,0.0
TripleNeg,spy1,139,5,0.03597122302158273
TripleNeg,spy2,883,0,0.0
HER2pos,duke,251,0,0.0
HER2pos,spy1,139,5,0.03597122302158273
HER2pos,spy2,883,0,0.0
HRposHER2neg,duke,251,0,0.0
HRposHER2neg,spy1,139,5,0.03597122302158273
HRposHER2neg,spy2,883,0,0.0
