variable,split,n,ausentes,media,desviacion,min,p25,mediana,p75,max
n_xy,test,176,0,271.1818181818182,46.309899084825844,256.0,256.0,256.0,256.0,512.0
n_xy,train,1097,0,275.1358249772106,48.065314083596085,128.0,256.0,256.0,256.0,512.0
n_z,test,176,0,76.73295454545455,41.761119912708715,12.0,56.0,68.0,80.0,220.0
n_z,train,1097,0,88.71011850501367,45.80000376203841,9.0,64.0,80.0,134.0,256.0
n_times,test,176,0,5.8352272727272725,1.9097069197865204,3.0,4.0,6.0,7.0,11.0
n_times,train,1097,0,6.290793072014585,1.5955678261926556,3.0,5.0,7.0,7.0,10.0
pre,test,176,0,0.0,0.0,0.0,0.0,0.0,0.0,0.0
pre,train,1097,0,0.0,0.0,0.0,0.0,0.0,0.0,0.0
post_early,test,176,0,1.5852272727272727,0.4940884299630751,1.0,1.0,2.0,2.0,2.0
post_early,train,1097,0,1.7347310847766637,0.44373862242020423,1.0,1.0,2.0,2.0,3.0
post_late,test,176,0,4.409090909090909,1.5128883530621713,2.0,3.0,5.0,6.0,7.0
post_late,train,1097,0,4.785779398359161,1.2397971043883098,2.0,4.0,5.0,6.0,6.0
slice_thick,test,176,0,1.9363778250835226,0.5642851538633632,0.799997,1.5,2.0,2.2,4.0
slice_thick,train,1097,0,1.8026416896004556,0.5682408241854614,0.799997,1.2,2.0,2.2,4.0
xy_spacing,test,176,0,0.7268368173534688,0.12965004680512124,0.390625,0.6641,0.7031125,0.78125,1.25
xy_spacing,train,1097,0,0.718560497248695,0.14307429028389698,0.3125,0.625,0.7031,0.78125,1.40625
mask_start,test,176,0,22.198863636363637,20.2893412936416,0.0,2.75,17.0,34.0,93.0
mask_start,train,1097,0,26.144940747493163,22.131243282210253,0.0,8.0,22.0,38.0,129.0
mask_end,test,176,0,55.50568181818182,29.42224564782639,9.0,36.0,49.0,61.25,151.0
mask_end,train,1097,0,61.5077484047402,31.221719818863136,6.0,39.0,55.0,77.0,180.0
sraw,test,176,0,94.19318181818181,33.80324851829496,16.0,73.0,93.5,113.0,186.0
sraw,train,1097,0,90.86326344576116,41.49531115800107,0.0,62.0,90.0,114.0,299.0
eraw,test,176,0,174.35227272727272,36.573539153789405,81.0,151.0,169.0,200.25,276.0
eraw,train,1097,0,176.09115770282588,43.14733378342578,66.0,147.0,174.0,203.0,418.0
scol,test,176,0,103.0625,50.429034295730865,25.0,70.0,97.0,119.25,302.0
scol,train,1097,0,100.04831358249773,52.828935123620816,6.0,67.0,92.0,117.0,358.0
ecol,test,176,0,173.0,49.891310437217996,91.0,143.0,161.0,188.75,359.0
ecol,train,1097,0,173.31175934366453,54.03708663528802,69.0,141.0,165.0,194.0,424.0
tum_vol,test,176,0,22.891980860982773,34.126561750240306,0.3773396753999999,5.96339597571102,11.299385734127437,27.636167197621226,273.41552734375
tum_vol,train,1096,1,26.5384607311801,44.65159488580831,0.0654328139182205,5.590431975375001,12.7346771154,27.922851115016943,495.00842335542
age,test,176,0,49.258750000000006,11.084003898798096,25.0,41.0,49.575,57.0,73.0
age,train,1094,3,48.66491773308958,10.492260230361467,23.0,41.0225,48.0,56.0,77.0
tumor_z_span,test,176,0,34.30681818181818,18.819052931716655,8.0,20.0,29.0,43.0,106.0
tumor_z_span,train,1097,0,36.36280765724704,20.579417170755118,1.0,21.0,32.0,47.0,150.0
crop_height,test,176,0,81.1590909090909,37.175379368189795,23.0,52.0,73.0,104.25,190.0
crop_height,train,1097,0,86.22789425706472,42.914265089918366,11.0,53.0,75.0,114.0,273.0
crop_width,test,176,0,70.9375,33.677827593664226,17.0,46.0,63.0,88.0,196.0
crop_width,train,1097,0,74.26344576116682,36.49843592508055,13.0,48.0,66.0,92.0,245.0
fov_xy,test,176,0,197.03079312418387,50.15252415202716,129.9968,170.0096,180.0,200.0,379.999872
fov_xy,train,1097,0,198.45587206023256,57.58621258460195,100.0,164.992,179.9936,200.0128,439.99999999998715
log1p_tum_vol,test,176,0,2.612051435619303,1.0271532733348454,0.3201538671769388,1.9406672676682934,2.5092391347198344,3.3545365545703314,5.614643480780474
log1p_tum_vol,train,1096,1,2.668144285892067,1.0911486349464066,0.06338111464934697,1.8856150450459204,2.6199235537320167,3.3646319008014944,6.206592909152136
n_cortes_seleccionados,test,176,0,9.988636363636363,0.1507556722888818,8.0,10.0,10.0,10.0,10.0
n_cortes_seleccionados,train,1097,0,9.977210574293528,0.3116214136344413,5.0,10.0,10.0,10.0,10.0
background_fraction,test,176,0,0.5751683170145209,0.11972491099066224,0.1316711425781249,0.5119965553283692,0.5803192138671875,0.6636554718017578,0.8763473510742188
background_fraction,train,1097,0,0.5878858048732576,0.11019343579943472,0.0555358886718749,0.5203109741210937,0.6044967651367188,0.6634750366210938,0.9216354370117188
pre_mean_all,test,176,0,0.13337832663360974,0.04553125104766796,0.0677998441808364,0.10544585433660765,0.12704673318301923,0.15058531069288061,0.3653198361864277
pre_mean_all,train,1097,0,0.12831263608491655,0.04043618273926707,0.0457729324640012,0.1024082797181372,0.1219826731962316,0.1448858881931679,0.4791450051700368
pre_mean_tissue,test,176,0,0.27763997737421753,0.05031411494594444,0.1763474253511882,0.2434449227828392,0.2705883867170249,0.3075988930930864,0.4494919638897764
pre_mean_tissue,train,1097,0,0.2747328691920573,0.04625434201621859,0.1354433612921773,0.2441735963578542,0.2679989418873819,0.2960311677218614,0.5965999141849583
pre_std_tissue,test,176,0,0.14210247327190953,0.036423683869698464,0.0608565098264579,0.11858381945864027,0.1379812569536233,0.16321918831367738,0.2611517603110179
pre_std_tissue,train,1097,0,0.14008101526205669,0.035000101472196905,0.0341978855983615,0.1131632476411365,0.1393084839402755,0.1632911462100256,0.2825535829703666
pre_p10_tissue,test,176,0,0.13389037433155074,0.03177811919119551,0.1019607843137254,0.1137254901960784,0.1254901960784313,0.1372549019607843,0.2705882352941176
pre_p10_tissue,train,1097,0,0.13097395749548676,0.028430981930880575,0.1019607843137254,0.1137254901960784,0.1215686274509803,0.1333333333333333,0.3411764705882353
pre_p50_tissue,test,176,0,0.2409536541889483,0.05365157303904475,0.1568627450980392,0.2,0.2352941176470588,0.2705882352941176,0.4352941176470588
pre_p50_tissue,train,1097,0,0.23945519867016993,0.05276182426849965,0.1254901960784313,0.2039215686274509,0.2313725490196078,0.2627450980392157,0.6392156862745098
pre_p90_tissue,test,176,0,0.4771167557932264,0.0974414139963659,0.2509803921568627,0.4107843137254902,0.4745098039215686,0.5333333333333333,0.788235294117647
pre_p90_tissue,train,1097,0,0.47059181010599316,0.09007021347651918,0.1803921568627451,0.4078431372549019,0.4627450980392157,0.5215686274509804,0.8980392156862745
pre_saturation_fraction,test,176,0,0.0010761824521151333,0.0019411814177866912,0.0,0.0,0.000164794921875,0.00107879638671875,0.0107070922851562
pre_saturation_fraction,train,1097,0,0.000803809917940252,0.0015479038611058784,0.0,0.0,5.340576171875e-05,0.0008468627929687,0.0125030517578125
early_mean_all,test,176,0,0.1993694720123753,0.05311584525164925,0.0883795166015625,0.16181380028818168,0.1923288352816712,0.22980917537913603,0.4441392487170649
early_mean_all,train,1097,0,0.19688235563331946,0.05005157975706091,0.0590223304898131,0.1631761019837622,0.1916021010454963,0.2251458321365655,0.5908481971890318
early_mean_tissue,test,176,0,0.40671442429527677,0.06191676266678044,0.2696899398240306,0.3615859469899318,0.40078939276296965,0.4480382411489511,0.5803773834831761
early_mean_tissue,train,1097,0,0.4139872314818979,0.06402482240320416,0.1743196318580394,0.3693032177388816,0.4116062214198989,0.4605788712094095,0.6714289824660203
early_std_tissue,test,176,0,0.23780543148454142,0.02985693335244996,0.1687874567106489,0.21830903235572005,0.2378956007114167,0.25845756112927665,0.3413465831660047
early_std_tissue,train,1097,0,0.24134604451347555,0.031058359053522184,0.0812664349745767,0.221229600336125,0.2429702236279614,0.2636373194173902,0.3468618456388912
early_p10_tissue,test,176,0,0.16267825311942954,0.05511120499310126,0.0392156862745098,0.1254901960784313,0.1529411764705882,0.188235294117647,0.3294117647058823
early_p10_tissue,train,1097,0,0.16088440845800486,0.05217593944446036,0.0235294117647058,0.1294117647058823,0.1529411764705882,0.188235294117647,0.4196078431372549
early_p50_tissue,test,176,0,0.3436497326203209,0.07845993559347175,0.1725490196078431,0.2901960784313726,0.3294117647058823,0.3931372549019607,0.5529411764705883
early_p50_tissue,train,1097,0,0.3535631937369296,0.0817928915327908,0.1294117647058823,0.2901960784313726,0.3490196078431372,0.4078431372549019,0.6980392156862745
early_p90_tissue,test,176,0,0.7787878787878788,0.10523864730009364,0.4901960784313725,0.7166666666666667,0.7803921568627451,0.8549019607843137,1.0
early_p90_tissue,train,1097,0,0.7916563890825246,0.11238782186001268,0.2980392156862745,0.7098039215686275,0.8,0.8745098039215686,1.0
early_saturation_fraction,test,176,0,0.01851379221135917,0.006298389685739022,0.005810546875,0.013788604736328074,0.01826324462890625,0.022062301635742174,0.0356918334960937
early_saturation_fraction,train,1097,0,0.018927402416026706,0.007212324093032972,0.0,0.0137191772460937,0.0180206298828125,0.02291259765625,0.0559066772460937
late_mean_all,test,176,0,0.2085170113976626,0.053908038662971294,0.0929567583869485,0.17106990440219055,0.2040973349178538,0.23570881712670416,0.4573692172181373
late_mean_all,train,1097,0,0.20700218709681334,0.0555802668937411,0.0843704822016697,0.1723162841796875,0.2008979887120864,0.234468204273897,0.9553196925742954
late_mean_tissue,test,176,0,0.42754613370533895,0.06059419885831768,0.3025602868492307,0.38581936484150003,0.4207434796671786,0.46465019039254946,0.5862665824751999
late_mean_tissue,train,1097,0,0.4350910822037331,0.06221451031353233,0.1536472948344901,0.3928882772522999,0.4325325582123351,0.4758621935953605,0.9616683217477656
late_std_tissue,test,176,0,0.23770141361409622,0.029418034369653873,0.1535040158836619,0.21734850817614482,0.2375244259743889,0.2562179047012367,0.3513056145540242
late_std_tissue,train,1097,0,0.24119377936451372,0.030994703719400128,0.025550718252633,0.2218044081036826,0.2419302806899498,0.2609723743095747,0.3501214069413189
late_p10_tissue,test,176,0,0.17482174688057037,0.05827862377223344,0.0392156862745098,0.1372549019607843,0.1666666666666666,0.2039215686274509,0.3450980392156862
late_p10_tissue,train,1097,0,0.17388242443741392,0.061016810120949894,0.0313725490196078,0.1372549019607843,0.1647058823529411,0.2039215686274509,0.9333333333333332
late_p50_tissue,test,176,0,0.36965240641711233,0.07816423822522547,0.2117647058823529,0.3176470588235294,0.3607843137254902,0.41666666666666663,0.592156862745098
late_p50_tissue,train,1097,0,0.38007042379394784,0.08239625993271103,0.1333333333333333,0.3176470588235294,0.3725490196078431,0.4352941176470588,0.9607843137254902
late_p90_tissue,test,176,0,0.8048128342245989,0.0972408542718582,0.5450980392156862,0.7362745098039216,0.807843137254902,0.8676470588235294,1.0
late_p90_tissue,train,1097,0,0.8141955779577099,0.09626740781523635,0.2901960784313726,0.7529411764705882,0.8156862745098039,0.8784313725490196,1.0
late_saturation_fraction,test,176,0,0.018909931182861304,0.007999321914621446,0.0011642456054687,0.01408729553222655,0.01922607421874995,0.02417030334472655,0.039630126953125
late_saturation_fraction,train,1097,0,0.01908614177714618,0.008421401522655005,0.0001846313476562,0.0132614135742187,0.0187515258789062,0.0244766235351562,0.0542587280273437
enhancement_mean,test,176,0,0.1290744469210592,0.05072418181473789,0.0196365196409459,0.09163574135064712,0.12900615955926314,0.1660045749074709,0.2583690002150939
enhancement_mean,train,1097,0,0.13925436228984056,0.056149652226618996,-0.0450672846685074,0.0974000305239259,0.1359718615588144,0.1767146201608826,0.3355407800053209
enhancement_std,test,176,0,0.17043572159430895,0.04458514410318623,0.0708811771419457,0.1375668563361262,0.17104679675679596,0.20170354255039286,0.2956828124727831
enhancement_std,train,1097,0,0.17627647474642194,0.043625169211677764,0.0736357838630698,0.1444918202783663,0.1776492153041143,0.2075638928309598,0.3338595455980381
enhancement_p90,test,176,0,0.37682709447415325,0.137382748127325,0.1058823529411764,0.27156862745098037,0.3686274509803922,0.48039215686274506,0.7098039215686275
enhancement_p90,train,1097,0,0.4012476093445582,0.13984812155531992,0.0666666666666666,0.2901960784313726,0.403921568627451,0.5137254901960784,0.788235294117647
enhancement_positive_fraction,test,176,0,0.8044149635023307,0.11058993111967848,0.4804211927685273,0.738087539140813,0.8212987911761204,0.8953073344259905,0.983463638620005
enhancement_positive_fraction,train,1097,0,0.812827048076281,0.10240828606469148,0.237509153100017,0.7578747696480628,0.8337202886595685,0.8899562249364802,0.9795682650947906
washout_mean,test,176,0,0.020831709410062196,0.02419541191320921,-0.0589585015803575,0.004589197085578575,0.0221523855874638,0.03683719130918973,0.0798681614598621
washout_mean,train,1097,0,0.021103850721835155,0.03584619180261383,-0.3188785514789166,0.0039417083649418,0.0210894358505423,0.0378063334727668,0.7873486898897262
washout_fraction,test,176,0,0.3467189534902642,0.10369768336451048,0.0559791981920665,0.28123869535831125,0.36642644002390956,0.41728514255987026,0.604042653687467
washout_fraction,train,1097,0,0.35076519582222954,0.10399952828459529,0.0,0.2798988487186615,0.3606181360348044,0.4211905693637157,0.9328527638505756
