variable,pc1,pc2,abs_pc1,abs_pc2
post_early,-0.3979204090923246,-0.07781303545381689,0.3979204090923246,0.07781303545381689
n_z,-0.37267136809288576,-0.2829195163204458,0.37267136809288576,0.2829195163204458
tumor_z_span,-0.34324424497418954,0.060218484932378025,0.34324424497418954,0.060218484932378025
n_times,-0.3389931940771385,-0.04910990644022782,0.3389931940771385,0.04910990644022782
post_late,-0.33847321222696597,-0.08042176323577238,0.33847321222696597,0.08042176323577238
log1p_tum_vol,-0.3100653148827811,0.29328935205713297,0.3100653148827811,0.29328935205713297
crop_height,-0.30932944756590747,0.38785014542714635,0.30932944756590747,0.38785014542714635
crop_width,-0.27954785795995574,0.4016269471523769,0.27954785795995574,0.4016269471523769
slice_thick,0.15591746140363008,0.31625929877287484,0.15591746140363008,0.31625929877287484
n_xy,-0.1358209524262091,-0.21565377722896728,0.1358209524262091,0.21565377722896728
fov_xy,-0.12781420078136102,-0.41272174174953713,0.12781420078136102,0.41272174174953713
race_white,-0.09621408886055344,-0.1219931807230449,0.09621408886055344,0.1219931807230449
race_black,0.08793404812388818,0.15700404354228628,0.08793404812388818,0.15700404354228628
age,0.06826282841702921,-0.0743725042465559,0.06826282841702921,0.0743725042465559
HR,0.05712926874423077,0.03473803698370859,0.05712926874423077,0.03473803698370859
xy_spacing,-0.033383356414474985,-0.3572598359065782,0.033383356414474985,0.3572598359065782
menopause,0.018378650248637367,-0.11308138569397785,0.018378650248637367,0.11308138569397785
HER2,0.006832371272851439,-0.009330464077504402,0.006832371272851439,0.009330464077504402
