pid,pCR,dataset,split,img_pc1,img_pc2
ISPY1_1001,0,spy1,train,1.2922227966608781,-1.1235140286104366
ISPY1_1002,0,spy1,train,1.9168853091133469,2.451065728845456
ISPY1_1003,0,spy1,train,2.761417008726528,0.5050077377902
ISPY1_1004,0,spy1,test,1.8946102184591649,-0.9597222633690399
ISPY1_1005,0,spy1,train,1.9979529948992285,0.1116399835842585
ISPY1_1007,0,spy1,train,-6.053051852079538,6.294523187883627
ISPY1_1008,0,spy1,train,-0.6444987271049567,1.1406012584960048
ISPY1_1011,1,spy1,train,3.6042703967665743,2.2685672433139783
ISPY1_1012,0,spy1,train,5.1801444694688055,-1.3572144082833906
ISPY1_1013,0,spy1,test,3.8422002831615907,2.281688418543281
ISPY1_1017,0,spy1,test,5.580522255985949,1.1643699222494193
ISPY1_1021,1,spy1,test,0.8273713852212063,-3.0384231914920345
ISPY1_1025,0,spy1,train,5.795735358021966,4.766847435304294
ISPY1_1027,0,spy1,train,0.7627644789933378,-0.22948326739560174
ISPY1_1029,0,spy1,train,4.2021990152579685,3.3501494259014057
ISPY1_1030,1,spy1,test,3.020436042277554,2.322544510046933
ISPY1_1031,0,spy1,train,4.949795203270807,0.8375233762029183
ISPY1_1034,0,spy1,train,2.4704253183093345,1.386714092276239
ISPY1_1035,0,spy1,train,4.528905942040434,-4.493572126303295
ISPY1_1036,0,spy1,train,2.0048317921539907,0.7891304366919074
ISPY1_1037,0,spy1,train,1.3637282938635231,-4.944338722885805
ISPY1_1038,0,spy1,train,-0.286772362571531,2.0295897699069783
ISPY1_1040,0,spy1,train,2.3773346333969516,-0.4095653674105275
ISPY1_1053,0,spy1,train,1.2698421311310877,1.756321720300085
ISPY1_1054,0,spy1,train,1.894575859890508,1.848958409868466
ISPY1_1056,0,spy1,train,3.8128966151337287,0.2762111573513442
ISPY1_1058,1,spy1,test,-5.086439029309414,1.179291218682452
ISPY1_1060,0,spy1,train,-0.3746980000950037,1.1450778136395527
ISPY1_1061,0,spy1,train,4.729534016057962,1.0083236343504947
ISPY1_1062,0,spy1,train,-2.341612672999497,-2.6362980335762
ISPY1_1064,0,spy1,train,5.15013661916314,3.6836355766777147
ISPY1_1066,0,spy1,train,2.2764377845320243,2.739566166231265
ISPY1_1069,0,spy1,train,7.774193190898692,6.746886256161002
ISPY1_1070,1,spy1,train,2.7186947203939194,2.594964531817328
ISPY1_1072,0,spy1,train,-5.518290538146056,2.615150398177215
ISPY1_1074,0,spy1,train,-2.4177507933294144,-0.3305897237791346
ISPY1_1075,1,spy1,train,2.8735936758149805,-0.3872387976240575
ISPY1_1077,1,spy1,train,5.538927533414667,7.363629242758209
ISPY1_1078,1,spy1,train,-1.7037425277468676,0.5608748795955403
ISPY1_1084,0,spy1,train,-2.609723824879662,-1.937446354644944
ISPY1_1087,1,spy1,train,2.089446854471467,2.6820455555599216
ISPY1_1089,0,spy1,train,3.8251599006900823,-2.6863377184056367
ISPY1_1090,1,spy1,test,1.978365077824339,2.6039101251904753
ISPY1_1094,0,spy1,test,1.8468530978411501,-0.8470914908375929
ISPY1_1096,0,spy1,test,1.9056975119241346,5.279477241819239
ISPY1_1097,0,spy1,train,2.0299581374488165,2.365313072658515
ISPY1_1099,1,spy1,train,2.0333847439464705,-2.578106491386725
ISPY1_1100,0,spy1,train,3.4576612936660123,3.285000370590015
ISPY1_1101,0,spy1,train,2.055786888148816,-2.6749932473137066
ISPY1_1102,0,spy1,test,1.4264061740143037,1.956458679237592
ISPY1_1103,1,spy1,train,-4.206192941278877,3.429268036566471
ISPY1_1104,1,spy1,train,4.380349707522495,0.0846714472936341
ISPY1_1107,0,spy1,train,0.9954553414718443,2.5908941824625686
ISPY1_1112,1,spy1,train,-0.2508103297662476,1.6706159098034392
ISPY1_1114,0,spy1,train,1.6173498240601485,-0.6822051971900909
ISPY1_1117,0,spy1,test,4.477189553708683,-0.22326486513288765
ISPY1_1120,0,spy1,train,0.06291210749714292,1.2074313692175378
ISPY1_1122,0,spy1,train,1.1768512936463742,3.0465860627958015
ISPY1_1124,0,spy1,train,3.7865211207989993,-0.7456063640560834
ISPY1_1125,1,spy1,test,2.5290010030821675,-0.4659588598483213
ISPY1_1127,0,spy1,test,1.5551713888558687,0.7963839393964981
ISPY1_1128,0,spy1,train,0.6039140718633388,-1.3804009584122134
ISPY1_1130,1,spy1,train,-2.2017913933806534,-1.529909818000068
ISPY1_1134,0,spy1,train,1.5884438608679252,-0.3749074505720054
ISPY1_1135,0,spy1,train,2.652384618624648,1.3363503532225758
ISPY1_1137,0,spy1,test,1.7857283967133155,0.08842434744730361
ISPY1_1139,1,spy1,train,1.4440436820461824,-5.237135304189249
ISPY1_1140,0,spy1,train,2.2306337068527036,-1.094611357548246
ISPY1_1141,0,spy1,train,1.7271992875600481,-1.4556737452695026
ISPY1_1142,0,spy1,test,-0.9698541979248001,-0.10804776964119486
ISPY1_1144,1,spy1,train,3.2797043347765817,1.2500479224611112
ISPY1_1145,1,spy1,test,2.085909816118095,-1.3821581114072303
ISPY1_1147,0,spy1,train,3.081068180940367,-2.22687694279272
ISPY1_1148,1,spy1,train,-0.5155515048469439,1.1627340997926545
ISPY1_1149,0,spy1,test,-0.11488775910306673,2.1931576710862863
ISPY1_1151,0,spy1,test,-0.05633179343374435,-0.8355453235022161
ISPY1_1152,0,spy1,train,3.143222338898078,1.174682949571511
ISPY1_1155,1,spy1,train,1.999666454979095,-2.668814856943671
ISPY1_1156,1,spy1,train,-6.8236972255126,7.6081499187165615
ISPY1_1159,0,spy1,train,0.6862148091833927,0.04619629791742696
ISPY1_1161,0,spy1,train,0.04996788746686789,-1.1317834867228238
ISPY1_1163,1,spy1,test,-0.9377519415004573,1.9669677264411252
ISPY1_1164,0,spy1,train,-3.9877573206976846,5.054795263326119
ISPY1_1165,0,spy1,test,3.772954274630352,-3.5898392314502243
ISPY1_1166,0,spy1,test,2.4546031101829393,1.4924356827896286
ISPY1_1167,0,spy1,train,1.4899687174327307,1.5429690795759954
ISPY1_1169,0,spy1,train,-12.87381134973843,5.191638831827926
ISPY1_1173,0,spy1,train,2.1450171059548726,-7.9644633842381545
ISPY1_1174,0,spy1,test,2.2433175106346814,-2.5030633186339153
ISPY1_1175,0,spy1,test,3.5395560214934094,0.836409321193808
ISPY1_1176,1,spy1,train,0.1798316596225624,3.990755135861521
ISPY1_1177,1,spy1,train,5.214871969061067,0.6479720185664773
ISPY1_1179,0,spy1,train,0.8240047094206051,2.429284566167027
ISPY1_1180,0,spy1,test,3.1842416420347313,0.4394918875458223
ISPY1_1181,0,spy1,train,2.762499463297585,-0.08246196482110489
ISPY1_1182,1,spy1,test,2.4041589514538293,3.8349422545724323
ISPY1_1183,0,spy1,train,-2.465744283931825,3.6445683592486877
ISPY1_1184,1,spy1,train,3.5307868932797297,-0.32297334490266627
ISPY1_1185,0,spy1,test,2.8525335833778933,0.951425327055766
ISPY1_1187,0,spy1,train,-1.656237019156514,1.4171013160758532
ISPY1_1188,0,spy1,train,-0.8416900766231612,1.4172624318518743
ISPY1_1189,1,spy1,train,3.005741951995792,1.6073376327491338
ISPY1_1191,0,spy1,train,-3.012148881947323,-0.8491293183330048
ISPY1_1192,1,spy1,test,0.6130323912229073,2.1457157167964023
ISPY1_1193,0,spy1,train,-5.78868187955619,8.820454768912997
ISPY1_1194,0,spy1,train,0.1305243913617199,-5.957154751780219
ISPY1_1196,0,spy1,train,-1.2472669655862472,-1.5757663783394276
ISPY1_1197,0,spy1,train,0.7088615387360873,0.3919956991262341
ISPY1_1198,0,spy1,train,-1.022544743141804,4.6402846449194675
ISPY1_1199,0,spy1,train,-2.2922019904193807,1.2566158564744137
ISPY1_1201,0,spy1,test,-8.890346410005991,4.456569420746172
ISPY1_1202,1,spy1,test,-1.8803371966855247,5.010243436588058
ISPY1_1203,0,spy1,test,-0.7210281731588979,-0.30925868976841525
ISPY1_1204,0,spy1,train,4.325773056925899,1.4284330303787969
ISPY1_1205,0,spy1,train,1.9491588464329377,-3.8995699984399588
ISPY1_1207,1,spy1,test,1.6506100573084939,0.6436121235272441
ISPY1_1208,1,spy1,train,-0.02653045775408712,1.5947194114100305
ISPY1_1209,0,spy1,test,-3.60590712729835,-1.0888910192789698
ISPY1_1212,1,spy1,train,2.022724104935609,-1.3311801608594516
ISPY1_1215,1,spy1,train,2.905674277677461,-1.0867027853498086
ISPY1_1217,0,spy1,train,0.311673262990625,0.21682251661917962
ISPY1_1218,0,spy1,train,-4.56426280833814,5.8155526451259485
ISPY1_1219,0,spy1,train,1.4965413740512303,0.026903444672247704
ISPY1_1222,0,spy1,train,-0.4765549656635418,-2.1713149160967706
ISPY1_1223,0,spy1,train,3.8423674828461483,4.079349578643085
ISPY1_1224,0,spy1,test,-7.286307183438884,5.6357559525864165
ISPY1_1225,0,spy1,train,-2.478346348853529,2.2639874839137932
ISPY1_1226,0,spy1,test,1.221206374588538,-0.13331671028145656
ISPY1_1227,1,spy1,train,3.3268813654780858,0.3057206119881732
ISPY1_1228,1,spy1,train,2.3699974689987893,4.531478786926482
ISPY1_1229,1,spy1,test,-0.14605278837510247,-2.7605669465014193
ISPY1_1230,0,spy1,train,-19.002003161405796,4.676423627626046
ISPY1_1231,0,spy1,train,2.5640672040580927,-1.4917558265187205
ISPY1_1233,0,spy1,train,-5.706317936191582,5.025520359185755
ISPY1_1235,1,spy1,train,-1.6965654713406277,4.550112869367234
ISPY1_1236,0,spy1,train,-7.125258326943376,8.055182863709279
ISPY1_1237,0,spy1,train,-8.531724904121612,5.7132427513147075
ISPY1_1238,0,spy1,train,0.3224943262756315,4.94624605545339
ISPY1_1239,0,spy1,train,3.529269874471125,0.9873606701771137
Breast_MRI_002,0,duke,test,-2.2995427092935925,-0.9480829872372462
Breast_MRI_005,1,duke,train,-4.060712117347337,-3.3715052272464394
Breast_MRI_009,1,duke,train,-0.3796826309985285,-3.5299800354850817
Breast_MRI_010,0,duke,train,2.231338163902211,-0.6517585882448703
Breast_MRI_012,0,duke,train,1.3341809378855864,-2.2128394911891864
Breast_MRI_019,0,duke,train,-0.5582974276165388,-0.3473226359344547
Breast_MRI_021,0,duke,train,5.39399044020921,2.5989835734283795
Breast_MRI_022,0,duke,train,1.424800704698168,4.4192264979889995
Breast_MRI_040,0,duke,train,-0.08395349254592158,3.3950433760115417
Breast_MRI_041,0,duke,train,4.238784055759625,-1.2836405623237297
Breast_MRI_043,0,duke,train,0.2701757900073568,-0.39971144914445883
Breast_MRI_044,1,duke,train,-0.5982884394321767,-5.869240976867278
Breast_MRI_046,0,duke,train,1.3207013004689032,-0.1268754214767222
Breast_MRI_048,0,duke,test,-3.5420585823325643,-0.6954240914202348
Breast_MRI_051,0,duke,test,4.4797871992059815,5.925432746407214
Breast_MRI_053,0,duke,train,-0.5953052619702516,-2.204618595641868
Breast_MRI_055,1,duke,test,1.7307617376338502,1.2391272341821191
Breast_MRI_056,0,duke,train,1.3573697148136352,2.99906081131073
Breast_MRI_057,0,duke,train,1.0033330404111238,3.003942228682994
Breast_MRI_059,1,duke,test,3.2490975626776484,1.2361408652128083
Breast_MRI_060,0,duke,test,0.7613625404973249,0.5584663542329328
Breast_MRI_061,1,duke,train,-0.309384750657859,-1.1050113300692121
Breast_MRI_064,0,duke,train,3.10856981538379,1.8761093758287746
Breast_MRI_069,0,duke,train,2.952078493902768,1.8710996495982848
Breast_MRI_082,0,duke,train,-5.998619555105405,-0.8542181826273104
Breast_MRI_086,0,duke,train,2.3045164516882926,-2.008470133694485
Breast_MRI_090,0,duke,train,0.10984437376347583,-4.080037776620915
Breast_MRI_091,0,duke,train,0.5428484739346789,1.6371583734745996
Breast_MRI_097,0,duke,train,0.8914705496725067,-1.4185301687273761
Breast_MRI_099,1,duke,train,5.593684392887847,4.916463153044952
Breast_MRI_101,0,duke,train,-2.5521517854199818,-1.8322471896249113
Breast_MRI_103,0,duke,train,-0.033218162310113236,0.3664336954153168
Breast_MRI_104,0,duke,train,0.42219302300016703,3.652207370640302
Breast_MRI_107,0,duke,train,4.929583505402022,4.81611270134357
Breast_MRI_114,0,duke,train,1.3933505138087328,1.450046802134785
Breast_MRI_115,1,duke,train,0.636244462570266,-3.0166969105693644
Breast_MRI_117,0,duke,train,1.861739585590418,-1.9507233210704302
Breast_MRI_119,0,duke,train,1.7318100792764652,0.7309857179728435
Breast_MRI_120,0,duke,test,0.512678187354283,4.8387062273773145
Breast_MRI_123,0,duke,train,1.6340816599665793,-1.465263352055199
Breast_MRI_129,0,duke,train,2.295119725121149,4.552050488681713
Breast_MRI_134,1,duke,train,1.119782186401918,-0.8145385591973592
Breast_MRI_136,0,duke,train,-1.2113463676534268,-0.1904475182012294
Breast_MRI_137,0,duke,train,-5.2958521839352315,-3.2487776583412873
Breast_MRI_141,0,duke,train,0.21111434111266986,-0.2669972843413972
Breast_MRI_142,1,duke,train,-6.620778964071265,-5.040382334230262
Breast_MRI_144,1,duke,train,-1.1602163765611733,5.98701424155649
Breast_MRI_148,0,duke,train,3.438011300383138,-3.0325063498683114
Breast_MRI_150,0,duke,train,4.900687003088718,1.818702669183345
Breast_MRI_156,0,duke,train,2.0590146334819743,-1.2202960740133135
Breast_MRI_157,1,duke,train,-1.8639307400750529,2.1388214609527143
Breast_MRI_160,0,duke,train,2.9454112086313833,1.5899059864862766
Breast_MRI_163,0,duke,train,3.247079887323819,-4.663827065484771
Breast_MRI_167,0,duke,train,3.636476107245581,3.9546594107130115
Breast_MRI_168,0,duke,train,0.721550266207706,-1.9053353625530007
Breast_MRI_176,0,duke,test,0.30305767145912776,5.664339367506269
Breast_MRI_178,0,duke,test,2.586441567035052,1.1995637390993334
Breast_MRI_180,0,duke,train,1.9302474540965557,3.3959037177036717
Breast_MRI_183,1,duke,test,0.06113421045792753,1.993639432074915
Breast_MRI_189,0,duke,train,0.8530890343428527,6.805516618124488
Breast_MRI_192,0,duke,test,-0.5928517135287862,2.8653858485100643
Breast_MRI_198,0,duke,train,-1.4190298651327222,0.7083469319039052
Breast_MRI_205,0,duke,train,1.518808622494875,1.1841590790541408
Breast_MRI_217,1,duke,train,-0.8810320592813257,-2.120428831024824
Breast_MRI_218,0,duke,test,5.460918371531799,2.913380418275541
Breast_MRI_228,0,duke,train,3.9598393631969766,2.5180304519261463
Breast_MRI_233,0,duke,train,3.976071923011385,4.09620251772821
Breast_MRI_234,0,duke,train,2.1576942226121623,1.1477021334209607
Breast_MRI_237,0,duke,train,-1.51357768792977,-0.4004531138189928
Breast_MRI_239,0,duke,train,3.0199925263247644,3.4344745088483863
Breast_MRI_240,0,duke,train,2.2774523504576414,-0.6775868599815587
Breast_MRI_244,0,duke,train,0.30754060739749645,-1.2146363182792816
Breast_MRI_253,1,duke,train,-0.6974921934503343,-1.25674033146796
Breast_MRI_255,1,duke,train,0.9590556323172802,-2.5724290608048475
Breast_MRI_260,0,duke,train,0.233151215435764,-2.894277407084006
Breast_MRI_265,0,duke,train,0.2934735575337704,4.644801547823947
Breast_MRI_268,0,duke,train,-1.1065018903165011,-2.464517765914004
Breast_MRI_269,0,duke,train,4.068517021216599,-1.2083710933279979
Breast_MRI_283,0,duke,train,0.07883493578970378,-0.641863816935429
Breast_MRI_285,0,duke,test,6.108616992232086,1.5742463900569656
Breast_MRI_287,0,duke,train,2.0190013003482123,-0.615091029300483
Breast_MRI_290,0,duke,train,0.19627722904736736,-3.1618982975782495
Breast_MRI_293,0,duke,train,0.6231079169201924,1.419820037991697
Breast_MRI_298,0,duke,train,2.218171007880271,2.139948561398797
Breast_MRI_301,1,duke,train,2.9202894485573494,2.699673135616402
Breast_MRI_303,0,duke,train,5.0322855883523605,0.2864599262886925
Breast_MRI_306,0,duke,train,-0.5302607039685128,-0.13492504851143716
Breast_MRI_307,0,duke,train,3.6388217603049564,2.833782823431511
Breast_MRI_317,1,duke,test,1.5209410590003651,1.4345741041917168
Breast_MRI_321,0,duke,train,2.224951485042113,5.579926900230035
Breast_MRI_323,0,duke,train,0.5703626741519279,-0.9941912557476262
Breast_MRI_328,1,duke,train,5.63023182386256,2.864789270873861
Breast_MRI_333,0,duke,train,-1.0079432289595716,-2.921210548808554
Breast_MRI_338,1,duke,test,2.4322169911079405,0.8977257279181539
Breast_MRI_345,0,duke,test,5.364092821834514,0.17019118502587288
Breast_MRI_346,0,duke,test,2.4117043789148296,-2.240136568408339
Breast_MRI_350,1,duke,train,4.361871526927565,0.763373302304581
Breast_MRI_356,0,duke,train,-2.05894997380176,-6.313375802957227
Breast_MRI_368,0,duke,train,-0.5407433489262103,-2.4092745158935323
Breast_MRI_372,0,duke,train,3.087494790079764,0.9516943995559207
Breast_MRI_377,1,duke,train,0.2104613491028943,0.8346334906171069
Breast_MRI_378,0,duke,train,2.1281543248955477,-1.6860002660203384
Breast_MRI_383,0,duke,train,-1.3761831760007948,-2.973644993197903
Breast_MRI_385,0,duke,train,3.958567043759798,3.8572860943170872
Breast_MRI_386,0,duke,train,0.19908536895205148,-0.014982119381255495
Breast_MRI_387,0,duke,train,3.7615326272322696,-0.1995746455278718
Breast_MRI_397,0,duke,train,1.9498860901059867,-3.2024460744046324
Breast_MRI_398,1,duke,train,-1.0457724251436396,-0.857343127074359
Breast_MRI_399,0,duke,train,4.417657974446022,3.033236239861656
Breast_MRI_400,0,duke,test,2.546645015475679,1.4441598831000417
Breast_MRI_407,0,duke,test,2.3098661242539493,-0.21975599664877984
Breast_MRI_408,1,duke,train,2.6773397534276717,-0.23303581333887155
Breast_MRI_412,0,duke,train,5.081554289918399,2.7351927127948095
Breast_MRI_414,0,duke,train,4.184586853226092,1.6662886148843332
Breast_MRI_420,1,duke,train,1.5268278293033333,2.7854320544041613
Breast_MRI_424,1,duke,train,3.248765442345364,5.10618593221455
Breast_MRI_428,0,duke,test,-3.784574983587435,-3.0867278005248866
Breast_MRI_431,0,duke,train,0.739675142766285,5.982364962932105
Breast_MRI_435,0,duke,train,2.218687372455291,1.1049480084153482
Breast_MRI_438,1,duke,train,4.12883570589525,0.02849146203361272
Breast_MRI_441,0,duke,train,2.0917293355118347,-0.8725279397644474
Breast_MRI_442,0,duke,test,3.936935852808038,4.219644697438885
Breast_MRI_444,1,duke,train,2.8241007076255844,-3.0565948446499833
Breast_MRI_450,0,duke,train,2.286710540543384,-1.0105714381395685
Breast_MRI_454,0,duke,train,-1.3123993505683789,-0.6849004841531472
Breast_MRI_464,0,duke,train,1.7434246809399108,2.241809181376805
Breast_MRI_465,0,duke,train,0.9450466936225225,0.4339093676848379
Breast_MRI_468,0,duke,train,1.5114197318636997,-1.520144602041408
Breast_MRI_470,1,duke,test,4.021597231116971,0.014138916094308753
Breast_MRI_473,0,duke,train,2.1270434028983383,3.2364652575481836
Breast_MRI_474,0,duke,test,2.8912911330213134,2.3507944994402243
Breast_MRI_480,0,duke,train,2.5150716160034805,-0.8938853104119957
Breast_MRI_482,1,duke,train,1.7605789267762744,-2.2422681291809825
Breast_MRI_486,0,duke,train,2.941545763364659,0.7538476341391218
Breast_MRI_489,1,duke,train,-0.4153069615549308,-0.671884568196849
Breast_MRI_491,0,duke,train,5.057530813709479,1.84157165353169
Breast_MRI_501,1,duke,train,0.23046898248877476,-2.79013653322705
Breast_MRI_506,0,duke,train,1.9878436935180783,2.7971299152325004
Breast_MRI_507,1,duke,test,3.7690768435640796,-0.2136157324158477
Breast_MRI_508,0,duke,train,-1.9378288253596267,-1.1264169941313398
Breast_MRI_512,1,duke,train,0.37403822439210854,0.4366064948563669
Breast_MRI_514,0,duke,test,4.092766929284324,1.4152317847064604
Breast_MRI_517,0,duke,train,6.057805127971493,1.2095255380589984
Breast_MRI_521,0,duke,train,1.9336540200581724,1.9891497154148121
Breast_MRI_525,1,duke,train,4.011096166690779,2.679019800600699
Breast_MRI_527,0,duke,train,0.7493390613743655,0.8352310312538717
Breast_MRI_530,0,duke,train,2.1845660662946305,0.8701212936078779
Breast_MRI_534,0,duke,train,1.664099747120108,3.0695601192842306
Breast_MRI_539,1,duke,train,5.866304516680923,1.1615632040213975
Breast_MRI_541,0,duke,train,-0.8915838526171199,0.2777331048531315
Breast_MRI_543,0,duke,train,-0.5465654227226406,-2.1380105692000377
Breast_MRI_545,0,duke,test,-6.123780598457678,6.881639752340459
Breast_MRI_546,0,duke,test,1.7297374881630734,-2.0151477243005558
Breast_MRI_558,0,duke,train,3.1516329103332428,-1.3181253231106764
Breast_MRI_559,1,duke,train,1.1617362623276102,1.3500972861873584
Breast_MRI_560,0,duke,train,-0.199908179495653,-0.016966020477230368
Breast_MRI_562,1,duke,train,1.446507780403789,-0.024816258220361573
Breast_MRI_567,0,duke,test,5.129485429370456,1.9140307614669183
Breast_MRI_568,0,duke,train,1.699052642992038,5.0162015978500545
Breast_MRI_573,0,duke,train,0.1779325268444649,3.354438079228929
Breast_MRI_585,0,duke,train,4.513493835221051,2.6730423674889368
Breast_MRI_590,0,duke,train,3.7368573812676735,-2.465971125425327
Breast_MRI_592,0,duke,train,4.714416331154643,2.473971900870835
Breast_MRI_595,0,duke,train,0.1752120239909247,4.542571654582021
Breast_MRI_596,0,duke,train,0.8642419538892274,0.9643072877043487
Breast_MRI_597,0,duke,train,1.432901181837763,-0.5188332733689274
Breast_MRI_600,0,duke,train,-0.49354640122975724,3.3451177429073247
Breast_MRI_605,0,duke,train,-0.33959065072803485,0.8249914191427205
Breast_MRI_607,0,duke,train,0.4054048977151474,2.2063431458205427
Breast_MRI_609,0,duke,train,3.745762038852103,0.8145905230461206
Breast_MRI_610,0,duke,train,1.8109081848564132,0.05127694166027947
Breast_MRI_612,0,duke,train,0.9955757795851663,2.6360805358634045
Breast_MRI_614,1,duke,train,1.2669430077730321,5.459329165531496
Breast_MRI_615,1,duke,train,1.5661467006505603,1.3079009333229146
Breast_MRI_618,0,duke,train,5.865680971728199,1.925284156125968
Breast_MRI_623,0,duke,train,3.2488275921758074,1.3800920594640005
Breast_MRI_626,0,duke,train,3.1981886844218534,0.32791480692364366
Breast_MRI_633,1,duke,train,0.7618089243803443,1.7228516395561277
Breast_MRI_636,0,duke,test,4.947665349480783,1.7065260879239117
Breast_MRI_640,0,duke,train,3.686122511472279,0.6046276644583829
Breast_MRI_641,0,duke,test,-1.873436177672874,-1.848684394709066
Breast_MRI_642,0,duke,train,3.164572381157795,0.6796568912993276
Breast_MRI_648,0,duke,train,3.511739855264427,-1.1182656792533574
Breast_MRI_650,0,duke,train,5.820452237889134,1.7274942987189956
Breast_MRI_651,0,duke,train,-1.151183893931268,3.006969401328199
Breast_MRI_652,1,duke,train,4.519010419636556,1.8091646010991331
Breast_MRI_656,1,duke,train,-1.2594331523585085,3.701500591652469
Breast_MRI_660,0,duke,train,0.486840494689696,1.1473491014981516
Breast_MRI_662,0,duke,train,2.919665838710683,2.2965209665461512
Breast_MRI_666,0,duke,train,2.904813608388753,3.287475174218553
Breast_MRI_670,0,duke,train,0.9930370364545863,0.8702618511928882
Breast_MRI_677,0,duke,train,0.5568743806161013,-2.1334352828854253
Breast_MRI_679,0,duke,train,-2.2675004689253124,-5.3829957969105475
Breast_MRI_681,0,duke,train,-1.06401057507347,-2.204906212078439
Breast_MRI_684,0,duke,train,2.8195165830743236,4.752842051322364
Breast_MRI_685,0,duke,train,1.3525048869793799,0.027031700397755123
Breast_MRI_687,0,duke,train,-1.02782443363354,-3.9325726114072435
Breast_MRI_693,0,duke,train,1.0430047828936222,3.7086625867799365
Breast_MRI_694,0,duke,train,4.331804345192696,-1.3432359450350686
Breast_MRI_697,0,duke,train,1.13360517614197,4.5441371937459865
Breast_MRI_705,0,duke,train,5.550469734487131,4.9377344617424
Breast_MRI_717,0,duke,train,2.165017723402361,-1.5930800189478487
Breast_MRI_718,0,duke,test,-2.9565525268688138,-4.420948334834695
Breast_MRI_723,0,duke,train,3.6857906612452016,-0.7217554839687038
Breast_MRI_724,0,duke,train,2.0712430693704715,4.872305532411214
Breast_MRI_725,0,duke,test,1.5853344423330853,3.910859249188501
Breast_MRI_735,1,duke,train,3.022279595235539,2.7737770199152627
Breast_MRI_746,0,duke,train,3.767654879305423,-1.519371643714846
Breast_MRI_757,0,duke,train,1.718372035643401,-3.0748112701850183
Breast_MRI_758,0,duke,train,4.793947512687348,2.243539647612748
Breast_MRI_762,0,duke,train,1.5094049827110247,1.5017182747276736
Breast_MRI_774,1,duke,train,1.2262993896103342,-1.2795957232787314
Breast_MRI_775,1,duke,test,2.175043997520435,0.8555795352717239
Breast_MRI_776,0,duke,train,2.9062822933267256,3.6117068169033653
Breast_MRI_778,0,duke,train,4.774588657735454,-1.1542551925921316
Breast_MRI_780,1,duke,test,0.965937325661525,0.7242616985129855
Breast_MRI_789,0,duke,train,3.115276025766314,3.8681691768987725
Breast_MRI_790,0,duke,test,3.527677309822499,4.21409949834363
Breast_MRI_805,0,duke,train,-1.0775076904890215,0.869576319071626
Breast_MRI_809,0,duke,train,4.398234038794422,1.7901747921740185
Breast_MRI_812,1,duke,train,4.57593923951124,0.6869356741899751
Breast_MRI_816,0,duke,train,3.4893824912844003,-0.6550039111187343
Breast_MRI_817,1,duke,train,-1.422259628627134,-1.713840888146983
Breast_MRI_830,1,duke,train,1.7589632343565356,2.71651271078031
Breast_MRI_831,0,duke,train,-0.5886304146059115,-3.6391904799238506
Breast_MRI_832,0,duke,test,2.921909416882207,-0.23956552542104662
Breast_MRI_836,0,duke,train,-2.1910011797357085,-2.45459983329937
Breast_MRI_839,0,duke,test,1.260809640337163,1.6205070629329201
Breast_MRI_847,0,duke,train,0.7091152441674204,3.500950665178566
Breast_MRI_850,0,duke,test,-5.335301704386437,-2.367257978429322
Breast_MRI_851,0,duke,train,1.2700944074342595,1.7725060800263577
Breast_MRI_857,0,duke,train,1.964813954562711,3.3817405083179204
Breast_MRI_860,0,duke,train,3.2566518536520763,2.388559035926212
Breast_MRI_865,0,duke,train,1.8873835366496368,-5.512177630328635
Breast_MRI_874,0,duke,train,4.904100541085737,1.7956167467354862
Breast_MRI_877,0,duke,train,6.018085259674142,2.0504819512391834
Breast_MRI_879,0,duke,train,4.232191453319411,3.187017910164696
Breast_MRI_882,1,duke,train,4.7886852220705025,3.7660735412328052
Breast_MRI_883,1,duke,train,-2.2790966280927476,1.5467104232080162
Breast_MRI_884,0,duke,train,3.926156799167874,-1.7119897377239726
Breast_MRI_885,0,duke,test,1.4048967383197564,-0.90212174696845
Breast_MRI_886,0,duke,test,2.724659509916675,1.5494087497776083
Breast_MRI_891,0,duke,train,0.8040954425789769,-1.9226498139809438
Breast_MRI_899,0,duke,train,2.088114280669526,-1.872087076547407
Breast_MRI_900,0,duke,train,-3.752114931286446,-0.3296576299950955
Breast_MRI_901,0,duke,train,-1.6920109437003235,1.9058123661432094
Breast_MRI_907,0,duke,test,-0.8001989082574865,2.674587894143324
Breast_MRI_914,0,duke,train,4.9984630714340055,-3.254823475175951
Breast_MRI_916,0,duke,train,2.3112549387621937,-2.6529234644880066
Breast_MRI_917,0,duke,test,0.5956860504746748,-3.291749279530799
ISPY2-756412,0,spy2,train,-3.9826219222518153,3.4672284871590824
ISPY2-111881,1,spy2,train,-1.0013625763028713,-3.396045627868184
ISPY2-451816,0,spy2,train,0.14656934935410493,-2.906508474790503
ISPY2-243836,1,spy2,train,0.15222948783342788,-3.50797743934757
ISPY2-402265,0,spy2,test,1.223129575425522,0.09422383867583622
ISPY2-611662,0,spy2,train,-2.771323117284844,0.7171496015626968
ISPY2-139137,0,spy2,test,0.7906501501758963,-3.122923595274972
ISPY2-685753,0,spy2,train,-6.090375660321619,1.354697285922622
ISPY2-627981,1,spy2,test,1.6923640593125098,-0.3628762761968967
ISPY2-108939,1,spy2,train,-2.1696944174101316,-0.5948757013669379
ISPY2-629210,0,spy2,train,0.5056457830485775,-3.2924762034894184
ISPY2-809037,0,spy2,train,-2.1656575803055964,4.232717895112811
ACRIN-6698-107700,0,spy2,train,-2.9486150000202427,-2.2531133582605594
ISPY2-373672,0,spy2,train,-0.8426038622895254,-4.711514575801635
ISPY2-615873,1,spy2,train,0.5673766358649607,-2.7368566699591352
ISPY2-607047,1,spy2,train,0.8389404758325552,-1.1460086220097028
ISPY2-155171,0,spy2,train,-2.8193607498581286,-3.7832326984646563
ISPY2-815421,0,spy2,train,-1.4029966720065405,-2.323261500170269
ISPY2-609897,0,spy2,train,-3.870428101272225,5.02314720862597
ISPY2-605713,0,spy2,train,-3.3853521256235695,-3.386966049048178
ISPY2-246134,0,spy2,test,-3.030191779305437,-1.581790686402823
ACRIN-6698-373346,0,spy2,train,-2.8819396600682343,5.224577107441913
ISPY2-208265,1,spy2,train,-2.7746791695532105,-2.9564970677146416
ISPY2-395076,1,spy2,train,1.7700016437508508,-0.2746989474531904
ISPY2-637752,1,spy2,train,-2.4216746048562774,-2.688598519876869
ISPY2-331192,1,spy2,train,1.3035825987657357,1.6751744548156287
ISPY2-327133,0,spy2,train,-0.789750161670685,0.03904772008379246
ISPY2-541165,0,spy2,train,0.07306856811229127,2.118620686750089
ISPY2-802778,0,spy2,train,3.19927994625676,0.39794968504667744
ISPY2-794428,0,spy2,train,2.0938768992058634,2.7770332346601476
ISPY2-625800,0,spy2,train,1.1630868026587875,-1.1543227322302547
ISPY2-613188,0,spy2,train,-3.0108605367699965,5.9598508644527906
ISPY2-159284,0,spy2,train,-0.7784390707924719,-2.1751495401960157
ACRIN-6698-641977,0,spy2,train,2.0927092822300533,0.4936738724094919
ACRIN-6698-326433,1,spy2,train,-1.9196654245343205,-3.751989323948417
ISPY2-539876,0,spy2,train,2.0304641889937436,-1.0967422141093253
ISPY2-109623,0,spy2,train,-2.4288688624175556,-0.26277542394935544
ISPY2-153327,1,spy2,train,4.590853661102,1.98172297728957
ISPY2-622315,0,spy2,test,-1.8073272996623602,-0.49501213797375726
ISPY2-597873,0,spy2,train,-2.942335573548474,-1.1455684610850785
ISPY2-111646,0,spy2,train,3.3535063215711642,3.049199250386683
ISPY2-574091,1,spy2,train,3.564765597760298,-1.7315495933582383
ISPY2-515284,0,spy2,train,1.8006215372853451,1.9103192003576543
ISPY2-769972,0,spy2,train,0.7485215379695078,1.575377003464237
ISPY2-494296,0,spy2,train,-0.0803606479888305,-1.1312369994785751
ISPY2-918979,0,spy2,test,2.974904802215029,-0.323292815924182
ISPY2-196024,0,spy2,train,0.25190623411049434,-3.181501275432728
ISPY2-221375,0,spy2,train,-0.09244394103505704,0.44392568072800836
ACRIN-6698-845783,1,spy2,train,0.146984367051396,-0.159916844492886
ISPY2-483910,0,spy2,train,0.40356661665626,-1.9601610400670157
ISPY2-767081,1,spy2,test,-4.4625686486187846,2.2947393742636373
ISPY2-425173,1,spy2,train,-2.7269964950981977,-2.8737540021784653
ISPY2-464547,1,spy2,train,-0.9990836076262879,-4.0038016459577515
ISPY2-847272,0,spy2,train,0.9935429605463834,-4.031423556342236
ACRIN-6698-884011,0,spy2,train,-0.7657424455351876,-4.929574473321967
ISPY2-213328,1,spy2,train,2.346557860833453,1.7665999768153418
ACRIN-6698-949444,0,spy2,train,-2.639971304802107,-3.9817269474782164
ISPY2-797639,0,spy2,test,2.3950032654589606,-0.3146436629592673
ACRIN-6698-264305,1,spy2,train,1.0352920328135071,0.47207884087972685
ACRIN-6698-277888,1,spy2,train,2.472232409635462,2.281964756686312
ACRIN-6698-753109,1,spy2,train,3.1045090001267717,1.7082999185298469
ACRIN-6698-220471,0,spy2,train,0.8143238615873566,-3.167928266583978
ISPY2-494946,1,spy2,train,0.3917538318759129,-2.618834652522684
ISPY2-326202,0,spy2,train,0.8058349462496286,-0.473643584610076
ACRIN-6698-266840,0,spy2,train,-4.255832035493047,-3.4099743780605327
ISPY2-873686,0,spy2,train,2.2974361482449432,0.9681105661753241
ISPY2-916586,0,spy2,train,-0.1163664001080971,0.8730623009974449
ISPY2-456506,0,spy2,test,2.322830895082747,0.12598009438551586
ISPY2-452703,0,spy2,train,1.4143064462295958,-4.287687813139939
ACRIN-6698-220925,0,spy2,train,0.7042361432649403,-3.2934553163842644
ISPY2-120001,0,spy2,train,-17.36938740899582,5.469431741865665
ISPY2-131595,0,spy2,train,-1.1383772973166308,-1.15052792944852
ISPY2-167271,0,spy2,train,-6.035291245833821,2.068420307507254
ISPY2-166412,0,spy2,train,-1.5382301797111737,-3.4456340954942717
ISPY2-884266,0,spy2,train,1.6736896122061318,-3.82466583433764
ISPY2-604199,0,spy2,train,-0.3355438884058381,-3.37998442107886
ACRIN-6698-689480,0,spy2,train,1.31663310692349,0.7649809568827459
ISPY2-146033,1,spy2,train,1.1409080695125267,-2.3272784548733996
ACRIN-6698-564701,0,spy2,test,1.5373051078904345,-2.9956999126995583
ISPY2-498024,0,spy2,train,1.0062475580531436,1.0121024429701022
ACRIN-6698-641697,0,spy2,train,-5.074453790423024,0.9637769062162479
ISPY2-672734,0,spy2,train,1.168315266957086,-0.9778496292388974
ACRIN-6698-522140,0,spy2,train,-9.209398097814319,3.8034043158443906
ACRIN-6698-413211,0,spy2,test,-1.1044773716020946,-1.47954883620773
ISPY2-279902,1,spy2,train,-3.877850139122136,3.4327287567409885
ACRIN-6698-638126,0,spy2,train,-0.16600989531854768,-0.016138729971422818
ACRIN-6698-306401,1,spy2,test,3.194863110493787,1.7633302076074637
ACRIN-6698-571995,0,spy2,train,-2.59340266668271,-3.103398229609236
ACRIN-6698-506623,0,spy2,train,1.866432697508585,-0.4253371542726956
ISPY2-498985,0,spy2,train,-1.4509138527072047,-3.792170423891588
ISPY2-240035,0,spy2,test,2.1405930886895743,0.5073936048242252
ISPY2-172168,0,spy2,train,-0.6069642693440813,-1.1515876054564995
ISPY2-104384,0,spy2,train,-0.031034173270749078,1.6927892632699848
ISPY2-828199,0,spy2,train,0.12471819306753541,-2.0004109914450923
ISPY2-613961,1,spy2,test,-3.236874272834926,-0.5957238335678877
ISPY2-436371,0,spy2,test,0.18872901846353163,-0.47022201694300586
ISPY2-342142,1,spy2,test,-4.191130001935863,3.5607831427406627
ISPY2-554577,0,spy2,train,0.5427962857173482,-1.4676027181527571
ISPY2-570685,0,spy2,train,-9.643810955342179,3.9980028715366833
ISPY2-986734,0,spy2,train,2.5744058802131016,-0.6764428218537581
ISPY2-999264,1,spy2,train,-2.9004495813874946,3.3192816178846885
ISPY2-786003,1,spy2,train,0.7113483577285425,-0.46429804092634397
ISPY2-311455,0,spy2,train,0.042476960025131,-2.699242909739861
ACRIN-6698-663144,0,spy2,train,4.332234588800658,1.023816340849302
ACRIN-6698-960029,0,spy2,train,3.047653438035648,0.9651601759202444
ISPY2-802105,0,spy2,train,-2.7215770225991176,-3.422609640464732
ISPY2-623569,1,spy2,train,-2.9870059609844035,-0.5584337545929938
ACRIN-6698-618717,0,spy2,train,-4.276516633444302,-2.714595936810001
ISPY2-493775,1,spy2,train,-1.1809736436339626,2.1729208244493408
ISPY2-355292,0,spy2,train,-2.8291266235323493,-4.808438715483606
ISPY2-708387,1,spy2,train,-0.4481732017287161,-2.2104753506858836
ISPY2-257735,0,spy2,train,0.467042095000056,-1.1487186098550957
ISPY2-625854,1,spy2,train,-1.640729633153883,-1.6924332854567368
ISPY2-229824,0,spy2,train,1.0908526551607423,-0.49811461599156576
ACRIN-6698-152090,1,spy2,train,-3.0490025458088246,-1.3092340041409898
ISPY2-735673,0,spy2,train,-0.2379844808739856,1.469757543550868
ACRIN-6698-460642,0,spy2,train,1.86064872655966,1.1686545025884003
ISPY2-515281,0,spy2,train,-0.9378312539537694,-2.2567138320474163
ISPY2-851180,0,spy2,train,-2.057332554369266,2.4559641350695407
ACRIN-6698-848003,0,spy2,test,1.936661709135184,-3.935391262984701
ISPY2-683457,0,spy2,train,0.7254313685427335,-0.10178257712610843
ISPY2-767934,1,spy2,test,2.4633814500791327,2.3166040594857114
ISPY2-587388,0,spy2,test,-0.04581814742529624,-2.4124538399801803
ISPY2-105513,1,spy2,train,-2.1842722792034026,3.8488086574877682
ISPY2-277848,0,spy2,train,-1.3806891980306732,-5.15443416418842
ISPY2-543795,0,spy2,train,1.832629033482463,-0.7947103994907314
ISPY2-122579,0,spy2,train,-0.34474729951908095,-5.033944167158577
ISPY2-518000,0,spy2,test,0.8558447089969885,1.3056105160032807
ISPY2-501303,1,spy2,train,0.009535309708448481,-4.495974608549244
ACRIN-6698-139973,0,spy2,train,0.8831674664183811,-2.5493405699445133
ISPY2-778527,1,spy2,train,1.369506511848254,-1.0214939312780107
ACRIN-6698-345907,0,spy2,train,-0.9519318486032537,-0.5133626026307352
ACRIN-6698-963604,0,spy2,train,-4.607420092603469,-0.5875717057874799
ISPY2-571276,0,spy2,train,-4.837845239581533,2.862437198647113
ACRIN-6698-861745,0,spy2,train,1.2979277448383182,-3.435522088174894
ISPY2-517446,0,spy2,train,1.3984198301248552,0.2260711975251409
ISPY2-528479,0,spy2,train,1.8318991979792016,-4.422210044035593
ISPY2-431061,0,spy2,train,-0.8112737948295808,5.085087904478898
ISPY2-168044,0,spy2,test,-1.6324701160947714,-0.519398804212378
ISPY2-227832,0,spy2,train,-0.3472452967951735,-2.482883353549429
ACRIN-6698-724384,0,spy2,train,-4.511073103588474,-0.7920087274331558
ISPY2-621179,0,spy2,train,-1.5451665556253313,1.2715683295160896
ISPY2-568953,0,spy2,train,1.5430975971176095,2.8759626708264068
ACRIN-6698-779739,1,spy2,train,3.1342844010193036,-0.035891866224846705
ACRIN-6698-863161,1,spy2,train,1.9704941131997111,-2.150360440564996
ISPY2-247641,0,spy2,train,2.542040940479089,4.129847620310262
ISPY2-495440,0,spy2,train,-5.300695032234409,-1.2423299870913203
ISPY2-679787,0,spy2,train,1.497435308837065,-0.560572429783407
ISPY2-910188,0,spy2,train,0.05409949263929357,1.1660540486215514
ISPY2-141782,0,spy2,train,0.8650914707460805,1.3505391622942704
ACRIN-6698-401215,0,spy2,train,0.9998929254204515,2.476389285430459
ISPY2-683173,1,spy2,test,0.6113684946178939,0.7548862740651211
ISPY2-102011,1,spy2,train,-6.037895556558298,2.8503255331358868
ISPY2-703401,0,spy2,train,-2.9462889743784433,0.00020593528675938336
ISPY2-664658,1,spy2,train,-0.8917539991207928,-3.3131012497866066
ISPY2-345460,0,spy2,train,3.5305977556657453,3.0279020133426577
ISPY2-999733,0,spy2,train,-1.0420275400455097,3.775650990073938
ISPY2-689188,1,spy2,train,-1.837766368553688,2.748748919244369
ACRIN-6698-285339,1,spy2,train,-1.100786212645882,-2.309088668008017
ISPY2-164468,0,spy2,train,-5.384073106391295,0.6155662802359253
ISPY2-473365,0,spy2,train,-7.335715306360378,-0.1162527203014124
ACRIN-6698-843554,0,spy2,test,-6.087430851827767,2.062391921115636
ISPY2-467622,0,spy2,train,-2.984001934516686,-3.41209660571316
ISPY2-483667,0,spy2,train,0.7516929862898383,3.642950372471241
ISPY2-798604,1,spy2,train,0.3232328553319747,3.9610344224144214
ISPY2-532183,0,spy2,train,-0.8580920083934505,-5.130070075781363
ACRIN-6698-432114,1,spy2,train,1.8250438194996386,-1.8006218276168207
ISPY2-804233,1,spy2,test,-7.6496888350641274,4.146800896645182
ACRIN-6698-474874,1,spy2,train,1.7675748254168018,-1.5670942777556283
ISPY2-614434,1,spy2,train,-1.3079355298886928,3.483897592452583
ISPY2-521860,0,spy2,train,0.9885662951751419,-2.46170614884884
ACRIN-6698-793155,0,spy2,train,1.4136181443021405,2.8470224090442775
ISPY2-484894,0,spy2,train,0.7477234896836128,-1.3435656625947465
ISPY2-242370,1,spy2,train,-4.643548453377321,-1.4901758265640406
ISPY2-273691,1,spy2,train,1.9288472114665738,0.6274068781348994
ISPY2-618240,0,spy2,train,-0.6255069945638366,-0.014885158647265246
ACRIN-6698-490805,1,spy2,train,-2.5464325280661506,-2.2108067338292123
ISPY2-250274,0,spy2,train,0.28363203490450734,4.094637065620557
ACRIN-6698-239910,0,spy2,train,0.03551534678001315,-3.8368080820945165
ISPY2-356399,0,spy2,train,-0.28135515742711603,-2.521564687219877
ISPY2-972307,0,spy2,train,-0.1496145419135895,-1.336622518717352
ISPY2-540539,1,spy2,train,2.1018019048567815,2.603030680436457
ISPY2-294265,1,spy2,train,1.3897854778372525,-0.6501408819804315
ISPY2-891645,0,spy2,train,1.9974679958003412,2.7039253590015835
ISPY2-527581,0,spy2,train,1.3327044182312193,1.382024770135374
ISPY2-371528,0,spy2,train,-0.8568912632833887,0.317641107206542
ISPY2-410083,1,spy2,train,2.893520562709746,4.325206564354638
ISPY2-199960,0,spy2,train,1.1715878269635416,-3.392761808356411
ACRIN-6698-227055,0,spy2,train,0.8506650398319664,-1.3699518619211095
ISPY2-830486,0,spy2,train,4.088589386684845,-0.1894082471791344
ACRIN-6698-786753,0,spy2,train,2.433681480483544,0.35786227750435035
ACRIN-6698-253531,1,spy2,train,0.3615189721082498,-3.229628849215375
ISPY2-510543,0,spy2,train,1.6058031559428771,-2.2405659666016233
ISPY2-591180,0,spy2,train,4.4058955784628795,3.5702701285792515
ISPY2-766301,0,spy2,train,-2.0699085126853234,-1.9326821875777576
ISPY2-590299,0,spy2,train,0.6537474333125121,0.9270448695862178
ACRIN-6698-580541,0,spy2,test,-0.4777941322125226,3.8417148035299307
ISPY2-690410,0,spy2,train,-2.150316294280027,-3.6877300154503336
ACRIN-6698-654064,0,spy2,train,0.7701399550204469,-2.4718816604677607
ISPY2-614044,0,spy2,test,-2.439236473666755,-1.4646935629887097
ISPY2-791321,0,spy2,train,-1.80632755942898,0.6993899498301112
ISPY2-213672,0,spy2,train,0.9590111058345634,-1.9939832624829898
ISPY2-550421,0,spy2,train,-1.6261309111899722,-2.0760634137856386
ACRIN-6698-929391,0,spy2,train,-1.3520451079955198,3.1913353842061385
ISPY2-477994,1,spy2,train,-0.31437872297931824,-4.66572180903001
ACRIN-6698-913527,0,spy2,train,-0.5944326975626186,-3.834915584443008
ISPY2-259899,0,spy2,train,0.9535972063714997,-3.059522418170586
ISPY2-676630,1,spy2,train,2.3370558167268767,-0.29178382114322854
ACRIN-6698-894673,0,spy2,train,5.477353805776845,1.3828486524488928
ISPY2-622688,1,spy2,train,-0.06567329313680503,-1.6700453097368695
ACRIN-6698-870077,0,spy2,train,-3.9090294810354567,0.4825740282260447
ACRIN-6698-866660,0,spy2,train,-2.907808600521961,-2.010107191892805
ISPY2-177795,1,spy2,train,3.137438596747203,-0.33458462825426105
ACRIN-6698-685795,0,spy2,train,-1.3988300485352216,0.655425644580375
ACRIN-6698-218503,0,spy2,train,-4.689146896352783,2.882654951465284
ACRIN-6698-802308,0,spy2,train,0.7755148743799759,0.6823914379893141
ISPY2-741535,0,spy2,train,-5.616029828024209,-4.641103521642295
ISPY2-550157,1,spy2,train,0.06403475631078476,3.5915193507272956
ACRIN-6698-317402,0,spy2,train,0.012994867286289563,-2.3204275996631134
ACRIN-6698-188700,1,spy2,train,-3.5623368719482733,-0.46597285329122085
ACRIN-6698-547892,0,spy2,test,-7.34086740790465,5.089523360121109
ACRIN-6698-738041,1,spy2,train,-0.5356920374520213,-3.1401623847131397
ISPY2-658541,0,spy2,test,1.510460285110162,0.3006927250654145
ACRIN-6698-900959,0,spy2,train,2.065569063618692,-1.3272387808893529
ISPY2-130892,1,spy2,train,-0.2506566109584107,0.8259041974844096
ISPY2-893874,1,spy2,train,-3.460503504831724,2.005884964902361
ACRIN-6698-618860,0,spy2,train,-0.59951471496445,1.1701855738027747
ACRIN-6698-628788,0,spy2,train,1.4125339571349007,-0.28823711898670024
ISPY2-504838,0,spy2,train,2.7771611356001276,-1.93121553832312
ACRIN-6698-794128,0,spy2,train,0.5007455760442848,-0.427854678470188
ACRIN-6698-882553,0,spy2,train,0.6048353596224756,1.739155550652016
ISPY2-732137,0,spy2,train,1.5650946331100413,-3.06639069572498
ISPY2-332655,1,spy2,train,0.06865007564694235,-3.223898570297027
ISPY2-845147,0,spy2,train,-1.2193239896876507,-2.4244069514157043
ISPY2-122287,1,spy2,train,-0.6563659950182741,-1.5683889636634731
ISPY2-535415,1,spy2,train,-4.06579022308575,-2.6993597132575373
ACRIN-6698-342959,1,spy2,train,1.829472370780929,0.08117993790472823
ACRIN-6698-971492,0,spy2,train,-2.575581118648351,-1.2640956929477012
ISPY2-894491,0,spy2,train,-2.9358807172574792,4.133539453224081
ISPY2-489194,1,spy2,train,-0.8044739944211708,0.6959391198925726
ISPY2-300724,0,spy2,train,0.6830400304950031,-1.1980511309610768
ISPY2-674897,0,spy2,train,0.6173045764828963,1.056750905421691
ISPY2-729732,0,spy2,train,-2.5382215116335063,-0.853531437488488
ACRIN-6698-635632,1,spy2,train,2.478420112797164,2.4152600621071483
ISPY2-509012,1,spy2,train,-0.4186269033119575,-3.3939853218657876
ACRIN-6698-991818,1,spy2,train,-0.666864426715769,-0.9796678160164983
ISPY2-290413,0,spy2,train,1.7245257936101257,-1.5184714659656733
ISPY2-319324,0,spy2,train,2.1944441561443444,2.1395388075852395
ISPY2-157270,0,spy2,train,-2.147170831033765,-0.7789371119373246
ACRIN-6698-748611,1,spy2,train,3.368204087115219,-1.1670114424835223
ACRIN-6698-587604,0,spy2,train,-1.0431992124581975,-1.949517480432379
ISPY2-943879,1,spy2,train,2.284983156999886,1.6112171136524844
ISPY2-601489,0,spy2,train,-1.8747143332738974,-3.8055338045970397
ISPY2-917762,0,spy2,train,-2.1778336813164527,-2.8484146710480265
ACRIN-6698-516834,0,spy2,train,-0.20655709738055802,-2.356199827220187
ISPY2-567201,1,spy2,train,-5.7845408649743835,1.1525993497082667
ISPY2-318407,0,spy2,train,-2.3703116461314813,-3.0930412099491478
ISPY2-233962,1,spy2,train,0.05295065355799004,-2.120512281039915
ISPY2-473505,0,spy2,train,1.1135613467064858,0.3788863981801098
ACRIN-6698-689452,0,spy2,test,-1.4557778962203212,-4.712821406448691
ISPY2-935460,0,spy2,train,1.3298116080908637,-2.3934771207231376
ISPY2-712917,1,spy2,train,3.472140931110232,0.8961989856782911
ACRIN-6698-609151,1,spy2,train,-3.9436829471806196,-3.178812576073762
ISPY2-552313,1,spy2,test,-0.17537864603532893,0.15409281655080406
ISPY2-181442,0,spy2,train,-0.41701434064857823,-4.541394262693858
ACRIN-6698-145777,0,spy2,train,-1.568726607964764,-0.8139826772966329
ISPY2-254060,1,spy2,train,1.2837722389896418,-2.704878440453448
ISPY2-411806,0,spy2,train,-4.310848399521489,-0.7096393631363297
ISPY2-491779,1,spy2,test,2.0942298903598733,-0.06616475794769301
ISPY2-575457,1,spy2,train,-2.553343387786639,0.21784406824348035
ISPY2-180663,0,spy2,test,0.6176682430057682,-0.29393333045249237
ISPY2-415039,0,spy2,train,0.22079312700991582,-2.4025420961204715
ISPY2-138425,1,spy2,train,-2.678745067389844,0.22336192665229843
ISPY2-783771,0,spy2,train,-2.281455224552,-0.2461059508444987
ACRIN-6698-293142,0,spy2,train,1.6740957454612824,0.5816081749072246
ACRIN-6698-706639,0,spy2,train,3.1029295107472854,2.436647505864187
ISPY2-930853,1,spy2,train,0.007799743218066753,-1.2384455114284567
ISPY2-303685,1,spy2,train,2.41450903963497,5.599942311593019
ISPY2-930172,0,spy2,train,-3.5261978083429923,-3.83012140678455
ISPY2-289107,1,spy2,train,0.8828526258438912,-0.31863148160589766
ACRIN-6698-563681,0,spy2,train,-2.0060814487749483,-2.4137135258985727
ISPY2-848371,1,spy2,test,-2.0562036775192607,-0.7667919404118183
ISPY2-960490,1,spy2,train,-1.0861402047986461,-2.910650597636975
ISPY2-810965,1,spy2,train,0.8948386439452003,-4.076471711534267
ACRIN-6698-409288,0,spy2,train,3.217055992602937,0.3496639962737539
ISPY2-282777,0,spy2,train,-3.295079848216232,-1.6311210015627504
ACRIN-6698-774840,1,spy2,train,-3.0555409846538626,-0.09034774510219203
ACRIN-6698-301665,0,spy2,train,0.8946851198068361,0.21214584451892138
ISPY2-930903,0,spy2,train,1.2324502137927265,-0.9452020892420673
ISPY2-489973,0,spy2,train,1.8932830476027427,-2.564678245596473
ISPY2-714205,1,spy2,train,2.2670382643977636,1.2562305132548548
ACRIN-6698-831848,1,spy2,train,-4.769051319715325,4.557262243458733
ACRIN-6698-323721,0,spy2,train,-2.858063397450282,4.122528519481335
ACRIN-6698-275626,1,spy2,test,1.851658279362857,-2.0113042495365794
ACRIN-6698-296123,1,spy2,train,0.0023675052903502744,-1.9969265259044333
ISPY2-906795,0,spy2,train,1.5897802619451296,-0.5491915365396016
ISPY2-212307,0,spy2,train,1.5470954980786713,0.24821729567723338
ISPY2-229328,0,spy2,train,0.4428162710194023,1.3934731582794948
ISPY2-333145,1,spy2,train,2.322466837460163,-2.534367455933583
ISPY2-912836,0,spy2,train,2.3185411536748064,1.3790783688614179
ACRIN-6698-661730,1,spy2,train,-7.391749851693801,0.006993439261195181
ISPY2-572016,1,spy2,train,-0.7973219648946175,0.4628933828893918
ACRIN-6698-202535,0,spy2,train,0.39674439321354843,0.7035625217102186
ISPY2-478055,0,spy2,train,-0.5503792007455068,0.903936619117711
ISPY2-347516,0,spy2,train,-0.5761181170023536,0.06284482571714028
ACRIN-6698-399478,1,spy2,train,1.9443371228755264,1.3198643348553896
ISPY2-395249,0,spy2,train,1.182893043295868,3.2955131034568623
ISPY2-759418,0,spy2,train,2.185801084121381,-2.622382018310036
ISPY2-200222,0,spy2,train,0.5588914353640879,-0.9416307127506308
ISPY2-651401,0,spy2,train,1.4857249740562333,2.4293552327918277
ISPY2-924812,0,spy2,train,2.630265947373295,-0.5653373305062109
ISPY2-555214,1,spy2,train,2.7602421478614816,0.641289196529984
ACRIN-6698-296841,1,spy2,train,0.9692949044835114,2.3419400814481257
ISPY2-604380,1,spy2,train,-2.017905257312355,0.3374960108409713
ACRIN-6698-683896,0,spy2,train,-3.701682830302128,1.010310406434315
ACRIN-6698-356431,1,spy2,train,2.622675873319869,-1.685473795012718
ACRIN-6698-879224,0,spy2,train,-2.3492925961397773,-0.5194821797881972
ISPY2-752469,0,spy2,train,-1.4300552156818898,-2.3665214894447715
ACRIN-6698-116603,0,spy2,test,-3.9629983498626706,0.46945592726182983
ACRIN-6698-664111,1,spy2,train,-0.9610381254312563,1.2551091705265331
ACRIN-6698-973837,0,spy2,test,0.8914649724818011,0.8605848310468308
ACRIN-6698-760901,1,spy2,train,0.5193946375323591,-0.8730936337642449
ACRIN-6698-165925,0,spy2,test,-0.8965175318139327,-0.09129867856616704
ISPY2-313243,1,spy2,train,1.480707394972232,-3.4730447148254013
ISPY2-701790,0,spy2,train,-1.7632821752925147,1.2450641411715773
ISPY2-375455,0,spy2,train,1.8037859882104026,-4.42672253872256
ISPY2-899381,1,spy2,train,-0.49822906017489077,-1.5251602478250779
ACRIN-6698-430441,0,spy2,test,-0.21140421947697832,-0.12536784406939797
ISPY2-329941,1,spy2,train,-2.7044972515953023,2.8853304217001234
ISPY2-820348,0,spy2,train,-1.5483967714521145,-1.84118878980041
ACRIN-6698-748583,0,spy2,train,-2.0205080034528837,0.7712793039970487
ISPY2-218249,0,spy2,train,1.1265599073126922,1.183118898466231
ISPY2-655703,0,spy2,train,2.4471849779378028,-0.7412933885795485
ISPY2-201831,1,spy2,train,-1.4822833618201507,1.2851107894057867
ACRIN-6698-938719,0,spy2,train,-2.441593177834693,1.0261374457100925
ISPY2-728287,1,spy2,train,-0.5895845753883628,-3.60016739716491
ISPY2-687733,0,spy2,train,-0.5187656645841877,-3.3310609377077935
ISPY2-646233,0,spy2,train,-0.5515242949762673,-0.19175346064950885
ISPY2-831702,0,spy2,test,-0.6473654465326948,3.9807713479564812
ACRIN-6698-275034,1,spy2,train,-5.210264400121482,1.773677342813356
ACRIN-6698-219545,0,spy2,train,2.6922172729152622,1.2783245852731222
ISPY2-367682,0,spy2,train,-0.6070988715949903,-0.29993464930042696
ACRIN-6698-982086,1,spy2,train,1.8813305059076593,-0.8683836812012002
ACRIN-6698-102212,0,spy2,test,-2.1582394700153924,-1.8747742140979136
ACRIN-6698-108969,1,spy2,train,-2.914943105748744,3.1404504956668564
ACRIN-6698-721099,0,spy2,train,-2.605090786749224,-1.1700729194347819
ACRIN-6698-397505,1,spy2,train,-0.3704889676994267,-2.0130231955423095
ISPY2-268937,1,spy2,train,0.7521613303323431,2.855239060732142
ISPY2-109874,1,spy2,test,0.9755507288247129,0.5028022875694586
ISPY2-473468,0,spy2,train,-1.1235797512449985,-1.6670646446343547
ACRIN-6698-896852,0,spy2,train,-1.1257715083020536,0.2987303725226061
ISPY2-965265,0,spy2,train,0.3215845477475063,-0.21609194123769382
ISPY2-153880,0,spy2,test,1.9442320888287292,0.7864457515229979
ACRIN-6698-992609,1,spy2,train,-0.45840740416209996,-3.5749805057480204
ACRIN-6698-653927,1,spy2,train,-2.87976386521681,-0.8204394279372098
ISPY2-676365,0,spy2,train,-0.7828247681824694,-0.4881276973956085
ISPY2-458196,0,spy2,train,2.5206813650517694,0.1958461594748508
ISPY2-423979,0,spy2,train,0.36118839619259374,-3.760204179487379
ISPY2-318293,0,spy2,train,0.2467078039096976,-3.6720846725083898
ACRIN-6698-150547,0,spy2,train,1.8918594476608743,0.3671867771589337
ISPY2-111344,0,spy2,test,3.262312210641295,-1.97156029028207
ISPY2-849605,0,spy2,train,1.1286232518893444,2.9637439312012037
ISPY2-797499,1,spy2,train,-1.2268322233118485,0.9570961930851453
ISPY2-639663,0,spy2,train,-1.7956347189265558,-3.6093348857552
ISPY2-768214,0,spy2,train,-2.0408211743019837,-0.24720818047903473
ACRIN-6698-294739,0,spy2,test,-4.364356424965735,5.86926564325006
ACRIN-6698-691753,0,spy2,train,0.7045674184192845,0.4307628041479086
ISPY2-539904,0,spy2,train,3.1411798942383333,-0.6386923423588834
ISPY2-453596,1,spy2,test,-2.078352070490733,1.945122459029194
ISPY2-997702,1,spy2,test,1.7973185662811892,-1.9371322003134859
ACRIN-6698-118307,0,spy2,train,-0.25966026333508546,-0.16531668412037936
ISPY2-706943,0,spy2,train,-2.009021129941,1.6274737389993241
ISPY2-591079,1,spy2,train,1.3882548039634717,0.7294042472622464
ISPY2-825363,1,spy2,train,1.7080256651514663,-2.8256587509361504
ACRIN-6698-955035,0,spy2,test,-4.35286707729406,-2.300776362543164
ISPY2-726091,1,spy2,train,-9.893858089833342,-0.5680853123965055
ACRIN-6698-179568,0,spy2,train,1.6233898610816218,-1.6081006811597125
ACRIN-6698-280375,0,spy2,test,-4.366760272362043,2.824729094809992
ISPY2-668752,0,spy2,train,-2.4572662103768086,-1.9792658508449439
ISPY2-568331,0,spy2,test,1.0863826723442092,0.3349728158099085
ISPY2-924895,0,spy2,train,-2.8092962964054653,-3.2683951344983266
ISPY2-125418,0,spy2,train,-1.389007190295035,1.1574233014236193
ISPY2-719713,0,spy2,train,-1.0185883534855558,2.388983986911413
ISPY2-160120,0,spy2,train,-3.818780262407258,2.961016912826532
ISPY2-920479,0,spy2,train,3.8717161050690065,-0.726051055637966
ISPY2-789497,0,spy2,train,2.487965232591546,1.9320992476756909
ISPY2-282644,0,spy2,train,-5.956436116121005,5.202017849205129
ISPY2-484867,0,spy2,train,-2.0829690756090264,-5.0966335283417195
ISPY2-342996,0,spy2,train,1.2989323333028497,-3.191653165999808
ACRIN-6698-760011,1,spy2,train,-4.019373578517281,-2.9062329475653974
ISPY2-139771,1,spy2,train,0.19871270981875114,-3.8376299940445575
ACRIN-6698-355942,0,spy2,train,-0.786677584204341,0.3384848547207384
ACRIN-6698-104268,0,spy2,train,-6.216067690083099,-0.22657975635715233
ISPY2-116165,0,spy2,test,-4.659815601124409,3.7912167508998733
ISPY2-420523,0,spy2,train,-2.552062296675752,-1.252687965031953
ISPY2-654956,0,spy2,train,-3.374572147002508,-2.5711076955120493
ISPY2-145513,0,spy2,train,-3.47843078879177,-1.4138938232517198
ISPY2-780272,0,spy2,train,1.9738169441558058,1.5091493653005819
ISPY2-419590,0,spy2,test,0.06847759829151234,0.6122583248690436
ISPY2-924868,1,spy2,train,-0.3146135205323242,2.1308069802780185
ACRIN-6698-335536,0,spy2,train,0.307257359468126,0.9787239585680524
ISPY2-957408,0,spy2,train,-2.5669609574956747,1.1982870587348502
ISPY2-125130,1,spy2,train,2.352317880139072,0.7751338275865653
ISPY2-520258,0,spy2,train,-1.1128696543367544,-5.068106108604084
ISPY2-872188,1,spy2,test,-0.8887360610201708,-0.7406282326877464
ISPY2-388581,1,spy2,train,1.3055849112386089,-2.274093345125782
ISPY2-402384,0,spy2,train,0.343249512204503,2.463182125114483
ISPY2-833536,1,spy2,train,-0.07758774033978648,-0.41008050164006715
ISPY2-896621,0,spy2,train,-2.105166252403492,0.02898320712905393
ISPY2-877463,0,spy2,train,-2.818692983341046,-2.2505208773308194
ISPY2-227881,1,spy2,test,-3.019016597407663,-0.10797858423212198
ISPY2-846156,0,spy2,train,0.3844056989646608,-0.5147296737017057
ISPY2-683374,0,spy2,train,-1.0538546854100856,-5.249668554250743
ISPY2-301968,0,spy2,train,2.7981783356602676,-2.610893018877131
ISPY2-771813,0,spy2,train,0.08641134937104208,-5.65869716183978
ISPY2-567907,0,spy2,train,2.6055649110820465,-2.2259530989781995
ISPY2-225836,0,spy2,train,-0.10131319083539717,0.07196823302096758
ISPY2-983841,1,spy2,train,3.498494804060602,-3.977993562110232
ISPY2-209397,0,spy2,train,0.9626063181332812,-1.1412220603199534
ACRIN-6698-412772,0,spy2,test,-4.258441301613205,2.8392290869766326
ISPY2-460776,1,spy2,train,2.337361068365789,3.0652884982820336
ISPY2-840501,1,spy2,test,-1.7833360178839988,-1.8690435760167736
ISPY2-932200,0,spy2,train,-2.5579484060693254,-3.698864329984853
ACRIN-6698-856159,0,spy2,train,-3.9524269955008755,0.5410043666660418
ISPY2-299840,0,spy2,train,0.8767240334188342,-1.5065200681127247
ISPY2-267306,1,spy2,train,0.3145950500263575,0.3459777498541869
ISPY2-466267,1,spy2,train,1.2517219412018434,1.7455457898524687
ISPY2-934906,0,spy2,train,0.7641627228321737,-1.5444058952014568
ISPY2-129837,0,spy2,train,1.0052314641520301,4.330702553498666
ISPY2-862244,0,spy2,train,1.23095505198295,4.49461018469173
ISPY2-455828,1,spy2,train,-1.193491012809088,-2.0088274772907093
ISPY2-239061,0,spy2,train,-1.2922826786434574,1.325668026158992
ISPY2-974618,1,spy2,test,-0.7226040689489217,2.139907700751693
ISPY2-815493,1,spy2,train,-0.2247149426025484,-2.8801280724685254
ISPY2-797427,0,spy2,train,-0.995511076981983,3.2248846308315735
ISPY2-254273,0,spy2,train,-2.877102178417533,4.214545983620977
ACRIN-6698-690089,0,spy2,train,-5.108241427798822,2.0034201944871515
ISPY2-597253,0,spy2,train,-0.24294240077504609,0.9483357321302956
ISPY2-491526,0,spy2,train,4.659980372964735,-1.5578490678031283
ACRIN-6698-598835,0,spy2,train,2.0197118341862152,-0.3379991744775567
ISPY2-103693,0,spy2,train,-1.9638228429861602,-3.8084580455231785
ACRIN-6698-839274,0,spy2,train,0.009662770643997032,-0.954183261675295
ISPY2-136536,1,spy2,train,-2.904819697394164,-1.9014482294580017
ISPY2-157463,0,spy2,train,-5.0513044229742485,0.7657638270570937
ISPY2-570148,0,spy2,train,1.0360764530245292,-2.992561064961346
ISPY2-882538,1,spy2,test,-0.3871540444703134,0.803295836587767
ISPY2-151230,0,spy2,train,-7.111612401433407,-1.22466058643765
ISPY2-380972,0,spy2,train,-3.8584375887555225,-1.1436533839519003
ISPY2-666450,0,spy2,test,-2.1270174065955305,-0.9073557057794749
ISPY2-439489,0,spy2,train,-2.8479294145719005,2.362191841037321
ISPY2-570380,0,spy2,train,1.3214282192102145,-1.2059447662594491
ISPY2-133650,0,spy2,train,1.8024473601585407,-0.9184378854159223
ISPY2-502486,0,spy2,train,-2.636614692469983,-1.8419035392015854
ACRIN-6698-987914,0,spy2,train,-9.98331358841838,5.603905303782965
ISPY2-437162,0,spy2,train,-0.8272278496485405,-2.553473298738154
ACRIN-6698-255388,1,spy2,train,0.4646976438146071,-2.0598583782868745
ISPY2-377460,1,spy2,train,-0.07044699422067686,-0.36730677832987335
ISPY2-127675,0,spy2,train,1.3145762842927362,0.08337628531780547
ISPY2-790722,0,spy2,train,1.5358302504345587,-0.9308853277508329
ISPY2-709559,0,spy2,train,-2.1230384343052773,-0.9238028001354204
ACRIN-6698-284443,0,spy2,train,-0.778217535534445,-4.127161835649791
ISPY2-923968,1,spy2,train,0.09658708353913027,0.11069081718536597
ISPY2-477816,0,spy2,test,3.3046145438809678,0.5443164867646053
ACRIN-6698-298101,0,spy2,train,1.826419353531264,-0.2634742435522513
ISPY2-151980,1,spy2,train,1.4727885938466063,2.207373984813292
ACRIN-6698-115987,0,spy2,train,-1.7786720372314326,-0.18712069132116374
ACRIN-6698-804979,0,spy2,train,3.128291183136002,-0.0345200921924224
ISPY2-632408,0,spy2,train,-4.096727170937494,0.17635268504603258
ISPY2-105286,0,spy2,train,0.9817551766734415,6.126752871894212
ISPY2-765773,1,spy2,train,2.525430979021364,0.5369525130262761
ISPY2-803514,0,spy2,train,2.669172628681234,-1.558573142575015
ISPY2-202956,1,spy2,train,-5.2288793664098945,3.8969561270585067
ACRIN-6698-144302,0,spy2,train,-2.851886442990066,-1.3437720074403194
ISPY2-362993,0,spy2,test,0.3431644060287251,3.6059048247176184
ISPY2-809649,1,spy2,train,-1.841348178842788,-0.2480307193937265
ISPY2-552549,0,spy2,test,3.223560953690567,3.4647345485758616
ISPY2-220664,1,spy2,train,-1.5900707026766412,0.6215023052946161
ISPY2-411950,0,spy2,train,0.11508085758568219,2.7511781346570636
ISPY2-114087,0,spy2,train,1.3413592312470515,-1.2322095845627685
ISPY2-240432,0,spy2,test,-0.9265682204159325,0.5414244550735439
ISPY2-414286,0,spy2,train,-1.1262299425527524,2.0543514143176034
ISPY2-301289,0,spy2,train,-1.8072441834176847,-5.0454248782127475
ISPY2-462605,1,spy2,train,2.0827112038096818,3.9235845204061315
ISPY2-697871,1,spy2,train,-0.2759993438088885,1.0812019332158942
ISPY2-442981,1,spy2,train,-3.001464038486383,-0.4284637302136184
ACRIN-6698-435279,0,spy2,train,-1.1911624090292625,1.5251229603240484
ISPY2-204939,1,spy2,train,-0.23864413197461887,-6.103603776005652
ACRIN-6698-688955,0,spy2,train,-1.639852978511329,-1.5214066992400421
ACRIN-6698-700549,0,spy2,test,0.6538525411532475,-3.4547268332918946
ISPY2-536253,1,spy2,train,1.1384093522694894,1.387044675579641
ISPY2-442669,0,spy2,train,2.803864485080463,2.225779663405753
ISPY2-147139,1,spy2,train,2.7860710357398677,1.2021281475230228
ACRIN-6698-328160,0,spy2,train,0.3180477466266799,-2.537533975325425
ACRIN-6698-860243,0,spy2,train,-3.5212592513049246,-0.10545940303584639
ISPY2-228192,0,spy2,train,1.0871359750195149,-2.5165070894115895
ACRIN-6698-284593,0,spy2,train,3.163610129649985,-2.1195369758995706
ISPY2-248255,0,spy2,train,-0.7393945421300119,-1.1004890459781156
ACRIN-6698-875089,0,spy2,train,1.7420624415540384,-1.5410793723119696
ACRIN-6698-771443,0,spy2,train,1.01634170571458,-0.2816767396093365
ISPY2-889049,0,spy2,train,0.8544753125968838,-2.5659440430837246
ISPY2-531672,0,spy2,train,-0.3757667305961105,0.630261444374421
ACRIN-6698-462582,0,spy2,train,0.6814019353066861,0.10292252124583189
ACRIN-6698-641246,1,spy2,train,-0.5538577978481213,-2.38084969651838
ISPY2-894128,1,spy2,train,3.713971722416665,1.7430718125335618
ACRIN-6698-196064,1,spy2,test,1.0939188521750776,-2.0398185783823264
ISPY2-578975,1,spy2,train,-0.9208120339932298,4.1726867642745535
ISPY2-335091,1,spy2,train,3.478073358873432,-0.23820861575764002
ISPY2-829491,0,spy2,train,3.071377443826591,0.20660063108696092
ISPY2-406190,0,spy2,train,2.424167492069698,0.005432376024369312
ISPY2-781335,0,spy2,train,0.5666027488230484,0.9096417211497778
ACRIN-6698-801641,0,spy2,train,0.3894847623198847,1.6004719654235369
ISPY2-628692,0,spy2,train,-3.90401563254839,3.011134443961758
ACRIN-6698-213913,1,spy2,train,0.16141443273443654,-0.9853670464947676
ACRIN-6698-580632,0,spy2,train,-1.3384158169075677,-4.937262454930929
ISPY2-783578,1,spy2,train,-1.0548714250937112,1.5792260664573718
ISPY2-847753,1,spy2,train,1.7692266337961546,2.4625985218548085
ISPY2-910706,1,spy2,train,1.240075421566451,-1.9528435180266768
ISPY2-553012,0,spy2,train,-5.696376566525044,3.649477035165593
ISPY2-782334,0,spy2,train,1.7947025120441316,2.9334900086114573
ISPY2-836114,0,spy2,train,1.4655970795577622,-1.2314109084192348
ISPY2-944419,0,spy2,train,1.802108370573935,-2.872728571614293
ISPY2-159352,0,spy2,train,-1.8724246341034518,-1.5307111203443085
ISPY2-374121,0,spy2,train,1.1224179832797223,-0.004008552027426506
ACRIN-6698-103939,0,spy2,train,-2.383209950499398,-3.7526143642744882
ISPY2-676048,0,spy2,train,-3.553525403577044,0.6522584508324146
ISPY2-416434,1,spy2,train,-1.2247300246905999,-3.355322259498659
ISPY2-472799,1,spy2,train,1.994656889987358,-2.226702985444162
ISPY2-178649,1,spy2,train,0.1586835526424505,-4.718083412807232
ACRIN-6698-928446,0,spy2,train,2.026057550225962,0.6170698446437991
ISPY2-245655,0,spy2,train,1.0806686104806198,-0.220926343850999
ISPY2-117707,1,spy2,train,-1.9565388109400277,-0.5722574863115706
ISPY2-553141,1,spy2,train,-1.5526786347420167,-0.7025112467537268
ISPY2-382853,1,spy2,train,-2.8333523015928965,-5.495059353182936
ISPY2-631337,0,spy2,train,-5.3648348547479365,-5.460369569074754
ACRIN-6698-516763,1,spy2,train,1.9352717952670289,-1.5785652818363847
ISPY2-685182,1,spy2,train,-4.554069021335004,-5.407393186069805
ACRIN-6698-317641,1,spy2,train,-3.032628229609935,-1.4820258772498132
ACRIN-6698-587691,1,spy2,train,2.76723874412432,-0.13289579662243547
ISPY2-174904,0,spy2,train,0.8869033877934435,1.676227470244892
ISPY2-778020,0,spy2,train,-1.0948938317293913,1.6885090517246288
ACRIN-6698-695521,0,spy2,test,-0.37167816184921076,-1.4680023993227913
ISPY2-493472,0,spy2,train,-1.1561990197285177,2.0519423590057513
ISPY2-885590,0,spy2,train,0.6300805722326188,4.203876284921783
ISPY2-443708,0,spy2,train,1.6166712420680003,0.9852035093148439
ISPY2-622078,0,spy2,test,-1.1084375028272146,-1.1953118271505612
ISPY2-627118,0,spy2,train,-6.084030240972019,1.3226944080090126
ISPY2-916645,1,spy2,train,1.010830723694481,-1.8377432252636514
ACRIN-6698-899692,1,spy2,train,-2.569211558438399,1.1878909779594877
ISPY2-427321,1,spy2,train,1.3334954685907807,-2.3016501561641345
ISPY2-581648,0,spy2,train,-1.2804847650302227,-4.440543767449961
ACRIN-6698-172366,1,spy2,train,1.0536292235827012,-3.289946259815445
ACRIN-6698-329076,0,spy2,train,-2.6345999384653656,-2.5135971118502005
ISPY2-903880,0,spy2,train,0.7228555055081488,2.4310615144311045
ACRIN-6698-146987,0,spy2,train,-1.4444454135553577,-4.700662819369389
ISPY2-913225,1,spy2,train,-1.4567241301476923,-2.715726057876072
ISPY2-201873,1,spy2,train,0.7842751349489977,-0.4932330315436765
ISPY2-345574,1,spy2,train,2.00932260561042,1.930937780679837
ISPY2-905264,0,spy2,train,-1.1841244619838318,-1.8779366871148822
ISPY2-142688,0,spy2,train,-2.6299533444038996,-4.360437198411596
ACRIN-6698-655128,0,spy2,train,-0.4176967348544559,-3.7358297862266983
ISPY2-309830,0,spy2,train,0.9610179436003784,-0.6995400951212211
ACRIN-6698-929980,1,spy2,train,-4.023702859289182,-2.6643905821757277
ISPY2-712276,1,spy2,train,-7.140181298450654,4.227554763315644
ISPY2-966016,1,spy2,train,-6.9808956475395805,4.8213283276649115
ACRIN-6698-649198,0,spy2,train,2.3696219519383184,2.9915784975456168
ISPY2-953262,0,spy2,train,0.5763632211468278,1.130349579515107
ISPY2-974181,1,spy2,train,0.1289722212511642,1.05649272213654
ISPY2-357017,0,spy2,train,-2.896810056680808,-3.14545424725721
ISPY2-380239,0,spy2,train,2.4173352804741843,0.052278573449891244
ISPY2-178815,0,spy2,train,-0.5544439618146572,-0.4702678075272435
ACRIN-6698-299962,0,spy2,train,0.31103460737720795,-0.9970110715374341
ISPY2-575372,1,spy2,test,-5.447118591263504,4.012058625928444
ISPY2-350331,0,spy2,train,-1.599372523909546,-2.31373344609681
ACRIN-6698-417474,1,spy2,train,2.2603035576443755,-4.456576228451274
ISPY2-527320,0,spy2,train,-4.949292016116889,-2.487201959432306
ISPY2-851488,0,spy2,train,0.39217589068817416,2.7746916529022743
ISPY2-535779,0,spy2,train,3.4283199323994418,0.5169614460841283
ISPY2-127791,0,spy2,train,3.1738761453440203,-2.0285359493360846
ACRIN-6698-263143,0,spy2,train,-2.8866129819644697,0.39717642523773494
ISPY2-791944,0,spy2,train,3.455263625400332,2.974654684516851
ACRIN-6698-629606,0,spy2,train,-2.1301358051758092,-2.992347323219783
ACRIN-6698-209967,0,spy2,train,-0.7362860504063049,-0.3017116985277315
ISPY2-183831,1,spy2,train,-0.7498064772726741,-3.9597619759954523
ACRIN-6698-343898,0,spy2,train,-6.36862772643403,-2.935682912018481
ISPY2-353318,0,spy2,train,-1.2042201285288407,-3.0769854255543003
ACRIN-6698-531988,1,spy2,train,-7.03262304861679,1.6255930174965498
ACRIN-6698-963303,0,spy2,train,0.5164919294072181,-3.7649616369383287
ACRIN-6698-631299,0,spy2,train,-6.117844703664594,2.1590728076274486
ISPY2-264678,0,spy2,train,0.9765620476826163,-0.35714644651187444
ISPY2-987995,0,spy2,train,2.410798762759989,-3.205013391306279
ISPY2-235995,1,spy2,train,1.1971492000675727,-1.251658247618187
ISPY2-962472,0,spy2,train,-11.021173634963944,7.283601837742337
ISPY2-624777,0,spy2,train,4.5447953331949185,1.8892052236331638
ISPY2-515141,1,spy2,train,0.7665131637173319,2.3085042948860592
ISPY2-411684,0,spy2,train,-0.21095458516123533,-2.023838559671361
ISPY2-640043,0,spy2,train,-0.24746081242458215,-0.12371714480978482
ISPY2-111004,0,spy2,train,1.737883182279973,-2.3573763722676695
ISPY2-830958,0,spy2,train,-0.22003606254642175,1.2141443703349684
ISPY2-573586,0,spy2,train,-1.9761792393587434,-5.372826348041347
ACRIN-6698-755914,1,spy2,train,-1.3686901408379244,-1.4848435579292523
ISPY2-316996,0,spy2,train,-3.413145102398203,-2.7835041897663193
ISPY2-363669,0,spy2,train,2.1963331319339843,0.05228573046405948
ISPY2-190224,0,spy2,train,3.912653389625999,-0.1989111210409108
ISPY2-461824,0,spy2,train,-7.657905578979665,3.061037672728533
ISPY2-345483,0,spy2,train,2.677546081237036,2.2619504532151025
ISPY2-479417,1,spy2,train,1.094998183527318,0.7378572325516902
ISPY2-261304,0,spy2,train,-0.02704933498792139,0.8084417451880106
ISPY2-941926,0,spy2,train,0.35578259325236916,-3.543514759306253
ISPY2-906042,0,spy2,test,-1.0336868347499333,4.094662928077253
ISPY2-988443,0,spy2,train,-1.454241034923965,-1.6404430497545484
ISPY2-180027,1,spy2,train,1.4851477649429643,-1.1168054183643357
ISPY2-845663,0,spy2,train,2.400064028763785,-0.5355841971342549
ISPY2-134526,1,spy2,train,-3.2188819237393385,0.3063658958083748
ISPY2-727804,1,spy2,train,0.4422795874791415,-2.494857000620647
ISPY2-814299,1,spy2,train,2.9480226227573962,3.6462513391690283
ACRIN-6698-654021,0,spy2,train,2.1486508872017187,-3.8195789454805187
ACRIN-6698-820807,1,spy2,train,-3.756636835821587,-3.511613702987329
ISPY2-211408,1,spy2,train,-1.5866892014366112,-5.642495742809089
ISPY2-286984,0,spy2,train,-4.064375345266512,-0.10053795806514534
ISPY2-914968,0,spy2,train,1.772040169453527,-1.7746614250173656
ACRIN-6698-289420,0,spy2,test,3.0939211953891563,-2.4072949987859262
ISPY2-192548,0,spy2,train,-5.174700297218669,1.4801884967017205
ISPY2-255078,0,spy2,train,0.6733756550745796,2.2433910446278067
ISPY2-273745,0,spy2,train,2.431031777624498,0.3305655211783943
ISPY2-374106,0,spy2,train,-1.7428323111400856,-4.605436746220715
ISPY2-890414,1,spy2,train,-0.3535951349901551,-1.470974174726227
ISPY2-604326,0,spy2,train,-1.8024313072393474,-1.3193071198494926
ISPY2-563856,1,spy2,train,2.25655208441216,-0.3525824387676539
ACRIN-6698-688291,0,spy2,train,-0.5934147886394204,-0.5076619421109234
ACRIN-6698-530095,0,spy2,train,-7.993706156727876,4.972692771391563
ISPY2-705381,1,spy2,train,-0.8770764254219292,-2.6416415313078896
ISPY2-636424,0,spy2,train,-1.1522461712595944,-3.129903652538432
ACRIN-6698-222135,0,spy2,train,1.7982342241468898,0.9425620188724565
ISPY2-349639,1,spy2,train,2.9449988629474304,2.201663309189931
ISPY2-703455,0,spy2,train,-1.572228092461964,-2.6714653797366257
ISPY2-386664,0,spy2,train,-6.249314124573391,3.8931397024765135
ISPY2-651541,1,spy2,train,2.575830458933555,2.5074606507892763
ISPY2-426106,0,spy2,train,-0.21600646396372578,-0.10296729849188216
ISPY2-981461,0,spy2,train,3.847279012522178,-0.3101319610630052
ISPY2-446263,1,spy2,train,-5.032025197772734,2.744654240685439
ISPY2-122795,0,spy2,train,-1.8936634385947746,-2.0500713558982255
ACRIN-6698-396723,0,spy2,train,-10.166622173181935,4.9787241964875895
ISPY2-313672,0,spy2,train,-1.9703038446653645,3.1046143053047337
ISPY2-500826,0,spy2,train,1.2353164410093067,3.0452911486338627
ISPY2-729270,1,spy2,train,-0.20680066321862334,-1.9241633109121663
ISPY2-666147,0,spy2,train,-0.7043251019479156,-0.7570307675273503
ACRIN-6698-179369,0,spy2,test,-0.8618739320944295,-2.843348163642163
ISPY2-982505,0,spy2,train,-1.253994650494517,2.3520516161649607
ACRIN-6698-375954,0,spy2,train,0.8897060495853529,2.2779363168004703
ISPY2-194024,1,spy2,train,-0.3615764617105697,0.4388031404553788
ACRIN-6698-320538,0,spy2,train,-2.979182441829274,0.9051413824537804
ISPY2-637051,0,spy2,train,-5.841689398301829,1.9933325085013591
ISPY2-697098,1,spy2,train,0.6162037624481794,-1.831811563272107
ISPY2-832056,0,spy2,train,1.561317296128556,-0.26033415365668305
ACRIN-6698-942017,0,spy2,train,-3.3979534304348915,-1.845035442098757
ISPY2-266509,1,spy2,train,0.3752861947404928,0.7003399332973682
ISPY2-307659,0,spy2,train,-2.322942182475894,3.4665024782532914
ISPY2-677915,0,spy2,train,1.4731482826958033,-1.01823638245318
ISPY2-100899,0,spy2,train,1.321254792818165,2.6879189003132713
ISPY2-803677,0,spy2,train,0.016452877983680822,2.920166672437705
ISPY2-233832,0,spy2,train,-5.396276732214326,-3.231577685535178
ISPY2-733276,0,spy2,train,-8.887370107828227,5.342026662529743
ISPY2-994987,0,spy2,train,1.1367144555921709,-2.7085975422088535
ISPY2-360937,0,spy2,train,-2.3567824232567367,-4.121452784003772
ISPY2-357034,0,spy2,train,2.496778239287111,2.7688362166246887
ISPY2-485637,0,spy2,train,2.4292004586553815,1.127393222364684
ISPY2-590220,1,spy2,train,1.1941434591664615,3.9852087501111906
ISPY2-405717,0,spy2,train,-0.17930982433300502,-2.079364768891521
ISPY2-640463,1,spy2,train,-0.30364435344143775,0.6980389782452218
ISPY2-650589,0,spy2,train,-1.2049220019493536,1.9985754225430574
ISPY2-291515,0,spy2,train,-0.12868257743895317,-2.1058833011928533
ISPY2-955953,1,spy2,train,0.11983700021528687,3.2290466342010005
ACRIN-6698-799149,1,spy2,train,1.0278990618463142,0.41482600989384255
ISPY2-182346,0,spy2,train,-0.8419844429041431,-1.9713110119601465
ISPY2-340186,0,spy2,train,0.5619957043034665,-2.5132338105823258
ISPY2-324021,0,spy2,train,0.7218262970143633,-3.6029550351570143
ACRIN-6698-943633,0,spy2,train,-0.918102317026536,0.16272414232861462
ACRIN-6698-429220,0,spy2,train,1.5825416762634772,-1.4728165155470003
ISPY2-640927,0,spy2,train,-0.6004130736919274,-0.8680798044291993
ACRIN-6698-901705,0,spy2,train,1.2379963961471043,-0.4013881912438061
ACRIN-6698-712785,0,spy2,test,0.8375232036629833,-0.6125410043115715
ISPY2-109980,1,spy2,train,2.8346905452437148,1.8290988353999764
ISPY2-489504,1,spy2,train,0.8732297977250346,-1.4870703393947229
ISPY2-845079,1,spy2,train,-1.5050677182110994,2.2768730307880682
ISPY2-234272,0,spy2,train,4.904387007920933,1.4776782765561336
ISPY2-706418,1,spy2,train,-2.0049547849702747,-3.4490004162934897
ISPY2-259206,0,spy2,train,-4.935197108226635,3.154935005693413
ISPY2-149654,0,spy2,train,-2.5342161929980223,-0.776657330624306
ISPY2-663197,0,spy2,train,-3.3400963187573067,0.4669675451023887
ISPY2-857165,0,spy2,train,2.2998199090370477,1.5413566782686223
ISPY2-330134,0,spy2,train,-3.062248588546727,6.6612277339737
ACRIN-6698-771151,1,spy2,train,-3.7759953260317514,-0.6318684496469107
ISPY2-646600,0,spy2,train,0.8612910618025827,-4.142696817973916
ACRIN-6698-629371,1,spy2,train,-2.759844071865085,-2.3022249977963813
ACRIN-6698-169918,0,spy2,train,-0.5423118425812022,-2.5320752076615674
ISPY2-507198,0,spy2,train,1.117941666115371,-0.4679138683141532
ISPY2-800710,0,spy2,train,-5.742941702767723,-0.45609099446049384
ISPY2-570966,0,spy2,test,-3.238161903486068,-0.5080987946588411
ISPY2-745633,0,spy2,train,0.13852866682374196,-0.10258842920531316
ISPY2-255535,0,spy2,train,0.5293964595589947,4.586470570837427
ISPY2-725455,0,spy2,train,-0.22782601052900775,1.7796633789484244
ACRIN-6698-698094,0,spy2,train,0.8958743524978936,3.4746388093573977
ACRIN-6698-734997,0,spy2,test,-2.2781031440473325,-4.955270293580949
ACRIN-6698-792181,1,spy2,train,3.523760786394163,2.29744021088806
ISPY2-934459,0,spy2,train,-0.01614881730572229,1.463232601873453
ACRIN-6698-467686,1,spy2,test,-1.8641473379059492,-2.3232949873406525
ISPY2-644186,0,spy2,test,-1.799879887881409,-2.4740710736362534
ISPY2-456432,0,spy2,train,-4.310934088772365,-2.5316750923683595
ISPY2-478484,0,spy2,test,-5.6367622215217,0.6579533127665137
ISPY2-166782,0,spy2,train,2.6612572959436407,-0.08661506092972357
ACRIN-6698-287961,1,spy2,train,1.2680626249944182,-3.1104452809360263
ISPY2-202539,1,spy2,train,-0.06754373916143687,-5.752838919213796
ISPY2-520986,1,spy2,train,2.711638940204226,1.131029866132612
ISPY2-252748,1,spy2,train,1.8562532423976503,-0.16942991300982585
ISPY2-306127,0,spy2,train,1.5361557314183432,-0.3235667471824546
ISPY2-129973,1,spy2,train,-2.24688636824434,-3.533451565270956
ISPY2-454808,0,spy2,train,-1.1982777351063847,-3.352761618571155
ISPY2-727255,0,spy2,train,1.2866239908619346,-1.8139297075694967
ACRIN-6698-597907,0,spy2,test,-1.2971291051991023,-3.2824018886345216
ISPY2-962664,1,spy2,train,0.320498396514043,-2.702889463951743
ISPY2-228340,0,spy2,train,-2.2023555856838035,-2.085383094560465
ISPY2-341238,0,spy2,test,-0.38494815998462995,-2.7864939366965142
ISPY2-759015,0,spy2,train,-2.5695568799282675,-1.3894322111634119
ISPY2-655795,1,spy2,train,-2.475420733497518,-0.7078220035921929
ISPY2-790397,1,spy2,train,5.241397590504108,-1.428570418141532
ISPY2-572731,1,spy2,train,-0.22848497263822132,-4.2512617284152086
ISPY2-644609,1,spy2,train,-0.3107936671488599,1.1486977356448373
ISPY2-459311,0,spy2,test,-6.285120870431247,3.9278577381634907
ACRIN-6698-987728,1,spy2,test,-0.2849317339629296,-0.9724049265617808
ISPY2-572235,0,spy2,train,0.5630162358233887,0.6494667382909834
ISPY2-609642,1,spy2,train,-2.4922769541955034,3.2361613403603062
ACRIN-6698-946927,1,spy2,train,1.7536275768494836,3.2875110360775572
ISPY2-950131,1,spy2,train,-3.0268174680256785,-1.7291970238255072
ISPY2-311316,0,spy2,train,-3.0553716730278055,0.0529193258086842
ISPY2-596458,1,spy2,train,3.367372076727267,1.3927693079844454
ISPY2-889721,1,spy2,train,-1.7436394453536628,-2.893571578883471
ACRIN-6698-465008,0,spy2,train,-3.834947992796439,2.78098873351407
ISPY2-865416,0,spy2,train,1.6217662856713722,2.0222864335433735
ISPY2-835658,1,spy2,train,2.4848255342763785,-0.9724453404862081
ISPY2-660915,0,spy2,train,-0.26766742069691035,0.08845178003832632
ISPY2-493519,0,spy2,train,-1.4044870733794133,-1.7433392740121745
ISPY2-318569,0,spy2,train,0.8718402607663625,-2.5470909677768403
ISPY2-819622,0,spy2,train,1.159860670807815,-1.9230157636338776
ISPY2-600536,0,spy2,train,1.590196345262935,-1.8580996882463399
ISPY2-566011,0,spy2,train,1.267030452431725,-1.5557611326295422
ISPY2-318438,0,spy2,train,-0.6373136278956847,-0.47771542685155655
ACRIN-6698-422013,0,spy2,train,-1.4136897843082668,0.22419360057413307
ISPY2-663467,0,spy2,train,-1.7908464773438366,1.533139060978373
ISPY2-823618,0,spy2,train,1.099870535525479,-2.944415576986858
ISPY2-188511,0,spy2,train,0.07071221930744552,3.769035947496287
ACRIN-6698-573919,0,spy2,train,-3.3196576263914643,-1.1295148992879673
ISPY2-660534,1,spy2,test,-2.3378571471708867,-0.009950071023245884
ISPY2-692885,0,spy2,train,-2.3296942074483433,-3.905125265701043
ISPY2-834418,0,spy2,train,2.1858650293987525,2.5927883750140777
ISPY2-602943,1,spy2,test,-2.1965422768740663,-0.5905955620111049
ISPY2-378401,1,spy2,train,2.39854797854073,1.1591734754928729
ISPY2-123660,0,spy2,test,2.2119061061150016,3.5395757695663423
ISPY2-859699,1,spy2,train,-1.5202314510690562,3.931550830298069
ISPY2-188091,1,spy2,train,-2.389002912650334,-2.0154592311373705
ACRIN-6698-736721,0,spy2,test,-2.6379221088262272,2.0159757319191836
ACRIN-6698-233191,0,spy2,train,-1.511480450185848,-2.9095699467697274
ISPY2-111674,1,spy2,test,0.8027002285521054,-0.5382940869760552
ACRIN-6698-407539,0,spy2,train,2.7324135753546517,1.0237094164144303
ACRIN-6698-511851,0,spy2,train,-2.9655356872503904,2.271268107538168
ISPY2-128051,0,spy2,train,2.5956009475420228,1.6574941814049173
ISPY2-824234,1,spy2,train,0.21571069791428601,-0.857336851465461
ACRIN-6698-283070,0,spy2,train,0.5830143181296734,-1.7183371798415652
ISPY2-229144,0,spy2,test,-0.06587293042042179,-2.5383710187843915
ISPY2-424541,0,spy2,train,1.280213661427576,-3.8296939334982194
ISPY2-542392,0,spy2,train,2.087672220406399,0.4907059703726536
ISPY2-749097,0,spy2,train,-0.8899429135386864,-1.0105400777845661
ISPY2-437968,0,spy2,train,0.7417037678172953,-3.1816206623890535
ISPY2-460812,0,spy2,train,-1.783232407854972,-3.2927840268919764
ISPY2-728714,0,spy2,train,-2.0864212047562765,-2.1986622154646227
ISPY2-413961,0,spy2,train,3.0811868619941025,1.8197717250612786
ISPY2-395379,0,spy2,train,1.3505737030468588,1.4213875716123332
ISPY2-294176,1,spy2,train,2.6361650612052987,-0.6869880860580193
ACRIN-6698-130580,1,spy2,train,0.9323199463087837,-0.23840937878715254
ISPY2-375342,0,spy2,train,0.47469108889779543,-0.47165548132001667
ISPY2-503034,0,spy2,train,-5.212936035740222,2.727653631190095
ACRIN-6698-490023,1,spy2,train,-3.286281813119979,-0.22727406308655704
ISPY2-299364,0,spy2,train,-3.075043764891298,-1.9256283188465015
ISPY2-303947,1,spy2,test,0.394344717710936,-0.022568990371848355
ISPY2-766967,1,spy2,train,-0.5298423591456977,-3.43395398159149
ISPY2-726381,0,spy2,train,1.2564039279863624,1.8886939367046967
ISPY2-841336,0,spy2,train,-0.42491583625200546,-3.183695767439271
ISPY2-589502,1,spy2,train,-8.028122968087896,3.43261085827463
ISPY2-462581,0,spy2,train,-1.8117482359040142,-3.0506122081041616
ISPY2-940186,1,spy2,train,-3.94769349595689,-0.6828398549318601
ISPY2-592535,0,spy2,train,3.6535010523065425,4.075948933303193
ISPY2-443444,0,spy2,train,1.453784422243807,-2.4616324020534206
ISPY2-492612,0,spy2,test,1.0517743829460036,0.662091221552907
ISPY2-885871,0,spy2,test,2.445062252514572,0.015116929517674972
ACRIN-6698-995480,0,spy2,train,-0.008178001923360302,-3.7774346608565517
ISPY2-528833,1,spy2,train,0.025902432377411026,-0.4435913269583167
ACRIN-6698-775346,0,spy2,train,1.266866132059184,0.5704353961371732
ISPY2-515565,0,spy2,train,3.049898778180948,4.106446525740591
ISPY2-442637,0,spy2,test,1.7321407891405947,-4.68818455270857
ACRIN-6698-408692,1,spy2,train,-2.794555552477464,-0.05626318182308248
ISPY2-497010,1,spy2,train,-0.18237396440007964,-1.6272102669786903
ACRIN-6698-805136,0,spy2,train,-2.35695593257608,-1.7189767830868297
ISPY2-238790,0,spy2,train,0.481610142556737,4.0149769874839825
ISPY2-327142,0,spy2,train,-5.247909673407406,1.9450278490456072
ISPY2-132463,1,spy2,train,-3.0200256055349057,-1.9593202758455028
ISPY2-726940,0,spy2,train,0.5081588867018918,0.1636307415140007
ISPY2-262131,0,spy2,train,-3.355007323975412,-2.113647608866788
ISPY2-792412,0,spy2,train,0.6668743720579622,-2.8788450723455647
ISPY2-517870,0,spy2,train,-2.6227558817579375,-0.7600941371026181
ACRIN-6698-652480,0,spy2,train,-2.4777415542068013,-0.6732527790715245
ISPY2-199115,0,spy2,train,3.395195899408339,2.0785897545523384
ISPY2-630758,0,spy2,train,0.3020295754312741,-2.7195122006330994
ACRIN-6698-783764,0,spy2,train,-0.14612571330689203,3.8810440105387265
ISPY2-752372,0,spy2,test,0.7032544329215435,2.620933393950877
ISPY2-549172,0,spy2,train,-1.99776795005216,-3.797419189102492
ISPY2-174903,0,spy2,train,1.3314295994821934,3.4522328588551954
ISPY2-808714,0,spy2,train,-4.687312580785669,0.057781561859029315
ACRIN-6698-928815,0,spy2,train,-2.8873644585957114,1.7591411876073317
ISPY2-241705,0,spy2,train,-3.1543456493844255,5.027222069650188
ACRIN-6698-148357,0,spy2,train,-3.4618635803710407,-3.494823120252433
ACRIN-6698-680881,0,spy2,test,-1.2314367205614822,-1.2268527940039862
ACRIN-6698-591810,1,spy2,train,-4.321296743663441,-3.7655601963391314
ISPY2-790070,0,spy2,train,-0.6961892542446911,-5.057586229842436
ISPY2-128675,1,spy2,train,-2.5517687650815346,-1.450759702328341
ISPY2-889225,0,spy2,train,-1.3822776068084381,-4.040775082127689
ISPY2-411008,0,spy2,train,-0.68279288342761,2.4671731322385577
ISPY2-723918,1,spy2,train,-1.1884409028772729,-0.9904587849055274
ISPY2-742477,0,spy2,train,1.3965801260584945,-2.0005687723707255
ISPY2-579881,0,spy2,train,-6.829432198968993,-1.4243196800700615
ACRIN-6698-162562,1,spy2,test,0.732008833179312,-4.53821170318622
ISPY2-120422,1,spy2,train,-1.1095130898327026,1.1829430728062096
ISPY2-203254,0,spy2,train,-2.755362284739216,-2.2736493597215706
ISPY2-423619,1,spy2,train,0.626730085571909,2.4004220319402285
ISPY2-349330,1,spy2,train,4.010605072871905,-0.9090640278643631
ACRIN-6698-524170,0,spy2,test,-1.8652536252433403,0.9519322986009049
ACRIN-6698-240957,0,spy2,train,-2.16251120261344,-2.5841815915714057
ACRIN-6698-584561,1,spy2,train,-0.004620709771905169,-1.70983119373201
ACRIN-6698-421917,0,spy2,train,-4.676471311062947,-3.103815375513072
ISPY2-115638,0,spy2,train,-3.6306460939802725,1.6915426840653571
ISPY2-154293,0,spy2,train,1.0924047816650604,1.7247929802321025
ISPY2-746731,1,spy2,test,-7.213767357375411,-2.765458556286637
ISPY2-282082,1,spy2,train,-1.4992561240688433,0.21205395919252729
ISPY2-433144,1,spy2,train,1.9806301333049394,2.5336893236508233
ISPY2-883886,0,spy2,train,0.8558706631959139,1.6135262218963689
ACRIN-6698-928170,0,spy2,train,-1.595150591839651,-1.4364802377292898
ACRIN-6698-520471,1,spy2,train,0.31989891355450845,-1.8205911230256553
ISPY2-172283,0,spy2,train,2.054634784770685,-0.8990592059742682
ISPY2-720065,0,spy2,test,1.6874635970622296,-3.0313019083594748
ISPY2-478655,1,spy2,train,6.003075412260216,-0.5834604387597101
ISPY2-451482,0,spy2,train,-1.3805358608979725,-1.7995341203663624
ISPY2-586091,1,spy2,train,-1.4803894211700837,-2.875987988700692
ACRIN-6698-234723,0,spy2,train,-2.427482197709818,-1.6567086935783926
ISPY2-602451,0,spy2,test,-0.3243232757582158,1.6561549258002621
ISPY2-883696,0,spy2,train,-1.7353465096263085,0.4099181112987711
ACRIN-6698-970839,0,spy2,train,1.7463018539710455,-1.9382253290152578
ISPY2-507249,0,spy2,train,0.633610250146354,0.07338952340176547
ACRIN-6698-724293,1,spy2,train,2.513796896094427,-0.1635298655755587
ISPY2-117424,1,spy2,train,-2.2816968168555505,-1.9284176008606553
ISPY2-793684,0,spy2,train,-3.3231056481979127,2.4192271357604542
ISPY2-380769,1,spy2,test,-6.559301577958053,3.484584661764274
ISPY2-572444,0,spy2,train,0.6062386626667743,2.0198255275218258
ISPY2-796558,0,spy2,train,5.575627568674635,2.3599551347465137
ISPY2-925691,0,spy2,train,-1.5776516307800394,5.398290406935033
ISPY2-414256,0,spy2,train,-0.4023393483081928,-1.383500980045108
ACRIN-6698-765671,1,spy2,train,-1.4516512063009912,-0.3747729542274181
ISPY2-990443,0,spy2,train,1.9741034807150732,3.1554894532963687
ACRIN-6698-384830,0,spy2,train,-4.72702167032712,3.3621423491432076
ISPY2-836983,1,spy2,train,-0.39351639619595047,-2.249151050494977
ISPY2-586207,1,spy2,train,-3.8502106411003827,0.8475777824276696
ISPY2-559021,1,spy2,train,-0.26784991319830237,-5.14556322524573
ISPY2-746265,0,spy2,train,-0.6025908338881093,-3.3774404045128796
ACRIN-6698-962153,0,spy2,train,-0.19311653958474018,-2.47303778542646
ISPY2-559263,0,spy2,train,0.555319582864967,-2.59675905963587
ISPY2-287300,1,spy2,train,-1.0418171086139154,-3.27985506066689
ACRIN-6698-711476,1,spy2,test,-4.887932521758794,1.036946954108618
ISPY2-944536,1,spy2,train,3.6268857069034075,-4.7012385547467765
ACRIN-6698-361701,0,spy2,train,-4.545956739640704,4.78985789545726
ACRIN-6698-924071,0,spy2,train,-5.320498075880843,4.224513887048347
ISPY2-598798,0,spy2,train,4.958936734255029,1.3528416519675834
ISPY2-231633,1,spy2,train,2.382341545372441,-0.28943817853787596
ISPY2-892390,1,spy2,train,1.661008964784374,-1.5898068176719977
ISPY2-666715,0,spy2,train,-0.9943456212069702,-1.3143785542681807
ACRIN-6698-241998,0,spy2,train,-0.5834573640160461,-0.43725687189005835
ISPY2-960963,0,spy2,train,2.283516204934377,-3.898262858693597
Breast_MRI_577,1,duke,train,1.182747466393673,3.1148711002425093
