pid,pCR,dataset,split,clin_pc1,clin_pc2
ISPY1_1001,0,spy1,train,2.1399676422671745,0.8283760428811178
ISPY1_1002,0,spy1,train,3.2474802029755288,-0.3642586988717165
ISPY1_1003,0,spy1,train,2.556070053409408,0.4297658120388552
ISPY1_1004,0,spy1,test,0.7811910558453836,1.989289409399256
ISPY1_1005,0,spy1,train,1.2914611648303298,1.9043093538430935
ISPY1_1007,0,spy1,train,2.8970305398989877,0.6528228604052204
ISPY1_1008,0,spy1,train,3.0890769540282585,-0.10212321926736645
ISPY1_1011,1,spy1,train,3.0426134444368844,0.043937467963287735
ISPY1_1012,0,spy1,train,2.2413220277841925,1.2320126101773097
ISPY1_1013,0,spy1,test,2.4085555491948694,0.6039211854151362
ISPY1_1017,0,spy1,test,2.285804239218748,0.3380012426886652
ISPY1_1021,1,spy1,test,1.3962805744271893,1.3427580332014526
ISPY1_1025,0,spy1,train,2.951085660438453,0.16772337600252057
ISPY1_1027,0,spy1,train,3.0759140053770953,1.7916848698091081
ISPY1_1029,0,spy1,train,3.007487715952,0.23368076100196725
ISPY1_1030,1,spy1,test,2.9453333163821847,0.17508064805359053
ISPY1_1031,0,spy1,train,2.495988924717089,0.3505621960871296
ISPY1_1034,0,spy1,train,0.39929990074259125,0.7064807464177055
ISPY1_1035,0,spy1,train,-0.7263994293433693,1.8961025452853484
ISPY1_1036,0,spy1,train,1.0600148460453034,2.1867236026548813
ISPY1_1037,0,spy1,train,0.14390644673529382,1.2196364052766893
ISPY1_1038,0,spy1,train,2.253368685360907,0.027790652782972484
ISPY1_1040,0,spy1,train,1.5785617342991372,1.976497493136627
ISPY1_1053,0,spy1,train,3.9649605500358334,-1.0105253667929313
ISPY1_1054,0,spy1,train,1.9434865049847723,2.8294072883942514
ISPY1_1056,0,spy1,train,1.179355930091803,1.7526439374575777
ISPY1_1058,1,spy1,test,3.6414975301075088,-0.017901612806690188
ISPY1_1060,0,spy1,train,-0.09785666738053342,2.141983385691349
ISPY1_1061,0,spy1,train,2.324724545627405,0.22231512305023227
ISPY1_1062,0,spy1,train,1.271019414218818,1.623042367477237
ISPY1_1064,0,spy1,train,2.4140514920243437,0.3507480112753005
ISPY1_1066,0,spy1,train,3.433667892668324,0.15953865067171427
ISPY1_1069,0,spy1,train,2.9443418388859945,-0.3414616357522581
ISPY1_1070,1,spy1,train,2.986096223209538,0.37505471417435254
ISPY1_1072,0,spy1,train,3.09401692833812,-0.2709337535409317
ISPY1_1074,0,spy1,train,0.8163476098782947,2.6368644223534754
ISPY1_1075,1,spy1,train,2.361412133302804,0.21239794832080597
ISPY1_1077,1,spy1,train,2.7620364659987966,-0.28382878360134883
ISPY1_1078,1,spy1,train,2.9775638606152026,0.24774307063371748
ISPY1_1084,0,spy1,train,0.06305302475123781,2.517302164842957
ISPY1_1087,1,spy1,train,2.4077467311974368,1.181749686806587
ISPY1_1089,0,spy1,train,-0.982315368046295,3.9233660200533387
ISPY1_1090,1,spy1,test,2.780492643885001,0.19114018524281526
ISPY1_1094,0,spy1,test,1.266279623170542,1.5420083509891025
ISPY1_1096,0,spy1,test,2.439286028948018,0.04599863796528325
ISPY1_1097,0,spy1,train,2.5241351920101343,0.3831615663662757
ISPY1_1099,1,spy1,train,2.0856905373514283,0.6018145091668579
ISPY1_1100,0,spy1,train,3.3443953640869566,-0.49191874513353284
ISPY1_1101,0,spy1,train,1.8427480308227417,2.259480067698968
ISPY1_1102,0,spy1,test,1.5265262675187172,2.987221411075214
ISPY1_1103,1,spy1,train,-0.875410187794484,4.623532704878104
ISPY1_1104,1,spy1,train,0.6772693570327721,1.5793769439609369
ISPY1_1107,0,spy1,train,4.137217228232186,-0.34515714230771055
ISPY1_1112,1,spy1,train,2.627078443390328,1.1123559026324221
ISPY1_1114,0,spy1,train,1.574818733820638,3.1585641234093105
ISPY1_1117,0,spy1,test,2.3299013056318283,1.7646741166354392
ISPY1_1120,0,spy1,train,3.631254426976971,0.8327061542530197
ISPY1_1122,0,spy1,train,2.3999622640514455,1.1287245417338316
ISPY1_1124,0,spy1,train,-0.928270470328847,2.5901816630386283
ISPY1_1125,1,spy1,test,1.2237714913062827,1.2671375303362853
ISPY1_1127,0,spy1,test,2.9636533307181256,0.426950075189476
ISPY1_1128,0,spy1,train,3.733009880713025,-0.8501304006282326
ISPY1_1130,1,spy1,train,4.206177237854409,-0.4083892244676953
ISPY1_1134,0,spy1,train,2.8494741025247294,0.04008818482731203
ISPY1_1135,0,spy1,train,2.8286403821365753,-0.20316217136492648
ISPY1_1137,0,spy1,test,1.9205977226134914,0.4794363869960576
ISPY1_1139,1,spy1,train,-0.11983688881089322,2.3969405983221446
ISPY1_1140,0,spy1,train,1.1690506266790768,1.805997908577244
ISPY1_1141,0,spy1,train,1.3136949843757795,2.094724981885018
ISPY1_1142,0,spy1,test,0.798043658352885,3.140459054425052
ISPY1_1144,1,spy1,train,2.481636829508131,0.5058769978713769
ISPY1_1145,1,spy1,test,0.7475540337067524,3.5017522262603102
ISPY1_1147,0,spy1,train,1.9817144596493135,0.6691442193341163
ISPY1_1148,1,spy1,train,1.5631888234092761,-0.03202921476732728
ISPY1_1149,0,spy1,test,3.085720849967546,-0.04459872477428139
ISPY1_1151,0,spy1,test,1.4331835727697664,3.166267801380779
ISPY1_1152,0,spy1,train,2.8374223423338103,-0.13868104841137363
ISPY1_1155,1,spy1,train,2.181109035550804,0.8358124966900206
ISPY1_1156,1,spy1,train,0.28250012892158394,2.9154254776685096
ISPY1_1159,0,spy1,train,2.692270269027533,1.766342898623227
ISPY1_1161,0,spy1,train,0.7656528559028074,1.2485035417645713
ISPY1_1163,1,spy1,test,3.100668755924121,0.5388314367985576
ISPY1_1164,0,spy1,train,3.22212322192487,-0.32547042921900965
ISPY1_1165,0,spy1,test,-0.9266394944213254,2.5466739925403203
ISPY1_1166,0,spy1,test,2.7053806586108577,-0.1316784868503522
ISPY1_1167,0,spy1,train,-0.5596321776775779,2.0033767252410635
ISPY1_1169,0,spy1,train,0.6458155960403545,2.9761306423440104
ISPY1_1173,0,spy1,train,0.04986015820104145,2.615053102419339
ISPY1_1174,0,spy1,test,1.19714222912716,2.494620431259433
ISPY1_1175,0,spy1,test,2.2564672202692173,0.5541434408013326
ISPY1_1176,1,spy1,train,2.5420518524053457,1.213069765894252
ISPY1_1177,1,spy1,train,3.4147063408261022,-1.1953233400228467
ISPY1_1179,0,spy1,train,2.201417189216958,1.0490890604755427
ISPY1_1180,0,spy1,test,2.094419669301503,0.31235088241148695
ISPY1_1181,0,spy1,train,0.8631343675000569,2.6116398290004774
ISPY1_1182,1,spy1,test,-0.4392712420991843,0.22984486550517347
ISPY1_1183,0,spy1,train,0.12131049892413091,3.881831594406924
ISPY1_1184,1,spy1,train,0.9417816691196672,0.6700592807806718
ISPY1_1185,0,spy1,test,1.8664157150097351,0.6062543266181484
ISPY1_1187,0,spy1,train,1.2425789417363933,4.348830336057549
ISPY1_1188,0,spy1,train,3.3644575728740675,-0.5682213152976187
ISPY1_1189,1,spy1,train,3.4230732437022064,-0.7391220478470384
ISPY1_1191,0,spy1,train,3.1823792411714398,0.651043407205616
ISPY1_1192,1,spy1,test,4.438629836070374,0.38620638166109883
ISPY1_1193,0,spy1,train,2.638340142396222,-0.2278420697631331
ISPY1_1194,0,spy1,train,-1.2985162118148053,3.6328582786372383
ISPY1_1196,0,spy1,train,1.9217246190317985,-0.20000232550093225
ISPY1_1197,0,spy1,train,0.89236040213871,1.47918733575196
ISPY1_1198,0,spy1,train,4.161353672175441,0.8730228317852124
ISPY1_1199,0,spy1,train,1.9160412569943075,1.1364908796650037
ISPY1_1201,0,spy1,test,1.2751023478946273,2.479612426015101
ISPY1_1202,1,spy1,test,2.706763819509368,0.7340375253057295
ISPY1_1203,0,spy1,test,1.2032919697543245,2.0688430314252853
ISPY1_1204,0,spy1,train,3.0095802369582314,-1.086046055916733
ISPY1_1205,0,spy1,train,-0.8227300047064948,3.5258476416635585
ISPY1_1207,1,spy1,test,3.0269764038431384,-1.4841642162207183
ISPY1_1208,1,spy1,train,0.6928821174697586,2.215262151672501
ISPY1_1209,0,spy1,test,3.6443518819408145,0.16750046676990354
ISPY1_1212,1,spy1,train,1.3475023851319596,1.429479611320446
ISPY1_1215,1,spy1,train,0.5973733540000576,1.0837266138618271
ISPY1_1217,0,spy1,train,4.006836634232985,-0.15846205357040896
ISPY1_1218,0,spy1,train,1.1549779886094904,4.147720093014039
ISPY1_1219,0,spy1,train,2.245927056154471,0.6498104326298715
ISPY1_1222,0,spy1,train,2.727589017215548,-0.5217066968235146
ISPY1_1223,0,spy1,train,3.513739480764137,-1.4616047438105637
ISPY1_1224,0,spy1,test,3.141096468090895,1.4045007571227286
ISPY1_1225,0,spy1,train,3.3323242950069285,-0.05369725604458132
ISPY1_1226,0,spy1,test,2.8610600045964127,-1.4253182725031688
ISPY1_1227,1,spy1,train,3.7316967757234423,-1.602555104250233
ISPY1_1228,1,spy1,train,0.6732223938291454,3.103342671873284
ISPY1_1229,1,spy1,test,2.4482178870981928,-0.45516009671664953
ISPY1_1230,0,spy1,train,0.6939303368002366,3.8436710244476933
ISPY1_1231,0,spy1,train,1.7785926125837106,0.4814980322037816
ISPY1_1233,0,spy1,train,2.2793103571590687,2.411259949267419
ISPY1_1235,1,spy1,train,1.654721631138085,1.7408403764529647
ISPY1_1236,0,spy1,train,3.0108503729322025,1.594785440528402
ISPY1_1237,0,spy1,train,2.061912973448174,1.56732329271073
ISPY1_1238,0,spy1,train,2.9966500379676426,0.9362077749242497
ISPY1_1239,0,spy1,train,3.4183427347197286,-0.7150914202270832
Breast_MRI_002,0,duke,test,3.922675616708756,0.4616257236426834
Breast_MRI_005,1,duke,train,2.6099675025547135,-0.09474120793712978
Breast_MRI_009,1,duke,train,2.696519056309856,-0.540954021895645
Breast_MRI_010,0,duke,train,2.554261493657855,0.33925193757189526
Breast_MRI_012,0,duke,train,0.15649554799850415,2.7819762929780536
Breast_MRI_019,0,duke,train,2.061674416986963,-1.9029922903326122
Breast_MRI_021,0,duke,train,3.4306747217134297,-0.5738919204848466
Breast_MRI_022,0,duke,train,2.2141106297470934,-1.0532592667695921
Breast_MRI_040,0,duke,train,2.021228935200668,0.5201696097341747
Breast_MRI_041,0,duke,train,2.4861114810826903,-0.2304670502090952
Breast_MRI_043,0,duke,train,2.2249704685831326,0.09844782812968306
Breast_MRI_044,1,duke,train,2.5608416139087824,-0.9671506593047093
Breast_MRI_046,0,duke,train,0.5616357607136387,1.2133416171050293
Breast_MRI_048,0,duke,test,3.4298723680958587,-0.7771907558311921
Breast_MRI_051,0,duke,test,3.905001296010754,-0.7430408448581206
Breast_MRI_053,0,duke,train,3.119070916789633,-0.023017542125174963
Breast_MRI_055,1,duke,test,3.4921161231638553,-0.4040519018872527
Breast_MRI_056,0,duke,train,2.4836838710801548,0.3459385734337798
Breast_MRI_057,0,duke,train,1.0903452474322899,1.3229897496005616
Breast_MRI_059,1,duke,test,3.811666154098743,-0.48319929618608704
Breast_MRI_060,0,duke,test,2.8507751349788335,0.8789058427632792
Breast_MRI_061,1,duke,train,1.7755077843800546,2.094662951099203
Breast_MRI_064,0,duke,train,3.0622241158601877,-0.4127528521073158
Breast_MRI_069,0,duke,train,3.2568325532040925,-0.3339597914480908
Breast_MRI_082,0,duke,train,2.3815447182691716,0.04506375819932628
Breast_MRI_086,0,duke,train,0.5958332940317714,0.8601318440839135
Breast_MRI_090,0,duke,train,-1.3603936126666962,1.8526018730817533
Breast_MRI_091,0,duke,train,1.4015509594084665,0.6375469452363643
Breast_MRI_097,0,duke,train,2.0150264354444545,0.1391252681936482
Breast_MRI_099,1,duke,train,2.5003058873877286,0.2001639195647784
Breast_MRI_101,0,duke,train,2.576755499164829,-0.752374249811888
Breast_MRI_103,0,duke,train,3.914567601215368,-1.2003803107883417
Breast_MRI_104,0,duke,train,4.276856788893207,-0.6472206891924279
Breast_MRI_107,0,duke,train,3.499549730935675,-0.4864917696846637
Breast_MRI_114,0,duke,train,3.4957111225566577,-0.185763028228516
Breast_MRI_115,1,duke,train,1.857448483799825,1.1011482988261407
Breast_MRI_117,0,duke,train,3.087335587750783,-0.25470168579053054
Breast_MRI_119,0,duke,train,0.23638768052532466,0.3854094057725791
Breast_MRI_120,0,duke,test,3.502842046710419,-0.6560987011604855
Breast_MRI_123,0,duke,train,2.926365639875587,0.9741199737619308
Breast_MRI_129,0,duke,train,3.8268345819053198,-0.40871937633220534
Breast_MRI_134,1,duke,train,3.177287268062758,-0.8300662076333494
Breast_MRI_136,0,duke,train,3.1453105521193785,0.3478102179424964
Breast_MRI_137,0,duke,train,3.2444516091114615,-0.9807933287948445
Breast_MRI_141,0,duke,train,3.5206112563897194,-1.048599025866605
Breast_MRI_142,1,duke,train,4.2763666412710535,-0.9901764261279737
Breast_MRI_144,1,duke,train,2.926638720411788,-1.4147355269360349
Breast_MRI_148,0,duke,train,0.14581392699318588,1.5629486679126356
Breast_MRI_150,0,duke,train,1.1809072008469725,2.063473159594126
Breast_MRI_156,0,duke,train,2.2304963368967945,0.02184777925040566
Breast_MRI_157,1,duke,train,2.8463703175568105,1.1560566094216493
Breast_MRI_160,0,duke,train,2.9566079301939676,1.0366046090025531
Breast_MRI_163,0,duke,train,1.478834362380595,2.12254234024478
Breast_MRI_167,0,duke,train,3.4656167205970356,0.4150578163511507
Breast_MRI_168,0,duke,train,3.552021916650617,-0.7287056085805753
Breast_MRI_176,0,duke,test,1.6448302473260235,-2.319595588509336
Breast_MRI_178,0,duke,test,2.2361642796632193,0.7847787434594962
Breast_MRI_180,0,duke,train,2.548184841706414,-0.6523369997413373
Breast_MRI_183,1,duke,test,3.458255336690963,-1.2929288670212977
Breast_MRI_189,0,duke,train,2.2927027893449785,-0.2567263112527535
Breast_MRI_192,0,duke,test,1.933917099594841,-0.5645493892855528
Breast_MRI_198,0,duke,train,1.1473968716870004,0.44129506870397794
Breast_MRI_205,0,duke,train,1.6226934744243027,1.8882021277962673
Breast_MRI_217,1,duke,train,1.089305444804559,2.8936068074364556
Breast_MRI_218,0,duke,test,2.4282524169858593,-0.3325205231097225
Breast_MRI_228,0,duke,train,2.0434185006651084,-0.7311246006474451
Breast_MRI_233,0,duke,train,3.545035227852881,-0.4942864144665535
Breast_MRI_234,0,duke,train,1.8890922969015898,0.8257321952871196
Breast_MRI_237,0,duke,train,2.196236432894829,-1.8208551623123543
Breast_MRI_239,0,duke,train,3.3220589044072772,-0.25972177253864576
Breast_MRI_240,0,duke,train,2.9417211131924077,0.17083939613892188
Breast_MRI_244,0,duke,train,3.0038088971788333,0.4827473956245748
Breast_MRI_253,1,duke,train,4.082313450879065,-0.6066713794549712
Breast_MRI_255,1,duke,train,1.3269783528342967,2.2498758359787625
Breast_MRI_260,0,duke,train,2.7402139303242867,0.9281410462622988
Breast_MRI_265,0,duke,train,1.6802000198920661,-0.9761323013681373
Breast_MRI_268,0,duke,train,2.437313195666567,0.2867227344227438
Breast_MRI_269,0,duke,train,0.5930994433796215,1.9100406936298953
Breast_MRI_283,0,duke,train,3.906071754953243,-0.13332275580602856
Breast_MRI_285,0,duke,test,1.594072227721298,1.526472354374135
Breast_MRI_287,0,duke,train,0.561437812663259,1.4443259226235805
Breast_MRI_290,0,duke,train,3.6121357953043822,-0.7927430765838053
Breast_MRI_293,0,duke,train,0.38895541186180793,1.162695424034645
Breast_MRI_298,0,duke,train,2.987720649613666,0.040574942654196054
Breast_MRI_301,1,duke,train,3.2030624647036037,-0.6009657640940173
Breast_MRI_303,0,duke,train,2.896188384242757,0.21848424728631666
Breast_MRI_306,0,duke,train,3.1531996958465043,-0.3768022031850676
Breast_MRI_307,0,duke,train,2.469146705543108,-1.4587539092915325
Breast_MRI_317,1,duke,test,3.1300135694796265,0.6616435109243044
Breast_MRI_321,0,duke,train,1.3247668978321465,-2.995604602270482
Breast_MRI_323,0,duke,train,3.1584971605767964,-0.8664589127006291
Breast_MRI_328,1,duke,train,2.4851165336392844,-0.16154431653370738
Breast_MRI_333,0,duke,train,3.181892552316054,-0.20045981604671448
Breast_MRI_338,1,duke,test,2.157744278250595,0.3518825779048566
Breast_MRI_345,0,duke,test,2.7196526167346677,0.014033886181549996
Breast_MRI_346,0,duke,test,1.3227586510934894,0.967734725146232
Breast_MRI_350,1,duke,train,2.5058719130527973,0.997279763678569
Breast_MRI_356,0,duke,train,0.5410587251169174,-0.06268254461517442
Breast_MRI_368,0,duke,train,3.570091587886906,0.28961698802993807
Breast_MRI_372,0,duke,train,4.329622817035012,-0.759809561344988
Breast_MRI_377,1,duke,train,3.7294172994887105,0.4430479161304813
Breast_MRI_378,0,duke,train,2.335637399780385,0.09737764675481625
Breast_MRI_383,0,duke,train,-1.2593630447551598,2.660417862505242
Breast_MRI_385,0,duke,train,-1.5351198026281356,0.2124164309408229
Breast_MRI_386,0,duke,train,2.130687084040334,-0.3532270510807334
Breast_MRI_387,0,duke,train,0.820729941299694,1.259962774799461
Breast_MRI_397,0,duke,train,3.4888408732728555,-0.17583698570401837
Breast_MRI_398,1,duke,train,3.5805435334965323,-0.3265434318496614
Breast_MRI_399,0,duke,train,3.51126714888803,-0.4552854518979887
Breast_MRI_400,0,duke,test,1.2403923328622808,1.430218187422687
Breast_MRI_407,0,duke,test,1.466778891294925,2.1813028163087536
Breast_MRI_408,1,duke,train,4.3341390450312085,0.20567615962366673
Breast_MRI_412,0,duke,train,1.4302263400094402,0.009425346883856423
Breast_MRI_414,0,duke,train,2.2987795727546354,1.375819393940687
Breast_MRI_420,1,duke,train,-0.24860203385767365,-0.6875390860839533
Breast_MRI_424,1,duke,train,2.188388200082297,0.33457515718354597
Breast_MRI_428,0,duke,test,3.145704218077726,-0.09862951279312049
Breast_MRI_431,0,duke,train,2.9816398136217215,-3.2586565534675636
Breast_MRI_435,0,duke,train,3.0067310576208732,0.21346541762771987
Breast_MRI_438,1,duke,train,2.955487700000255,-0.5736488431853369
Breast_MRI_441,0,duke,train,0.9371823860395965,1.3163480409692057
Breast_MRI_442,0,duke,test,3.662275495360544,0.26796496015385257
Breast_MRI_444,1,duke,train,2.095955786665398,-0.15265243714606813
Breast_MRI_450,0,duke,train,4.606201511312328,-0.4945568129273366
Breast_MRI_454,0,duke,train,2.987754302228878,0.7471547438266327
Breast_MRI_464,0,duke,train,1.5877366688319725,-0.7284010137467799
Breast_MRI_465,0,duke,train,2.965582896954324,-0.662766418837245
Breast_MRI_468,0,duke,train,3.5798605675838413,-0.5200628028062578
Breast_MRI_470,1,duke,test,2.2427771753214296,1.2194432053999156
Breast_MRI_473,0,duke,train,2.8027269548961344,0.09350059661973661
Breast_MRI_474,0,duke,test,2.3110042145934195,0.07408191097462655
Breast_MRI_480,0,duke,train,2.5154972892940206,0.031177302849167286
Breast_MRI_482,1,duke,train,4.027571622385802,-1.2574034526803608
Breast_MRI_486,0,duke,train,2.9180424883254528,-0.17862969233990195
Breast_MRI_489,1,duke,train,0.8107763034615278,0.44285105055957114
Breast_MRI_491,0,duke,train,2.875747715326449,-0.16041653003504208
Breast_MRI_501,1,duke,train,2.985850851258853,-0.2496476087062393
Breast_MRI_506,0,duke,train,3.1524015096751095,-0.3595099045329126
Breast_MRI_507,1,duke,test,3.038063270455417,0.24803989945067725
Breast_MRI_508,0,duke,train,2.698725663380481,1.1440820632634803
Breast_MRI_512,1,duke,train,1.9867589913170713,0.3686448091453102
Breast_MRI_514,0,duke,test,3.223101191506444,-0.3167179456754001
Breast_MRI_517,0,duke,train,2.428981096539376,-0.09050110980362391
Breast_MRI_521,0,duke,train,2.7613706901830346,0.2852484684576248
Breast_MRI_525,1,duke,train,3.0354273190310033,0.06796285645108038
Breast_MRI_527,0,duke,train,0.4886347016577502,0.6565389455789886
Breast_MRI_530,0,duke,train,2.08486985150266,0.923153014908869
Breast_MRI_534,0,duke,train,2.5791450668778344,-0.31657545052959607
Breast_MRI_539,1,duke,train,1.6292690981895288,0.5182758854697578
Breast_MRI_541,0,duke,train,2.530512286221753,-0.7515796370067048
Breast_MRI_543,0,duke,train,0.36030514894786747,2.6698305148187593
Breast_MRI_545,0,duke,test,2.176159240510116,-1.2929970834508266
Breast_MRI_546,0,duke,test,2.6732775200526553,0.5160637898255486
Breast_MRI_558,0,duke,train,3.455060318620665,-0.29620589972766326
Breast_MRI_559,1,duke,train,2.0848155168373537,-0.15142487776450492
Breast_MRI_560,0,duke,train,1.8318071416873054,0.1528338985235267
Breast_MRI_562,1,duke,train,2.294746821920079,0.04910707237674175
Breast_MRI_567,0,duke,test,1.8045465395535083,-0.2647967072478573
Breast_MRI_568,0,duke,train,2.1751484317719734,-1.0602869087439812
Breast_MRI_573,0,duke,train,3.0216656076576554,-0.36799184511970906
Breast_MRI_585,0,duke,train,3.3166642990485085,-0.11230678675834158
Breast_MRI_590,0,duke,train,1.5444416235079086,0.660511196789927
Breast_MRI_592,0,duke,train,0.3767596558162047,1.4907198405564897
Breast_MRI_595,0,duke,train,2.941724331035208,-0.42454570951034365
Breast_MRI_596,0,duke,train,2.7901632376846495,0.2961457104601342
Breast_MRI_597,0,duke,train,0.8220370076735093,2.904340273122572
Breast_MRI_600,0,duke,train,2.305729137676855,-1.4341086812815302
Breast_MRI_605,0,duke,train,3.2292161089360083,-0.10191575009526962
Breast_MRI_607,0,duke,train,3.3743943233662934,-0.01869940206482096
Breast_MRI_609,0,duke,train,2.6592374693447214,-0.3712371346675052
Breast_MRI_610,0,duke,train,3.5966235339631267,-1.5628119941149927
Breast_MRI_612,0,duke,train,3.135092449971574,-0.605421322053565
Breast_MRI_614,1,duke,train,3.425057599888834,-2.1261129235461884
Breast_MRI_615,1,duke,train,3.076193651853519,-0.7425736653676895
Breast_MRI_618,0,duke,train,1.3570288786185505,0.3454195538107409
Breast_MRI_623,0,duke,train,3.770942824775825,-1.0097919921625484
Breast_MRI_626,0,duke,train,3.9590389084287336,-1.5887024853495533
Breast_MRI_633,1,duke,train,1.8808539738825356,1.6120525124737382
Breast_MRI_636,0,duke,test,2.4659224852890267,-0.42557170986987486
Breast_MRI_640,0,duke,train,2.488960563066806,0.10481999080694293
Breast_MRI_641,0,duke,test,3.6614606043768054,0.16765954474821038
Breast_MRI_642,0,duke,train,3.5838470579288852,-1.1709609604256386
Breast_MRI_648,0,duke,train,3.2251974730610806,0.4699901943136443
Breast_MRI_650,0,duke,train,2.300356701489832,0.3538092865938108
Breast_MRI_651,0,duke,train,3.5891411110297984,-3.807159535271708
Breast_MRI_652,1,duke,train,-0.1498455065412234,1.1894574579219592
Breast_MRI_656,1,duke,train,3.849602445352324,-1.0163417550610967
Breast_MRI_660,0,duke,train,2.273596029126967,-0.2097548581833349
Breast_MRI_662,0,duke,train,3.8752793655214157,-1.3363266239403757
Breast_MRI_666,0,duke,train,2.144097493037874,-0.7855758378607623
Breast_MRI_670,0,duke,train,4.258175002413505,0.4190165639301292
Breast_MRI_677,0,duke,train,2.8261127722344277,-0.13159708633632497
Breast_MRI_679,0,duke,train,2.200857992697967,1.5540440019235953
Breast_MRI_681,0,duke,train,-0.21443415660442533,1.7523219397790355
Breast_MRI_684,0,duke,train,3.972429508600726,-0.6347830484451247
Breast_MRI_685,0,duke,train,1.9531143819778405,1.1104024249607578
Breast_MRI_687,0,duke,train,3.3164683016915695,-1.2613439997518607
Breast_MRI_693,0,duke,train,3.2695524368629827,-1.0384027653564178
Breast_MRI_694,0,duke,train,0.9169826443233972,1.4800132217429727
Breast_MRI_697,0,duke,train,4.154074682276822,-1.6960371359777557
Breast_MRI_705,0,duke,train,3.0576432596991356,-0.2384808769020872
Breast_MRI_717,0,duke,train,-1.1502293325495545,2.3687403068548085
Breast_MRI_718,0,duke,test,2.3272295613591116,0.11888395383966754
Breast_MRI_723,0,duke,train,2.115377762930221,0.46335066827610166
Breast_MRI_724,0,duke,train,2.725106230486605,-0.012608192538627092
Breast_MRI_725,0,duke,test,1.0458001771092515,2.7050356717993354
Breast_MRI_735,1,duke,train,1.6216533468721883,2.1675684911780797
Breast_MRI_746,0,duke,train,3.0419071374776725,0.6210954155393766
Breast_MRI_757,0,duke,train,3.3293183759439824,0.91923502770959
Breast_MRI_758,0,duke,train,3.205132800793524,-1.6806355250211946
Breast_MRI_762,0,duke,train,1.9115587591381038,1.0688483863514822
Breast_MRI_774,1,duke,train,3.6561356602814663,-0.788392986016459
Breast_MRI_775,1,duke,test,1.2445010573682038,0.7455326889382005
Breast_MRI_776,0,duke,train,-1.3164667782229973,2.64415558643465
Breast_MRI_778,0,duke,train,1.4642766812783115,0.3941244523784424
Breast_MRI_780,1,duke,test,3.374487945957224,-0.7478237695505103
Breast_MRI_789,0,duke,train,3.0870193926577048,0.3004007589684493
Breast_MRI_790,0,duke,test,3.9892146022292265,-0.05776406069454082
Breast_MRI_805,0,duke,train,2.61552935380733,-1.6637661839572
Breast_MRI_809,0,duke,train,2.6071145964017233,1.1218650622365187
Breast_MRI_812,1,duke,train,3.12717875952583,-0.5997803913086602
Breast_MRI_816,0,duke,train,3.743385161076142,-0.5762126564204437
Breast_MRI_817,1,duke,train,1.2743178587866193,0.7819354524576057
Breast_MRI_830,1,duke,train,2.6983484480736997,-0.20002333313683693
Breast_MRI_831,0,duke,train,0.7534975502333283,1.8254727870650096
Breast_MRI_832,0,duke,test,2.5288476587793136,-0.3441694354914645
Breast_MRI_836,0,duke,train,3.8025647451682985,-0.07590882632804355
Breast_MRI_839,0,duke,test,1.8742005278218132,0.7714203107302879
Breast_MRI_847,0,duke,train,2.583479557912718,-0.6979437787044682
Breast_MRI_850,0,duke,test,1.1439978832985824,1.1176925530609978
Breast_MRI_851,0,duke,train,2.169607237125271,-0.20820619294884973
Breast_MRI_857,0,duke,train,1.26538305568253,0.6043476121220759
Breast_MRI_860,0,duke,train,2.4277807201605155,0.0323651418391539
Breast_MRI_865,0,duke,train,2.6130972830926664,0.4896594380219378
Breast_MRI_874,0,duke,train,-1.108354724941783,1.483133754814267
Breast_MRI_877,0,duke,train,3.2830041775055183,-0.5817930932534443
Breast_MRI_879,0,duke,train,1.1078529715233312,1.55622609080904
Breast_MRI_882,1,duke,train,2.7322437328149105,0.8139724997012645
Breast_MRI_883,1,duke,train,2.446433467023287,-1.0840065423459944
Breast_MRI_884,0,duke,train,1.4968874330274953,-0.14197046569359897
Breast_MRI_885,0,duke,test,3.6013978566286142,-0.20554565276137918
Breast_MRI_886,0,duke,test,3.3272179500332677,-1.1434394866316178
Breast_MRI_891,0,duke,train,3.8363653108734694,-0.5326133340685524
Breast_MRI_899,0,duke,train,1.6649049824037896,1.720642329400062
Breast_MRI_900,0,duke,train,3.5882283587394723,-0.9432354460918488
Breast_MRI_901,0,duke,train,3.1937027242213443,-0.7386173270976232
Breast_MRI_907,0,duke,test,0.8952834052870114,0.26600893104686907
Breast_MRI_914,0,duke,train,2.146280301750898,0.8058725260340772
Breast_MRI_916,0,duke,train,4.003699323296003,-0.7534664454897845
Breast_MRI_917,0,duke,test,0.02767098874137477,2.028138239940911
ISPY2-756412,0,spy2,train,-0.8808061850106379,2.1062440048556854
ISPY2-111881,1,spy2,train,-0.5665377524343266,-0.5604150880654474
ISPY2-451816,0,spy2,train,-1.7398518396933336,2.1386354714500047
ISPY2-243836,1,spy2,train,-0.14648634303798752,1.6065318558977888
ISPY2-402265,0,spy2,test,-2.2339706715883247,-0.0006211814463181031
ISPY2-611662,0,spy2,train,-1.043222748658231,2.5050351957895245
ISPY2-139137,0,spy2,test,-3.1617648961188975,0.07141887002106766
ISPY2-685753,0,spy2,train,-0.8711839174429457,0.6239751684537136
ISPY2-627981,1,spy2,test,-2.5851502961408226,-5.24885509344762
ISPY2-108939,1,spy2,train,-0.5633084529172261,-3.5740719654169566
ISPY2-629210,0,spy2,train,-2.5749902004425382,2.692339621978164
ISPY2-809037,0,spy2,train,0.4309910824112481,0.10603054766616232
ACRIN-6698-107700,0,spy2,train,0.3670797101891203,-0.3451544208334722
ISPY2-373672,0,spy2,train,-2.840608519007288,1.9755560411029591
ISPY2-615873,1,spy2,train,-1.8068056554147132,0.45257030952200333
ISPY2-607047,1,spy2,train,-2.560168083975758,-3.085597955576761
ISPY2-155171,0,spy2,train,-3.68412506144372,1.7266884415789074
ISPY2-815421,0,spy2,train,-0.8159129422744753,1.3250107207475852
ISPY2-609897,0,spy2,train,0.43284743865346703,-0.11815772001238925
ISPY2-605713,0,spy2,train,-1.8532310204157065,3.208646616739789
ISPY2-246134,0,spy2,test,-1.8135953725898002,-0.05283545907636312
ACRIN-6698-373346,0,spy2,train,-0.15265135610204167,-0.06432491864684459
ISPY2-208265,1,spy2,train,-2.4583570302004896,-2.673570140329321
ISPY2-395076,1,spy2,train,-0.8464484412231702,1.1923423235999047
ISPY2-637752,1,spy2,train,-2.6557377527066293,-1.777483210282801
ISPY2-331192,1,spy2,train,-1.746046374828154,-2.4270782338786665
ISPY2-327133,0,spy2,train,-5.664187504395444,-1.0754331804662107
ISPY2-541165,0,spy2,train,-0.22601681777033017,-0.5907177456870892
ISPY2-802778,0,spy2,train,0.6484651067616944,0.3328052953532193
ISPY2-794428,0,spy2,train,-1.564181559369499,1.4325105515276924
ISPY2-625800,0,spy2,train,-2.9604616016299308,2.45490691879397
ISPY2-613188,0,spy2,train,0.45938255117073107,0.4695354937186709
ISPY2-159284,0,spy2,train,-2.8692091224077516,3.866079020074015
ACRIN-6698-641977,0,spy2,train,0.14103256338549042,-0.23763089472667864
ACRIN-6698-326433,1,spy2,train,-0.8698213796691397,-3.821071199003671
ISPY2-539876,0,spy2,train,0.1838061499157963,0.34545719142973214
ISPY2-109623,0,spy2,train,-0.5947893320420069,0.908527335185034
ISPY2-153327,1,spy2,train,0.138432410981398,-0.7101294820057313
ISPY2-622315,0,spy2,test,-2.5737277759339774,3.4474779313455937
ISPY2-597873,0,spy2,train,-2.312944068765509,4.567821425342394
ISPY2-111646,0,spy2,train,-0.9023119754312098,0.6071616408142014
ISPY2-574091,1,spy2,train,0.4958127917169621,-0.8719300291760702
ISPY2-515284,0,spy2,train,-1.9855495389932243,-3.599663526962318
ISPY2-769972,0,spy2,train,-0.5759714979959705,0.8822228199694644
ISPY2-494296,0,spy2,train,-1.581352638808621,1.7352379071830044
ISPY2-918979,0,spy2,test,-0.15180456069689457,-1.9706726762694313
ISPY2-196024,0,spy2,train,-2.2816788531184313,1.9186733603324109
ISPY2-221375,0,spy2,train,-1.1756543222932414,2.5696541487076723
ACRIN-6698-845783,1,spy2,train,0.6598862541982755,0.5755109898818294
ISPY2-483910,0,spy2,train,-3.0912269080872035,-3.9943253353368626
ISPY2-767081,1,spy2,test,0.10443504822870373,-1.6241613211662758
ISPY2-425173,1,spy2,train,-0.294559209587144,0.21577691311301883
ISPY2-464547,1,spy2,train,-1.208382316131627,-2.106579846590521
ISPY2-847272,0,spy2,train,-1.7301312241851834,2.7730200415249446
ACRIN-6698-884011,0,spy2,train,0.1867607534443593,-0.5646624158816342
ISPY2-213328,1,spy2,train,-0.5540640194138802,-0.3103765253867521
ACRIN-6698-949444,0,spy2,train,-2.284887541953539,2.264395341396387
ISPY2-797639,0,spy2,test,-1.037903841106239,0.35081281637197764
ACRIN-6698-264305,1,spy2,train,-2.5609155220248248,-0.005460906164400165
ACRIN-6698-277888,1,spy2,train,-0.30326768513754504,-1.5481407415745418
ACRIN-6698-753109,1,spy2,train,-0.40802750397897253,-0.4107801301688306
ACRIN-6698-220471,0,spy2,train,-0.9165560716293442,-4.215178848944245
ISPY2-494946,1,spy2,train,-1.2208174875638464,0.055620096981616546
ISPY2-326202,0,spy2,train,-0.7848147827455556,0.23599474047619162
ACRIN-6698-266840,0,spy2,train,-1.3602433794882667,1.3407743365469855
ISPY2-873686,0,spy2,train,-1.5398906124586182,-0.8991366659156679
ISPY2-916586,0,spy2,train,-1.570098184385443,-2.8813034539289504
ISPY2-456506,0,spy2,test,-0.9983301173415924,-0.2878805757343766
ISPY2-452703,0,spy2,train,-3.8114119682611753,-1.9249228235497642
ACRIN-6698-220925,0,spy2,train,-2.2335009645834276,1.7548075110730856
ISPY2-120001,0,spy2,train,0.7169811535439151,-0.4256245435920676
ISPY2-131595,0,spy2,train,0.05155527520270241,0.13503334520972196
ISPY2-167271,0,spy2,train,1.0455663438730598,0.19990780120436147
ISPY2-166412,0,spy2,train,-1.2708776108151236,0.18051684810113824
ISPY2-884266,0,spy2,train,-1.619483036634332,2.0307789780918224
ISPY2-604199,0,spy2,train,-0.4255309061879192,-2.49839043287144
ACRIN-6698-689480,0,spy2,train,-2.0754648324102782,-0.1523567996024297
ISPY2-146033,1,spy2,train,0.5253091390826371,-0.46029293026498
ACRIN-6698-564701,0,spy2,test,-1.8576255485819182,-3.1604058811291784
ISPY2-498024,0,spy2,train,0.7474670215549677,-0.7586367000802138
ACRIN-6698-641697,0,spy2,train,-1.0487193686784269,-0.6595628933098187
ISPY2-672734,0,spy2,train,-0.6511747906750591,0.4112859972807681
ACRIN-6698-522140,0,spy2,train,0.7092321766126553,0.5627139689904398
ACRIN-6698-413211,0,spy2,test,-1.6109517926700996,1.748596882085091
ISPY2-279902,1,spy2,train,0.39509116913612935,-0.33130992959830685
ACRIN-6698-638126,0,spy2,train,-2.5148359408327106,1.6921815271400868
ACRIN-6698-306401,1,spy2,test,-0.0029724392701709766,-0.5403002450524949
ACRIN-6698-571995,0,spy2,train,-1.6790154974971387,1.0474577834740995
ACRIN-6698-506623,0,spy2,train,-2.4368457976578806,2.0229936949808325
ISPY2-498985,0,spy2,train,-3.0658537123976743,-0.5225407858726121
ISPY2-240035,0,spy2,test,-1.1524312261439018,1.0619810649056058
ISPY2-172168,0,spy2,train,-1.389072336883156,-3.308668503972082
ISPY2-104384,0,spy2,train,-0.7659666882131733,1.2678720070009712
ISPY2-828199,0,spy2,train,-1.5321592064984304,2.8201176588145533
ISPY2-613961,1,spy2,test,-0.08341915500931059,-0.08914872893128684
ISPY2-436371,0,spy2,test,-0.26070894555820756,1.0929165249443864
ISPY2-342142,1,spy2,test,1.0441349761748222,-0.08008746370095857
ISPY2-554577,0,spy2,train,-1.5152367975020136,2.065122166863574
ISPY2-570685,0,spy2,train,1.2681129330537624,-0.1426112715782709
ISPY2-986734,0,spy2,train,-3.9684711776685115,2.776168792679476
ISPY2-999264,1,spy2,train,-0.015018059881367597,0.5322539619152916
ISPY2-786003,1,spy2,train,-0.7219128070484903,1.0564500114298567
ISPY2-311455,0,spy2,train,0.15157166190524182,0.3419665130997704
ACRIN-6698-663144,0,spy2,train,-0.638976270272736,0.9100105273205461
ACRIN-6698-960029,0,spy2,train,0.8013580646945508,-0.5800230440409998
ISPY2-802105,0,spy2,train,-2.1806047419033927,2.484156140684388
ISPY2-623569,1,spy2,train,-0.09058339869615248,0.5911338763310958
ACRIN-6698-618717,0,spy2,train,0.3121711348677065,-1.4004195671618371
ISPY2-493775,1,spy2,train,-1.2417913809172902,0.6264141648880598
ISPY2-355292,0,spy2,train,-0.39018409839503454,-0.5060323468038634
ISPY2-708387,1,spy2,train,-0.9011116971051916,-0.35736126976338073
ISPY2-257735,0,spy2,train,0.3409346251905052,0.462639722398329
ISPY2-625854,1,spy2,train,-2.538359263587668,0.8765761401499824
ISPY2-229824,0,spy2,train,-3.3557855381998802,-1.9846283976218624
ACRIN-6698-152090,1,spy2,train,-0.7871511322626613,1.6148281458137501
ISPY2-735673,0,spy2,train,-2.4633983867710816,3.213153206247358
ACRIN-6698-460642,0,spy2,train,-1.2024703227464812,-0.22331370232486797
ISPY2-515281,0,spy2,train,-1.4197752208189476,2.351260370578813
ISPY2-851180,0,spy2,train,-0.1863135317372942,-3.361302022437623
ACRIN-6698-848003,0,spy2,test,0.35787458399165906,-1.2677328913247456
ISPY2-683457,0,spy2,train,-2.4037905943670177,-0.5460965817504578
ISPY2-767934,1,spy2,test,-1.2281714911766428,0.5004916146032489
ISPY2-587388,0,spy2,test,-2.001769604674264,0.30861779226979386
ISPY2-105513,1,spy2,train,-1.580972838531007,-3.5201163584067245
ISPY2-277848,0,spy2,train,-0.3555007415928975,0.34224538224554685
ISPY2-543795,0,spy2,train,-2.053214702810699,-3.231370134550909
ISPY2-122579,0,spy2,train,-0.32354279827574095,-1.3093374616042783
ISPY2-518000,0,spy2,test,-0.6273381113272177,1.9926963336166714
ISPY2-501303,1,spy2,train,-1.0628842864100643,0.476490437063435
ACRIN-6698-139973,0,spy2,train,-0.4874850105477977,1.3546989968148635
ISPY2-778527,1,spy2,train,0.0612333616937855,-2.7814854759492023
ACRIN-6698-345907,0,spy2,train,0.3592640570652916,-0.5505000569055699
ACRIN-6698-963604,0,spy2,train,-0.7670793791413687,0.6074065759123306
ISPY2-571276,0,spy2,train,-0.23766421900655177,1.1557321818283934
ACRIN-6698-861745,0,spy2,train,0.23848185800703942,-1.0323247465384515
ISPY2-517446,0,spy2,train,-0.17100331135216837,0.5491137982417197
ISPY2-528479,0,spy2,train,-0.40753860695762756,-0.4773477688120443
ISPY2-431061,0,spy2,train,0.7066202239899225,-0.15437660834545144
ISPY2-168044,0,spy2,test,-0.7346926455843705,1.6990577680730894
ISPY2-227832,0,spy2,train,-2.0861737628286314,0.45090674712010215
ACRIN-6698-724384,0,spy2,train,0.12546117727376638,-0.29920250563251816
ISPY2-621179,0,spy2,train,-1.8153201735430922,-3.5698559604533906
ISPY2-568953,0,spy2,train,-0.3179968284087376,1.5077431163694222
ACRIN-6698-779739,1,spy2,train,0.3189811746924617,-0.03630422058465183
ACRIN-6698-863161,1,spy2,train,-1.7581395703351217,-3.6901239215594
ISPY2-247641,0,spy2,train,0.33530042040618024,-0.16346788897577386
ISPY2-495440,0,spy2,train,-2.845115415658498,2.4043840977729047
ISPY2-679787,0,spy2,train,-2.092023874069487,-0.4784277835817817
ISPY2-910188,0,spy2,train,-1.4359152601437697,-3.7460711538828195
ISPY2-141782,0,spy2,train,-1.0228164969917164,-3.7773828423168623
ACRIN-6698-401215,0,spy2,train,-0.6897399616336152,0.6892691735427159
ISPY2-683173,1,spy2,test,-0.7776437244760657,0.8265749919851038
ISPY2-102011,1,spy2,train,0.8497197187409322,0.3558900453426463
ISPY2-703401,0,spy2,train,0.887973433837158,-0.918494990709218
ISPY2-664658,1,spy2,train,-1.665653530704019,-0.17404301711950323
ISPY2-345460,0,spy2,train,-1.4800508160986814,-1.9883696220550346
ISPY2-999733,0,spy2,train,0.4925547903248309,0.5426305265575162
ISPY2-689188,1,spy2,train,0.04629371713063479,1.113377630107003
ACRIN-6698-285339,1,spy2,train,-2.227274072117773,-0.57674623162917
ISPY2-164468,0,spy2,train,-2.7532741879125604,2.596433701124505
ISPY2-473365,0,spy2,train,0.9145096265903244,-1.038137364252091
ACRIN-6698-843554,0,spy2,test,-0.7405736717525999,1.3094114131049863
ISPY2-467622,0,spy2,train,-0.16862170011377847,-0.4700851618805483
ISPY2-483667,0,spy2,train,-1.034450168411192,-1.404278031779009
ISPY2-798604,1,spy2,train,-0.808715843182257,-4.619748201396385
ISPY2-532183,0,spy2,train,-2.7567444239299865,1.104897195928402
ACRIN-6698-432114,1,spy2,train,-0.14346145720128678,-1.6150756543425266
ISPY2-804233,1,spy2,test,-0.06882820201083631,-0.16212742160879337
ACRIN-6698-474874,1,spy2,train,-1.7908237574737595,2.485105011321575
ISPY2-614434,1,spy2,train,0.8084546742823515,0.005933138469374963
ISPY2-521860,0,spy2,train,-3.8726956749509536,0.7140880162682393
ACRIN-6698-793155,0,spy2,train,0.3233112874011558,-1.9290594127777925
ISPY2-484894,0,spy2,train,-0.19843969453832283,0.2441753959578688
ISPY2-242370,1,spy2,train,0.5384006427888841,-0.5213063763566766
ISPY2-273691,1,spy2,train,0.18435821297797475,-0.46676156767852267
ISPY2-618240,0,spy2,train,-3.841633484334712,-2.2310537388795435
ACRIN-6698-490805,1,spy2,train,0.8251931328480702,0.26758917504877994
ISPY2-250274,0,spy2,train,0.027302360784691372,1.478365703002146
ACRIN-6698-239910,0,spy2,train,-1.0645153379145424,-0.41884664552348005
ISPY2-356399,0,spy2,train,-1.904961525224782,-0.9665841028059994
ISPY2-972307,0,spy2,train,-1.3426221449007114,0.009393495897548138
ISPY2-540539,1,spy2,train,-3.7048548373283277,-2.2876437105864373
ISPY2-294265,1,spy2,train,-0.7408777258098421,-0.11387634515797859
ISPY2-891645,0,spy2,train,-0.2664201676851322,-1.5476033481093048
ISPY2-527581,0,spy2,train,-2.1702654207051735,-2.1470003480027793
ISPY2-371528,0,spy2,train,-1.5504537695394682,0.742296993673619
ISPY2-410083,1,spy2,train,0.35514023989880633,-1.2033988437460357
ISPY2-199960,0,spy2,train,-3.602275551853172,-1.1299398896337565
ACRIN-6698-227055,0,spy2,train,-1.0494994320393323,2.9062153133510056
ISPY2-830486,0,spy2,train,-1.528268451247321,-0.9506186201026806
ACRIN-6698-786753,0,spy2,train,-1.8809133500497275,-0.5221902735007288
ACRIN-6698-253531,1,spy2,train,-1.2394727216771415,-2.9589916066971744
ISPY2-510543,0,spy2,train,-0.48458445799257144,-0.7959389425762603
ISPY2-591180,0,spy2,train,-1.366354739527005,0.7924999118051133
ISPY2-766301,0,spy2,train,-2.240797406225702,2.5544729428199946
ISPY2-590299,0,spy2,train,-2.3658092143934835,-2.908969762609108
ACRIN-6698-580541,0,spy2,test,0.07998523733695125,-0.22790290271969293
ISPY2-690410,0,spy2,train,-1.247390820401239,0.2797983519809503
ACRIN-6698-654064,0,spy2,train,-1.7070089741525603,0.3331530372684624
ISPY2-614044,0,spy2,test,-0.8582931813210621,1.0991591297528962
ISPY2-791321,0,spy2,train,-2.2964020243284846,-3.0640004879529514
ISPY2-213672,0,spy2,train,-4.192911871398754,1.1243439403856064
ISPY2-550421,0,spy2,train,-2.6022440326888,0.893516177450184
ACRIN-6698-929391,0,spy2,train,0.7867861490219108,-1.1968876033105214
ISPY2-477994,1,spy2,train,-0.26155175391384106,-0.6261870909385864
ACRIN-6698-913527,0,spy2,train,-0.5116697613628943,-0.08829193347393563
ISPY2-259899,0,spy2,train,-3.3996792090510337,-0.4895674745781543
ISPY2-676630,1,spy2,train,-2.023534045528201,-3.816382192184482
ACRIN-6698-894673,0,spy2,train,-1.5566069021639894,-3.8785790796017365
ISPY2-622688,1,spy2,train,-0.889247031902641,0.2910909430413837
ACRIN-6698-870077,0,spy2,train,0.38682519417447425,-0.5137430152011994
ACRIN-6698-866660,0,spy2,train,-1.082029223624358,0.9879023373536826
ISPY2-177795,1,spy2,train,0.048004939880283655,0.646946278834372
ACRIN-6698-685795,0,spy2,train,0.08946045193187846,-1.8389879312564832
ACRIN-6698-218503,0,spy2,train,0.5216719835575022,-0.689134864627798
ACRIN-6698-802308,0,spy2,train,0.8454574157995387,0.18191532906205427
ISPY2-741535,0,spy2,train,-2.648483633784817,3.2020150083607164
ISPY2-550157,1,spy2,train,0.12691936841089177,-0.022731757094644246
ACRIN-6698-317402,0,spy2,train,1.2390252475526233,-0.6389827269080534
ACRIN-6698-188700,1,spy2,train,-0.7339380700276307,-1.6713082471970944
ACRIN-6698-547892,0,spy2,test,-0.25520009635885804,0.1971978612483849
ACRIN-6698-738041,1,spy2,train,0.2699128398489662,-0.32409917317250275
ISPY2-658541,0,spy2,test,0.11283233086501517,-0.4429172120683601
ACRIN-6698-900959,0,spy2,train,0.5588654624995593,-2.1800302348553635
ISPY2-130892,1,spy2,train,-0.18413735750527332,2.132872707803764
ISPY2-893874,1,spy2,train,0.42571777980107695,0.7603948125037213
ACRIN-6698-618860,0,spy2,train,-1.7227193562512013,-0.47731420800186886
ACRIN-6698-628788,0,spy2,train,-1.8485920550790345,-0.5077135709310174
ISPY2-504838,0,spy2,train,-2.5594737964235095,-2.136868430268666
ACRIN-6698-794128,0,spy2,train,-0.9819022868321837,0.3360262863490406
ACRIN-6698-882553,0,spy2,train,-2.510597378283882,1.5575355532188515
ISPY2-732137,0,spy2,train,-3.1239329115464964,-1.179785488841583
ISPY2-332655,1,spy2,train,-1.0234494246152261,-2.630829113355285
ISPY2-845147,0,spy2,train,-0.6765892781817224,-0.7826058539619356
ISPY2-122287,1,spy2,train,-4.158703965072822,1.3576946844764441
ISPY2-535415,1,spy2,train,-0.2878280786796205,-0.9374781106163773
ACRIN-6698-342959,1,spy2,train,-1.8375136750646492,-0.9456779383787395
ACRIN-6698-971492,0,spy2,train,-0.7866870329591538,1.8149509453039858
ISPY2-894491,0,spy2,train,-1.8716778022437195,2.3951461260738203
ISPY2-489194,1,spy2,train,0.09515028150713371,2.2865963965689422e-05
ISPY2-300724,0,spy2,train,-0.6989110664734722,1.35013721276667
ISPY2-674897,0,spy2,train,1.420626588437258,-0.13659845644863786
ISPY2-729732,0,spy2,train,-0.8256623153153028,-3.2139016073229136
ACRIN-6698-635632,1,spy2,train,0.47367959753491523,-0.3703975752871015
ISPY2-509012,1,spy2,train,-1.0474418329540924,-2.434994609184916
ACRIN-6698-991818,1,spy2,train,-0.9563594092452817,0.6868883287532722
ISPY2-290413,0,spy2,train,-0.7605163231731243,-3.007907682604986
ISPY2-319324,0,spy2,train,0.40786774428678485,0.7547330919696749
ISPY2-157270,0,spy2,train,-2.124386570221471,-0.5050324532602207
ACRIN-6698-748611,1,spy2,train,0.2959624983526414,0.14988561322953328
ACRIN-6698-587604,0,spy2,train,-1.4190360887542999,-1.024120696902268
ISPY2-943879,1,spy2,train,-1.3607369919019399,1.5628718314477936
ISPY2-601489,0,spy2,train,-5.8283652874033205,3.097511255976093
ISPY2-917762,0,spy2,train,-2.288405455657921,2.6759607315107536
ACRIN-6698-516834,0,spy2,train,0.6762470971516404,-0.7968838865367737
ISPY2-567201,1,spy2,train,-1.1715748320063553,1.0043670009116576
ISPY2-318407,0,spy2,train,-1.528604538901112,-3.0117365365430406
ISPY2-233962,1,spy2,train,-0.6451270533791922,-2.8176687103862514
ISPY2-473505,0,spy2,train,-2.0446294314426665,-3.952996328794633
ACRIN-6698-689452,0,spy2,test,0.5552067861405287,-1.2876391840805586
ISPY2-935460,0,spy2,train,-0.2571079751662373,0.9269122162553026
ISPY2-712917,1,spy2,train,0.16200252735585627,-0.08080562508304617
ACRIN-6698-609151,1,spy2,train,-0.7600662920161197,0.5644036688905554
ISPY2-552313,1,spy2,test,-1.0895727364799586,-3.2803897067448937
ISPY2-181442,0,spy2,train,-1.4756673574707082,-0.17049670822898658
ACRIN-6698-145777,0,spy2,train,0.4276922884135127,-0.7626529919383132
ISPY2-254060,1,spy2,train,0.5155362509409346,-1.3767238272905704
ISPY2-411806,0,spy2,train,-1.8699541016239114,-3.0729397713104416
ISPY2-491779,1,spy2,test,-3.1076711325629622,-3.5437737016667037
ISPY2-575457,1,spy2,train,-1.186279605330614,1.1978892570086306
ISPY2-180663,0,spy2,test,-3.980504185014349,-1.803020142432732
ISPY2-415039,0,spy2,train,-3.336605416147083,-1.5171302054764142
ISPY2-138425,1,spy2,train,-0.6404235343186543,-0.6719376409302389
ISPY2-783771,0,spy2,train,-0.2270082474743586,2.0669268924925506
ACRIN-6698-293142,0,spy2,train,-1.164850906359516,1.6853444746394248
ACRIN-6698-706639,0,spy2,train,0.2524431461232822,-0.9979239887601609
ISPY2-930853,1,spy2,train,-0.4648958503889308,1.2076884492505202
ISPY2-303685,1,spy2,train,0.6755093931845922,-1.3781875572440991
ISPY2-930172,0,spy2,train,-1.1810663740410108,0.8552950476334208
ISPY2-289107,1,spy2,train,0.8014461114525795,-1.691300996448371
ACRIN-6698-563681,0,spy2,train,-2.616036884876016,3.3729146726816004
ISPY2-848371,1,spy2,test,-1.1664876560089,1.1295163686940421
ISPY2-960490,1,spy2,train,-2.566861802816023,-3.284755528675561
ISPY2-810965,1,spy2,train,-1.5002530240024519,0.833701967010729
ACRIN-6698-409288,0,spy2,train,0.5542889793028635,1.326608453205
ISPY2-282777,0,spy2,train,-0.7357319547866586,0.11969187341110635
ACRIN-6698-774840,1,spy2,train,-1.328728382720614,1.0882141167436026
ACRIN-6698-301665,0,spy2,train,-1.8908671381811666,1.355435220146244
ISPY2-930903,0,spy2,train,-0.48478861930825445,-0.5282329222387642
ISPY2-489973,0,spy2,train,0.22223087103805347,0.05301007614564879
ISPY2-714205,1,spy2,train,-0.45544216533435844,0.8105605684334523
ACRIN-6698-831848,1,spy2,train,0.4316456034078747,-0.6302992266728835
ACRIN-6698-323721,0,spy2,train,-0.010815989348156557,-0.0979025685985905
ACRIN-6698-275626,1,spy2,test,0.2631092588606652,-0.6779178213072183
ACRIN-6698-296123,1,spy2,train,-0.5126473439901232,-0.7851948856368612
ISPY2-906795,0,spy2,train,-0.900650298765483,-1.7554417783719685
ISPY2-212307,0,spy2,train,-2.946982005071232,-2.9705158847152804
ISPY2-229328,0,spy2,train,-3.0590663134514613,1.8940241961984425
ISPY2-333145,1,spy2,train,-1.0110567028300146,1.2293159307993926
ISPY2-912836,0,spy2,train,0.6564617571328218,-0.47273226057014417
ACRIN-6698-661730,1,spy2,train,-0.10094258959501833,-0.04049259916758773
ISPY2-572016,1,spy2,train,-1.7353430891074135,-2.845687275494761
ACRIN-6698-202535,0,spy2,train,-2.016191215393727,0.22154167868903377
ISPY2-478055,0,spy2,train,-0.6607529349114067,3.0265891306391475
ISPY2-347516,0,spy2,train,-0.027805616275725385,0.7074877089812929
ACRIN-6698-399478,1,spy2,train,-0.3064721773744121,0.1400472132065618
ISPY2-395249,0,spy2,train,-0.17447327148631248,0.5262444202297988
ISPY2-759418,0,spy2,train,-0.22694996797127326,-0.038472614812597665
ISPY2-200222,0,spy2,train,-0.30170222842541233,-1.0969326766569907
ISPY2-651401,0,spy2,train,-0.1410156854147694,-0.05378485928627833
ISPY2-924812,0,spy2,train,-1.230315429947368,-1.2842899540606452
ISPY2-555214,1,spy2,train,-1.3923598621852058,0.31980050296529045
ACRIN-6698-296841,1,spy2,train,0.6197215992779408,-1.241304213277633
ISPY2-604380,1,spy2,train,-0.3991776384125401,1.0134513770746412
ACRIN-6698-683896,0,spy2,train,-0.04501083152073063,-0.6772393853070209
ACRIN-6698-356431,1,spy2,train,-2.6393517576754624,0.7179475744344537
ACRIN-6698-879224,0,spy2,train,-1.6257731015449548,-1.0598903055803415
ISPY2-752469,0,spy2,train,-1.017241556033018,-1.7029285666142604
ACRIN-6698-116603,0,spy2,test,-2.9025977692812037,1.9870951082571138
ACRIN-6698-664111,1,spy2,train,-0.02163942255327777,0.0005377760672278933
ACRIN-6698-973837,0,spy2,test,-1.3042078605730254,-0.49623547055993983
ACRIN-6698-760901,1,spy2,train,-0.47230136128614947,0.42199272421423234
ACRIN-6698-165925,0,spy2,test,0.3403562694370824,0.7635850674423712
ISPY2-313243,1,spy2,train,-0.4194558144034802,-0.3029633469261141
ISPY2-701790,0,spy2,train,0.9098402775882595,-1.8489878797063268
ISPY2-375455,0,spy2,train,0.6311696867931677,-0.544226767996275
ISPY2-899381,1,spy2,train,0.5597549570551074,-0.16790908724444048
ACRIN-6698-430441,0,spy2,test,-2.840043414028398,1.0893681625920155
ISPY2-329941,1,spy2,train,0.4674721839166711,-0.06614799269128796
ISPY2-820348,0,spy2,train,-1.4191544968003886,-3.3253847598067723
ACRIN-6698-748583,0,spy2,train,0.6027037258226746,-0.7312471721368226
ISPY2-218249,0,spy2,train,-0.18017180696977692,-2.0866947313360895
ISPY2-655703,0,spy2,train,-0.5887457168748588,-3.626281751077944
ISPY2-201831,1,spy2,train,-0.021953580754580447,-2.6673465177368763
ACRIN-6698-938719,0,spy2,train,-1.4002406625380968,1.8638242921187669
ISPY2-728287,1,spy2,train,-1.0261256838793948,-1.274172197590831
ISPY2-687733,0,spy2,train,0.1076482421912117,1.0767798733960066
ISPY2-646233,0,spy2,train,0.5959148952791199,-1.0200745771751898
ISPY2-831702,0,spy2,test,0.3539972497026476,-1.2914436628303465
ACRIN-6698-275034,1,spy2,train,-0.8239875006016905,0.5802301084564244
ACRIN-6698-219545,0,spy2,train,-1.8134216539813552,1.490238600218037
ISPY2-367682,0,spy2,train,0.02546959577538594,-0.08890747778251792
ACRIN-6698-982086,1,spy2,train,0.5992504325391247,-0.9245939612951702
ACRIN-6698-102212,0,spy2,test,-1.2530875448188088,0.9316960460253526
ACRIN-6698-108969,1,spy2,train,-2.8205359561650156,1.8534942412132411
ACRIN-6698-721099,0,spy2,train,-0.33460697891633756,-0.6914442440549337
ACRIN-6698-397505,1,spy2,train,-0.25481752509331107,-0.9606117779188114
ISPY2-268937,1,spy2,train,-0.10207715644267608,-1.5836320000238724
ISPY2-109874,1,spy2,test,0.42301770074687395,0.6040346745615657
ISPY2-473468,0,spy2,train,0.5988512746477441,1.4785867108494979
ACRIN-6698-896852,0,spy2,train,-2.7404059002130374,1.5250247490963749
ISPY2-965265,0,spy2,train,-0.9769094118934273,1.5641767048420374
ISPY2-153880,0,spy2,test,-0.06412314091489242,0.03698841873447404
ACRIN-6698-992609,1,spy2,train,-0.9996783145182733,1.4167296312654343
ACRIN-6698-653927,1,spy2,train,-0.3951272328412409,0.4394109146296646
ISPY2-676365,0,spy2,train,-1.8296496945190948,-3.3464008622366612
ISPY2-458196,0,spy2,train,0.3666211105183446,-1.1107631626337249
ISPY2-423979,0,spy2,train,-0.1580880003921597,0.3436003509884266
ISPY2-318293,0,spy2,train,0.048149518611378256,-1.8084750477206901
ACRIN-6698-150547,0,spy2,train,-0.4810101485045739,0.29552211504802695
ISPY2-111344,0,spy2,test,-2.554219919026168,-1.3957077561915903
ISPY2-849605,0,spy2,train,-2.644517597057802,-3.5696510813544724
ISPY2-797499,1,spy2,train,1.3973715904569135,0.7281848731239041
ISPY2-639663,0,spy2,train,-1.5484955073979634,-1.50493977388666
ISPY2-768214,0,spy2,train,-2.7206671596712244,-3.1256933752686313
ACRIN-6698-294739,0,spy2,test,0.9758678274496507,0.5555195378612203
ACRIN-6698-691753,0,spy2,train,-0.018554240183363435,-0.05619489193856312
ISPY2-539904,0,spy2,train,-0.27492797733981256,0.5351277912902008
ISPY2-453596,1,spy2,test,-0.15132899084760543,0.341404452292215
ISPY2-997702,1,spy2,test,-1.1671260059508746,0.07108256874910521
ACRIN-6698-118307,0,spy2,train,-1.4691004739186468,1.4777925446105085
ISPY2-706943,0,spy2,train,-1.7640892371150445,2.074615405007432
ISPY2-591079,1,spy2,train,0.5516371065810677,-0.23775542100131578
ISPY2-825363,1,spy2,train,-0.5597020186878245,-3.139974127264598
ACRIN-6698-955035,0,spy2,test,-2.3478189420394195,2.0857392749458397
ISPY2-726091,1,spy2,train,0.24193926421083908,-2.1547777498706973
ACRIN-6698-179568,0,spy2,train,0.11846947307294191,-0.6474670884180196
ACRIN-6698-280375,0,spy2,test,0.061672621845090383,-0.4514268634554453
ISPY2-668752,0,spy2,train,0.12030837457707301,-1.3056277722499596
ISPY2-568331,0,spy2,test,-2.7878392875564297,0.9002876317073888
ISPY2-924895,0,spy2,train,-1.9213566622257283,2.443359026266617
ISPY2-125418,0,spy2,train,-1.0534319049339262,0.21072225253914223
ISPY2-719713,0,spy2,train,-0.8930582413723804,0.14750587568304913
ISPY2-160120,0,spy2,train,-0.4955190917576151,1.1630082329424976
ISPY2-920479,0,spy2,train,-0.684518253848207,0.38942424426514827
ISPY2-789497,0,spy2,train,-1.1413917572663477,-4.001549692326678
ISPY2-282644,0,spy2,train,1.5413487885717296,-0.8903355216330942
ISPY2-484867,0,spy2,train,-1.8289202723569504,1.6038158105214375
ISPY2-342996,0,spy2,train,-0.5709482588306356,0.5574576466067264
ACRIN-6698-760011,1,spy2,train,0.008710762201051811,-0.5186404041404095
ISPY2-139771,1,spy2,train,-1.7253203826142627,1.6414049769757426
ACRIN-6698-355942,0,spy2,train,-1.0070126452021406,-0.502408440821165
ACRIN-6698-104268,0,spy2,train,-0.5196527637802618,0.8505988558455193
ISPY2-116165,0,spy2,test,-0.0973535405172635,-0.1506201436468876
ISPY2-420523,0,spy2,train,-1.8138216575741468,-0.1632953381172739
ISPY2-654956,0,spy2,train,-0.46271567801577257,-1.1004467748312214
ISPY2-145513,0,spy2,train,-1.693250257281313,-2.931205610437896
ISPY2-780272,0,spy2,train,-2.197445753687091,-1.9339357689377745
ISPY2-419590,0,spy2,test,0.302587856216207,0.5213256885645345
ISPY2-924868,1,spy2,train,-0.7830719732568993,0.014599301503512477
ACRIN-6698-335536,0,spy2,train,1.4784338599688953,-0.45695325534678816
ISPY2-957408,0,spy2,train,0.26974184513207744,0.2219157363949586
ISPY2-125130,1,spy2,train,-0.6153688971218977,0.3920013296387826
ISPY2-520258,0,spy2,train,-0.903896060181502,-1.7840144148112278
ISPY2-872188,1,spy2,test,-0.38636852088138496,-0.11933812618963219
ISPY2-388581,1,spy2,train,0.9120545183785559,-0.9267103332577548
ISPY2-402384,0,spy2,train,-2.5541150833604633,-0.5999727804402835
ISPY2-833536,1,spy2,train,-2.4154454329457247,-2.4971323820754936
ISPY2-896621,0,spy2,train,-2.076208570396062,-3.2251502562672973
ISPY2-877463,0,spy2,train,-2.868631654043141,-1.256441162379284
ISPY2-227881,1,spy2,test,-2.027808228158287,2.648902574646716
ISPY2-846156,0,spy2,train,-2.8645593306886603,-2.5903189921665
ISPY2-683374,0,spy2,train,-2.53087954469833,1.2165544242489243
ISPY2-301968,0,spy2,train,-0.6954365564759317,-0.9811185545024361
ISPY2-771813,0,spy2,train,0.5581213859899881,-1.3483234531201054
ISPY2-567907,0,spy2,train,-0.8412833384825469,-1.4411804905689602
ISPY2-225836,0,spy2,train,0.016430485467453106,-0.051799833095255966
ISPY2-983841,1,spy2,train,-0.2920340080850622,-1.574289800499555
ISPY2-209397,0,spy2,train,-1.2507891053561735,-0.0656628946898987
ACRIN-6698-412772,0,spy2,test,0.3431845891943688,-1.2683009030841885
ISPY2-460776,1,spy2,train,1.4093302004376964,-1.2032861320494848
ISPY2-840501,1,spy2,test,-1.9263095166994784,-3.2601566609961403
ISPY2-932200,0,spy2,train,-0.8654036691972132,1.4521527198818773
ACRIN-6698-856159,0,spy2,train,0.6803244194188204,-0.6402597059252546
ISPY2-299840,0,spy2,train,-0.604082705402829,1.4058745194982794
ISPY2-267306,1,spy2,train,-4.159174182020406,0.761408510440579
ISPY2-466267,1,spy2,train,-0.8912983389727057,-3.537423680982214
ISPY2-934906,0,spy2,train,-2.084416765588528,1.5805537024081593
ISPY2-129837,0,spy2,train,-2.3889567282421313,0.4082023802680113
ISPY2-862244,0,spy2,train,-2.077557633971311,0.5759186891585212
ISPY2-455828,1,spy2,train,-1.0186551298539324,2.20746224930214
ISPY2-239061,0,spy2,train,-2.4668027884853574,-2.1503538360836116
ISPY2-974618,1,spy2,test,-0.05540690716631711,0.18712603756914167
ISPY2-815493,1,spy2,train,-0.6988699167002226,1.394451748443047
ISPY2-797427,0,spy2,train,1.060197261596966,-1.2128471331797988
ISPY2-254273,0,spy2,train,-0.337767605587664,-4.752247580439681
ACRIN-6698-690089,0,spy2,train,0.1594419933909245,-0.22550284435308937
ISPY2-597253,0,spy2,train,-2.151344391025725,0.6361046085264734
ISPY2-491526,0,spy2,train,-0.7456074987487377,0.8761916999714857
ACRIN-6698-598835,0,spy2,train,-0.7419839464510971,-0.06523018511444932
ISPY2-103693,0,spy2,train,0.6508986137747557,-0.2636198356525284
ACRIN-6698-839274,0,spy2,train,-3.2151911702065483,0.6816716755650322
ISPY2-136536,1,spy2,train,0.9800260151439264,-1.2620523447248073
ISPY2-157463,0,spy2,train,-1.4304549585033972,1.4778976180272956
ISPY2-570148,0,spy2,train,-1.5330051783490444,1.3025747148182585
ISPY2-882538,1,spy2,test,-2.382798233383608,-3.9260529653923526
ISPY2-151230,0,spy2,train,-2.0631191476214155,2.6973602086523227
ISPY2-380972,0,spy2,train,-0.3405328703025467,0.5823781833399256
ISPY2-666450,0,spy2,test,-2.3435673634926313,2.370576902396296
ISPY2-439489,0,spy2,train,-0.7113019045476403,1.7448357083416592
ISPY2-570380,0,spy2,train,-2.1453809943016138,0.7236176460394841
ISPY2-133650,0,spy2,train,0.09469207027118774,0.4572164976025942
ISPY2-502486,0,spy2,train,-2.959464697355521,2.3671512813925353
ACRIN-6698-987914,0,spy2,train,0.5018840541649178,0.4137935979100608
ISPY2-437162,0,spy2,train,0.006175467265396009,-1.2561252227377389
ACRIN-6698-255388,1,spy2,train,-1.2784425616173887,-3.6924358644715416
ISPY2-377460,1,spy2,train,-1.190510626490078,-3.0626103730689955
ISPY2-127675,0,spy2,train,-2.285188600720855,0.23489847859511334
ISPY2-790722,0,spy2,train,-1.1960318176454279,0.8981404140083967
ISPY2-709559,0,spy2,train,1.6896887787372241,1.4086355766965097
ACRIN-6698-284443,0,spy2,train,-1.9254428417340952,1.4348024182833001
ISPY2-923968,1,spy2,train,-4.061834771122491,-1.562667889139753
ISPY2-477816,0,spy2,test,-1.5098502716488442,-2.041680918263498
ACRIN-6698-298101,0,spy2,train,0.16646510539817805,0.3167988047487687
ISPY2-151980,1,spy2,train,-1.8453592475828375,-4.0650654267059725
ACRIN-6698-115987,0,spy2,train,-0.542976367978278,0.4124252678587013
ACRIN-6698-804979,0,spy2,train,-0.08255810102392039,-0.5365576063639652
ISPY2-632408,0,spy2,train,-0.6619626079330956,1.0137512728504028
ISPY2-105286,0,spy2,train,-1.3512061747096056,-4.6673059557840695
ISPY2-765773,1,spy2,train,-0.4087571441383845,0.008136545552543464
ISPY2-803514,0,spy2,train,-2.3246211261973366,0.13848987552354922
ISPY2-202956,1,spy2,train,0.6945913961021035,0.6128710365216674
ACRIN-6698-144302,0,spy2,train,0.4503810777944258,-1.4174217987271573
ISPY2-362993,0,spy2,test,-2.294905594908034,1.2215180942401436
ISPY2-809649,1,spy2,train,0.9503576452411754,1.4653781343020444
ISPY2-552549,0,spy2,test,1.340142297280698,-0.4119387271967357
ISPY2-220664,1,spy2,train,-0.728306988405924,2.1247399273405283
ISPY2-411950,0,spy2,train,-2.0447894393653563,-3.3182754833155244
ISPY2-114087,0,spy2,train,0.460476551994445,0.6025816920249758
ISPY2-240432,0,spy2,test,-1.6038887289293418,2.7158840782953586
ISPY2-414286,0,spy2,train,-1.2580225567585273,-3.423972144724499
ISPY2-301289,0,spy2,train,-0.2639317984427187,-0.5085369235189174
ISPY2-462605,1,spy2,train,-2.608924924495307,-3.5706819492922826
ISPY2-697871,1,spy2,train,-2.2096862285769747,0.8469640405624682
ISPY2-442981,1,spy2,train,-1.6294444458741468,1.121422025531141
ACRIN-6698-435279,0,spy2,train,-1.8600052942506513,3.195157873359631
ISPY2-204939,1,spy2,train,-0.28062124072713046,0.8907805610083926
ACRIN-6698-688955,0,spy2,train,0.3842035947568873,-0.3233394390119856
ACRIN-6698-700549,0,spy2,test,-1.335400051744046,1.403260097841634
ISPY2-536253,1,spy2,train,0.30090344856564083,0.17208548650425456
ISPY2-442669,0,spy2,train,0.32445474126408536,-0.10129979710181211
ISPY2-147139,1,spy2,train,-2.055478686497874,0.5563343271914442
ACRIN-6698-328160,0,spy2,train,0.9611527513871961,-1.310814883184263
ACRIN-6698-860243,0,spy2,train,-1.8209390669078662,1.7546393553328576
ISPY2-228192,0,spy2,train,-1.4649658633306877,-1.4552023272402381
ACRIN-6698-284593,0,spy2,train,-0.515831374918108,1.2995281712273197
ISPY2-248255,0,spy2,train,-0.3848190936664654,-0.8216080185210954
ACRIN-6698-875089,0,spy2,train,-1.7814217729137252,-0.2431555618366441
ACRIN-6698-771443,0,spy2,train,-2.062762127708341,1.631070241121877
ISPY2-889049,0,spy2,train,-1.1627781990178219,-0.6454413339439217
ISPY2-531672,0,spy2,train,-0.8093721019122011,-4.598789445716843
ACRIN-6698-462582,0,spy2,train,-0.8416954386674612,0.608008894323675
ACRIN-6698-641246,1,spy2,train,-1.5457375143923369,-3.205798640179459
ISPY2-894128,1,spy2,train,0.6578544977431863,-0.7172901097270145
ACRIN-6698-196064,1,spy2,test,0.47146083261974486,-0.7373644102090952
ISPY2-578975,1,spy2,train,-0.6090415066925656,1.8861568061423615
ISPY2-335091,1,spy2,train,-1.8432681156010695,0.19639838469520918
ISPY2-829491,0,spy2,train,-4.236781885570966,-2.007000057788295
ISPY2-406190,0,spy2,train,-2.4459707885831796,-1.3804018423846047
ISPY2-781335,0,spy2,train,-3.629349496295082,3.230041518623268
ACRIN-6698-801641,0,spy2,train,-2.054408546057542,0.4732247704665818
ISPY2-628692,0,spy2,train,-2.6233766732906276,2.553756445973728
ACRIN-6698-213913,1,spy2,train,0.36116212385080837,-1.3685280813548628
ACRIN-6698-580632,0,spy2,train,-1.2615475815911332,0.7201852470347712
ISPY2-783578,1,spy2,train,-1.0751552619557123,-2.6555531402006243
ISPY2-847753,1,spy2,train,0.858509899102656,0.15872150809779553
ISPY2-910706,1,spy2,train,-1.5086362922166983,1.2205336324006617
ISPY2-553012,0,spy2,train,1.865976000619263,-1.942607633164304
ISPY2-782334,0,spy2,train,-1.131679782975279,-3.269106346711407
ISPY2-836114,0,spy2,train,-0.7195309383325269,0.9880351504434575
ISPY2-944419,0,spy2,train,-0.21357547238801333,0.1464323447954281
ISPY2-159352,0,spy2,train,-0.9453649417942623,-3.872461116757119
ISPY2-374121,0,spy2,train,-1.1758357913132642,1.0015817514560648
ACRIN-6698-103939,0,spy2,train,0.2719766118823661,1.071619566248202
ISPY2-676048,0,spy2,train,-0.7176555080017625,-0.025663218663042848
ISPY2-416434,1,spy2,train,-1.7252150666850723,1.8489856479786588
ISPY2-472799,1,spy2,train,-0.451823350332167,-1.1950507233725465
ISPY2-178649,1,spy2,train,0.48519873682357056,-1.5062136260968362
ACRIN-6698-928446,0,spy2,train,-3.0017348471130982,0.5275409420226617
ISPY2-245655,0,spy2,train,-1.8950655128769982,-0.9737466471670246
ISPY2-117707,1,spy2,train,-1.3974578141080585,1.0393276069153667
ISPY2-553141,1,spy2,train,0.14219529466096625,0.14338505445224006
ISPY2-382853,1,spy2,train,-1.6533025827017094,-0.03663923952912838
ISPY2-631337,0,spy2,train,-5.444574299438565,-0.4384826110113747
ACRIN-6698-516763,1,spy2,train,-1.74896961549407,3.4677793805767503
ISPY2-685182,1,spy2,train,-0.2463469394271545,-0.6053437580335913
ACRIN-6698-317641,1,spy2,train,0.018518422994510515,-0.2780410279630418
ACRIN-6698-587691,1,spy2,train,-0.6225732452417081,-1.8022794409371392
ISPY2-174904,0,spy2,train,-0.5063864800632852,-2.1203121003236363
ISPY2-778020,0,spy2,train,-1.1220783195716508,-0.23956126927800175
ACRIN-6698-695521,0,spy2,test,0.14693530553350628,-0.18109603927698117
ISPY2-493472,0,spy2,train,-0.377207513941738,-0.8062555018535424
ISPY2-885590,0,spy2,train,-1.1767844078260867,-4.3741836443190065
ISPY2-443708,0,spy2,train,-1.9740657859185293,2.0391312218563975
ISPY2-622078,0,spy2,test,-3.2149601899875933,-2.3697721972645045
ISPY2-627118,0,spy2,train,-3.1208885190491293,3.204269007826603
ISPY2-916645,1,spy2,train,-0.46592330407629057,0.613026855856985
ACRIN-6698-899692,1,spy2,train,0.4224318409242599,0.29510797188700544
ISPY2-427321,1,spy2,train,-1.1409218818853049,2.7504747452842113
ISPY2-581648,0,spy2,train,0.5737572024640856,-1.4089996624626906
ACRIN-6698-172366,1,spy2,train,-0.7583167250396003,0.9259979418417202
ACRIN-6698-329076,0,spy2,train,-0.40993916625742455,0.2562438062646391
ISPY2-903880,0,spy2,train,0.5615391560065249,0.6413374453982325
ACRIN-6698-146987,0,spy2,train,0.2913443258729532,-0.3584122293637276
ISPY2-913225,1,spy2,train,0.20518438918452256,0.6672914633038163
ISPY2-201873,1,spy2,train,-4.504469823414847,2.7842168286022804
ISPY2-345574,1,spy2,train,-0.8800592889851208,1.2025986707645102
ISPY2-905264,0,spy2,train,1.0223566044459944,-0.8422872381175598
ISPY2-142688,0,spy2,train,-0.39035671421985246,0.694018980174544
ACRIN-6698-655128,0,spy2,train,-0.08090598411256791,0.2921052547639765
ISPY2-309830,0,spy2,train,-3.535976177397593,-0.31766745168041194
ACRIN-6698-929980,1,spy2,train,1.4197144926080827,-1.067327270777878
ISPY2-712276,1,spy2,train,0.5111483256897843,-0.6222416870205211
ISPY2-966016,1,spy2,train,0.338848722056035,0.17564070567544826
ACRIN-6698-649198,0,spy2,train,-0.524657113065229,-0.26925409041134124
ISPY2-953262,0,spy2,train,-1.3934556750270335,-3.887653410642151
ISPY2-974181,1,spy2,train,-1.8313086658426556,-3.5723195970582697
ISPY2-357017,0,spy2,train,-4.8862806617070245,3.3320170762564016
ISPY2-380239,0,spy2,train,0.2892892934777196,0.37378764149178373
ISPY2-178815,0,spy2,train,-1.7395872730941462,2.212738584039931
ACRIN-6698-299962,0,spy2,train,-3.718376465446859,3.5854746889651463
ISPY2-575372,1,spy2,test,-0.04605485190442218,-0.903303646288973
ISPY2-350331,0,spy2,train,-1.8190865088445474,-3.054491489142156
ACRIN-6698-417474,1,spy2,train,1.3967622545713583,-1.308660582169404
ISPY2-527320,0,spy2,train,-4.058890555429632,2.279830059864164
ISPY2-851488,0,spy2,train,-2.6222495299885673,-3.33766476843949
ISPY2-535779,0,spy2,train,-1.822726288806917,2.1523606967890196
ISPY2-127791,0,spy2,train,-1.4523969659740266,-0.46215950480729473
ACRIN-6698-263143,0,spy2,train,-2.583245861973357,2.4470887300767195
ISPY2-791944,0,spy2,train,-0.782425140936124,-4.2813875006707525
ACRIN-6698-629606,0,spy2,train,-2.1236822537884925,-2.965993968730479
ACRIN-6698-209967,0,spy2,train,-0.3029401729210323,0.37431822006617244
ISPY2-183831,1,spy2,train,-1.4282986227520575,0.8539646340167217
ACRIN-6698-343898,0,spy2,train,-2.520066731758741,-0.0534921722463527
ISPY2-353318,0,spy2,train,0.34119605341758885,0.6910192054683133
ACRIN-6698-531988,1,spy2,train,0.25059508124615754,-0.31664081458656723
ACRIN-6698-963303,0,spy2,train,-0.73429075573766,0.6846181045933059
ACRIN-6698-631299,0,spy2,train,0.8919079825404145,-1.2332830032539064
ISPY2-264678,0,spy2,train,-1.1667143726973224,-0.3029545965580976
ISPY2-987995,0,spy2,train,-1.3899234822010471,-2.508000029770973
ISPY2-235995,1,spy2,train,0.7155845758113663,-0.004897847106271736
ISPY2-962472,0,spy2,train,-1.1696178735425486,1.6927270840068105
ISPY2-624777,0,spy2,train,-0.7806299212274802,-1.6601923113792065
ISPY2-515141,1,spy2,train,-1.181544152968925,-3.7225018625149757
ISPY2-411684,0,spy2,train,-1.2660476547533903,-0.1691873328628103
ISPY2-640043,0,spy2,train,-1.4203570871511693,-5.284929067357369
ISPY2-111004,0,spy2,train,-2.046754259629272,1.9569493004463063
ISPY2-830958,0,spy2,train,-0.6260421744687852,1.5505941132925634
ISPY2-573586,0,spy2,train,-4.113588886778349,2.054382638344299
ACRIN-6698-755914,1,spy2,train,-0.8158552161241541,-1.6262731111780262
ISPY2-316996,0,spy2,train,-2.134758549905034,2.12737211753261
ISPY2-363669,0,spy2,train,-0.8263010391520574,-0.17830402310658564
ISPY2-190224,0,spy2,train,-0.8139771754349218,-0.7367302971864149
ISPY2-461824,0,spy2,train,0.2499857098575519,0.9155849975645859
ISPY2-345483,0,spy2,train,-2.651672114826645,-4.071865313696806
ISPY2-479417,1,spy2,train,-1.3276950706639243,1.092637764428572
ISPY2-261304,0,spy2,train,0.27154678475044036,0.0016455895423511321
ISPY2-941926,0,spy2,train,-1.842895780054874,2.093599010915389
ISPY2-906042,0,spy2,test,-3.039650901161033,0.9078918879264473
ISPY2-988443,0,spy2,train,-2.6265516813777454,2.3105882918701433
ISPY2-180027,1,spy2,train,-0.5302971334124187,-0.6728790993521114
ISPY2-845663,0,spy2,train,0.1958897148660338,0.6502985401807867
ISPY2-134526,1,spy2,train,0.5324924170102486,-1.722577704258267
ISPY2-727804,1,spy2,train,-0.0016131196270241295,0.16625299987521924
ISPY2-814299,1,spy2,train,-1.1477191178111714,1.0241016874854771
ACRIN-6698-654021,0,spy2,train,1.4100623753094186,-0.8903434837183635
ACRIN-6698-820807,1,spy2,train,-0.9787208079205703,1.4672126762963351
ISPY2-211408,1,spy2,train,-1.6269398754160675,0.15341704693638553
ISPY2-286984,0,spy2,train,-0.5268752300012893,1.570386004041538
ISPY2-914968,0,spy2,train,-3.8562408223952005,1.5028844684323988
ACRIN-6698-289420,0,spy2,test,-0.45294543209896554,0.7934466522368336
ISPY2-192548,0,spy2,train,-0.6909899349189688,1.3697695065211977
ISPY2-255078,0,spy2,train,-2.3779598675397557,-4.056580905824138
ISPY2-273745,0,spy2,train,-1.3940698530967488,-1.3112905440906946
ISPY2-374106,0,spy2,train,0.415542634035017,-1.4427939374088166
ISPY2-890414,1,spy2,train,-0.10125028045005159,-0.971140632533909
ISPY2-604326,0,spy2,train,0.0692487332055333,-0.005593399068576016
ISPY2-563856,1,spy2,train,0.5828669240953884,1.1262311920465087
ACRIN-6698-688291,0,spy2,train,-0.3520187360871905,0.24992902903508513
ACRIN-6698-530095,0,spy2,train,0.6517749991982529,0.007596479656921024
ISPY2-705381,1,spy2,train,-1.7692969122993676,0.43792453344230675
ISPY2-636424,0,spy2,train,-0.18845209159979742,0.395094719726202
ACRIN-6698-222135,0,spy2,train,-0.5142194190292204,0.38809442360303387
ISPY2-349639,1,spy2,train,-3.0345827490556134,-2.93110847469552
ISPY2-703455,0,spy2,train,-1.117812150756392,2.6698114413566625
ISPY2-386664,0,spy2,train,-0.6745144661631339,1.2975311536316452
ISPY2-651541,1,spy2,train,-0.8216653545029982,-3.851434564200269
ISPY2-426106,0,spy2,train,-3.609803131362394,1.1027492210762626
ISPY2-981461,0,spy2,train,-0.24389934577734054,-0.8776737030504833
ISPY2-446263,1,spy2,train,-0.3991262290790031,0.7302576063309415
ISPY2-122795,0,spy2,train,-0.13604724108878896,0.07667310569438834
ACRIN-6698-396723,0,spy2,train,-0.7538548832600097,0.03203102028427791
ISPY2-313672,0,spy2,train,0.7920642964670216,-0.17702774428369644
ISPY2-500826,0,spy2,train,0.06051756428516959,-0.14334246108569437
ISPY2-729270,1,spy2,train,-2.207475883814718,-2.802111238733568
ISPY2-666147,0,spy2,train,-1.8782654968010783,-0.46811833930226154
ACRIN-6698-179369,0,spy2,test,-2.3294617694124775,1.9781436433369275
ISPY2-982505,0,spy2,train,-1.7943504629047324,-2.4940888113627824
ACRIN-6698-375954,0,spy2,train,-3.3924735772660197,0.6247207054157289
ISPY2-194024,1,spy2,train,-0.25046238364454226,0.4743347558237737
ACRIN-6698-320538,0,spy2,train,-1.1578073272878342,1.00371833066098
ISPY2-637051,0,spy2,train,0.1440547618345331,-1.3617033499278568
ISPY2-697098,1,spy2,train,-2.828862629150918,2.372601871990198
ISPY2-832056,0,spy2,train,-5.014212988757565,-3.432509249803892
ACRIN-6698-942017,0,spy2,train,-1.0795430279036238,2.8090918676944048
ISPY2-266509,1,spy2,train,0.31040820571604405,-0.9067812115107672
ISPY2-307659,0,spy2,train,-1.1101536887130512,-0.711471803674882
ISPY2-677915,0,spy2,train,-0.7645994548693303,1.1432301380412413
ISPY2-100899,0,spy2,train,-0.37463582644941423,0.028989226733571155
ISPY2-803677,0,spy2,train,-1.7030359598033222,1.182192717049678
ISPY2-233832,0,spy2,train,-0.5689518637787964,1.1985713152260042
ISPY2-733276,0,spy2,train,0.44511471348316206,0.20431287991365915
ISPY2-994987,0,spy2,train,0.2977206273544075,0.7146753509090965
ISPY2-360937,0,spy2,train,-1.9909687326274144,1.8986043085642685
ISPY2-357034,0,spy2,train,0.7716587433392301,0.015529272481803625
ISPY2-485637,0,spy2,train,-3.147491899097676,-4.662889139003569
ISPY2-590220,1,spy2,train,-1.827958424535107,-4.197519619990025
ISPY2-405717,0,spy2,train,-0.03248202189984364,-0.28519807770053635
ISPY2-640463,1,spy2,train,-2.025800499060449,-3.4853062396328798
ISPY2-650589,0,spy2,train,-3.5445063927813014,-1.5452289859624113
ISPY2-291515,0,spy2,train,-1.2521109063850886,0.9401584314428041
ISPY2-955953,1,spy2,train,-2.4348650185152354,-3.829206189853295
ACRIN-6698-799149,1,spy2,train,-1.376496332639069,1.1719414691870487
ISPY2-182346,0,spy2,train,-2.633289439728538,-1.8355501393242437
ISPY2-340186,0,spy2,train,-0.7442383448126323,-0.5611914868914486
ISPY2-324021,0,spy2,train,0.07160884650131345,2.3142018473499615
ACRIN-6698-943633,0,spy2,train,0.38812655854912914,-0.14674099236085722
ACRIN-6698-429220,0,spy2,train,-0.7733318141297186,-0.4185696860994364
ISPY2-640927,0,spy2,train,-2.065231983030973,0.3306988024275362
ACRIN-6698-901705,0,spy2,train,-1.4947562220324,0.43699430431787856
ACRIN-6698-712785,0,spy2,test,0.32222078860232284,0.26682798834485466
ISPY2-109980,1,spy2,train,-2.1058037967506076,1.0030338116436193
ISPY2-489504,1,spy2,train,-2.393721114633065,2.04261412656943
ISPY2-845079,1,spy2,train,1.0245918017187934,-0.09226748601588913
ISPY2-234272,0,spy2,train,-1.5969986713858173,1.369781127869434
ISPY2-706418,1,spy2,train,-0.09772345886361591,0.6179945199095122
ISPY2-259206,0,spy2,train,-1.2477702736054397,1.4183983341168436
ISPY2-149654,0,spy2,train,-1.4417344311220788,1.6288940987608667
ISPY2-663197,0,spy2,train,-0.7487991995280707,1.557465811516908
ISPY2-857165,0,spy2,train,-1.6578422553288799,2.547165733552886
ISPY2-330134,0,spy2,train,0.525308999020128,-1.0820597615977086
ACRIN-6698-771151,1,spy2,train,-1.055038087240566,0.35936634959762276
ISPY2-646600,0,spy2,train,-0.7382930437824378,0.26345536362006117
ACRIN-6698-629371,1,spy2,train,-0.947481493147384,0.10464685483735311
ACRIN-6698-169918,0,spy2,train,-2.2953952391133994,0.21610183058461446
ISPY2-507198,0,spy2,train,-1.0077528562337794,-0.13716896296694725
ISPY2-800710,0,spy2,train,-1.4051270744051145,1.2243466919834318
ISPY2-570966,0,spy2,test,-2.1148470375360917,-0.2972091641093345
ISPY2-745633,0,spy2,train,-0.10470339953627103,-1.9195276034196083
ISPY2-255535,0,spy2,train,-1.0315794562436582,3.3177011296052052
ISPY2-725455,0,spy2,train,-1.3203600253416667,-3.193006733996134
ACRIN-6698-698094,0,spy2,train,-2.214476929862635,1.5351285185732122
ACRIN-6698-734997,0,spy2,test,-1.760135558961768,0.40414654834756303
ACRIN-6698-792181,1,spy2,train,0.40104756073237013,-1.0968076217878957
ISPY2-934459,0,spy2,train,-1.2667945609804243,-2.3873694406396373
ACRIN-6698-467686,1,spy2,test,0.1241850638464843,-0.22227210574695488
ISPY2-644186,0,spy2,test,-0.3664436217124065,0.839121268983649
ISPY2-456432,0,spy2,train,-0.7483634381618243,-0.7271295116817387
ISPY2-478484,0,spy2,test,0.5156001414035706,0.23965819491078014
ISPY2-166782,0,spy2,train,0.09651535947091318,0.2160240982498235
ACRIN-6698-287961,1,spy2,train,-1.4878574987805129,0.22366013103497898
ISPY2-202539,1,spy2,train,-2.3998486123307115,1.148963059416061
ISPY2-520986,1,spy2,train,-0.6190764710147233,-1.9619585300107005
ISPY2-252748,1,spy2,train,-2.700051685874964,-2.673122200399967
ISPY2-306127,0,spy2,train,-0.9868796938226176,-0.682187193718607
ISPY2-129973,1,spy2,train,-0.8766340380638284,0.05157251965579565
ISPY2-454808,0,spy2,train,1.2978036323552766,0.020795615586022324
ISPY2-727255,0,spy2,train,-1.944725306107602,1.9607433110884271
ACRIN-6698-597907,0,spy2,test,0.6684330244776038,-0.08974038931694925
ISPY2-962664,1,spy2,train,-0.9381069773733982,1.502511199943295
ISPY2-228340,0,spy2,train,-2.5123666811708665,1.799686987955285
ISPY2-341238,0,spy2,test,0.07135130755358046,-0.7818921287138179
ISPY2-759015,0,spy2,train,-0.0313675753227594,0.47962263987104137
ISPY2-655795,1,spy2,train,-1.8578896174365023,-5.182464249554755
ISPY2-790397,1,spy2,train,-1.8625961596523524,0.5337960297109955
ISPY2-572731,1,spy2,train,-0.7197587198097957,0.17764235388388294
ISPY2-644609,1,spy2,train,-0.5664057402312939,1.1248516049958837
ISPY2-459311,0,spy2,test,0.25221166967983766,-0.4193621354156139
ACRIN-6698-987728,1,spy2,test,-0.06583081310812082,0.214951049934854
ISPY2-572235,0,spy2,train,-1.8037072483728844,2.3018240076026553
ISPY2-609642,1,spy2,train,-0.14209000946895073,-4.485931918738344
ACRIN-6698-946927,1,spy2,train,-0.47368245897587724,0.4158948563233
ISPY2-950131,1,spy2,train,-0.17731815180460178,0.11326514604279375
ISPY2-311316,0,spy2,train,-2.948479198569125,2.5478507578525442
ISPY2-596458,1,spy2,train,-1.5714914522425354,-3.334685400052712
ISPY2-889721,1,spy2,train,-0.0890495361709184,-1.1582512199523238
ACRIN-6698-465008,0,spy2,train,1.0654400909160153,-1.253823662152136
ISPY2-865416,0,spy2,train,-2.2245823970553142,-3.5387002593564083
ISPY2-835658,1,spy2,train,0.9132211788978291,-1.519024717923882
ISPY2-660915,0,spy2,train,0.23951582660875906,0.9338642037487103
ISPY2-493519,0,spy2,train,-2.0856923087781416,-2.237908735638809
ISPY2-318569,0,spy2,train,-0.9120319116953463,1.9764334316075534
ISPY2-819622,0,spy2,train,-1.1416926962179357,1.2097471188456639
ISPY2-600536,0,spy2,train,-2.4337840560236472,2.7817068272501246
ISPY2-566011,0,spy2,train,-2.5858544468603806,2.2096095275559904
ISPY2-318438,0,spy2,train,-1.5394819478030357,-3.4963291196833044
ACRIN-6698-422013,0,spy2,train,-2.365319147999135,1.2258698237212007
ISPY2-663467,0,spy2,train,-1.6826515477091841,2.3634291357327415
ISPY2-823618,0,spy2,train,-0.7252180564974587,-2.8304535609451906
ISPY2-188511,0,spy2,train,-1.153764678998288,-4.585912158830689
ACRIN-6698-573919,0,spy2,train,-0.4232955217863932,0.8472194065562947
ISPY2-660534,1,spy2,test,0.49767204768779905,-0.5159655642046181
ISPY2-692885,0,spy2,train,0.5134471794280606,-0.2911950319349643
ISPY2-834418,0,spy2,train,-0.6204069238947848,-1.1739362204093429
ISPY2-602943,1,spy2,test,-2.503269895503974,-2.827012619973292
ISPY2-378401,1,spy2,train,-1.8364889042175052,1.7216104042257427
ISPY2-123660,0,spy2,test,-2.0067667667386053,-3.4924413146286057
ISPY2-859699,1,spy2,train,-1.5748476431825076,-3.8546977598922694
ISPY2-188091,1,spy2,train,0.7121632251728913,-0.21672859051819277
ACRIN-6698-736721,0,spy2,test,-1.4639080501380086,0.009123555562972941
ACRIN-6698-233191,0,spy2,train,-2.43162235990152,1.8981059485292084
ISPY2-111674,1,spy2,test,-1.223338738980642,-2.480544162516257
ACRIN-6698-407539,0,spy2,train,-1.0502197039927985,2.1553230236120857
ACRIN-6698-511851,0,spy2,train,-0.8383901669430454,0.8302785513158341
ISPY2-128051,0,spy2,train,-1.0989028491603354,-1.2842912259076158
ISPY2-824234,1,spy2,train,-2.3130253735116857,2.9279129306499474
ACRIN-6698-283070,0,spy2,train,-2.3806741257596533,-3.0298609382817743
ISPY2-229144,0,spy2,test,-1.1714595439395212,0.02035943963134489
ISPY2-424541,0,spy2,train,0.031033450562068177,0.23320196902440377
ISPY2-542392,0,spy2,train,-1.2743938710835903,-4.232601372493808
ISPY2-749097,0,spy2,train,-1.9061834483906321,1.2583850016061744
ISPY2-437968,0,spy2,train,0.15425992437778904,-0.21868760761221773
ISPY2-460812,0,spy2,train,-0.5301841139295789,2.6199602726219924
ISPY2-728714,0,spy2,train,-0.3388300457696786,1.3550515783851191
ISPY2-413961,0,spy2,train,-1.35821776165617,-4.13040096108569
ISPY2-395379,0,spy2,train,-2.5901458460987206,0.5417762431307221
ISPY2-294176,1,spy2,train,-0.5831807395839238,1.2361792642844487
ACRIN-6698-130580,1,spy2,train,-2.3543702088381906,0.6053317754764169
ISPY2-375342,0,spy2,train,-2.323862795502024,-1.4345306590647806
ISPY2-503034,0,spy2,train,-2.870260828734991,1.9043862901138404
ACRIN-6698-490023,1,spy2,train,-1.8630353406820466,1.2828386172228754
ISPY2-299364,0,spy2,train,-2.5088585161882,-2.4437714116011184
ISPY2-303947,1,spy2,test,-0.43358222641512334,-4.530347385483545
ISPY2-766967,1,spy2,train,-0.8163778629795346,-0.10402575858559263
ISPY2-726381,0,spy2,train,-0.9344193091349574,-0.8697537206938526
ISPY2-841336,0,spy2,train,-0.05443039720639523,0.6549707201249313
ISPY2-589502,1,spy2,train,-1.69358791448894,1.2271761070409348
ISPY2-462581,0,spy2,train,1.3190189163007795,-1.3578766378246563
ISPY2-940186,1,spy2,train,-1.6798058935063034,1.7937227629846726
ISPY2-592535,0,spy2,train,-0.8231598779945778,-3.621143085874283
ISPY2-443444,0,spy2,train,-1.962273596321127,-2.0400812287882113
ISPY2-492612,0,spy2,test,-0.2681392440890081,0.11954265051213159
ISPY2-885871,0,spy2,test,-0.6304966921263181,0.982833024055716
ACRIN-6698-995480,0,spy2,train,0.4803834693771293,0.900173497975617
ISPY2-528833,1,spy2,train,0.4471701823460937,1.4750679151660622
ACRIN-6698-775346,0,spy2,train,-1.81647797538046,1.8461331101425094
ISPY2-515565,0,spy2,train,-1.7835394950047838,-4.888933329845181
ISPY2-442637,0,spy2,test,0.9459592615692759,-1.2978454485114879
ACRIN-6698-408692,1,spy2,train,0.18117035756723418,-0.37090280272615267
ISPY2-497010,1,spy2,train,-1.856965811757389,0.823303308041762
ACRIN-6698-805136,0,spy2,train,-2.1358011080523176,3.2139056209252628
ISPY2-238790,0,spy2,train,-0.0796246867927075,1.124886696053658
ISPY2-327142,0,spy2,train,-0.2479372919011687,1.336329201102629
ISPY2-132463,1,spy2,train,-2.1850238646848243,0.10766778553006362
ISPY2-726940,0,spy2,train,-1.2950586098399275,1.1135397245922014
ISPY2-262131,0,spy2,train,-5.51137013496721,2.6336867051987642
ISPY2-792412,0,spy2,train,-1.36212780269997,1.5451885882740708
ISPY2-517870,0,spy2,train,-0.12960980789054422,-2.114546913788141
ACRIN-6698-652480,0,spy2,train,-2.1403480289530954,2.733172719942441
ISPY2-199115,0,spy2,train,0.44238459606651853,-0.5180126815445176
ISPY2-630758,0,spy2,train,-2.1157119259603467,1.4401021181463491
ACRIN-6698-783764,0,spy2,train,-0.007181258423283953,-0.11003716360843382
ISPY2-752372,0,spy2,test,-1.5381042327419217,-2.3164643544866164
ISPY2-549172,0,spy2,train,-0.783393474424329,-2.8914183786328755
ISPY2-174903,0,spy2,train,-0.1569318290682408,0.6558305702795397
ISPY2-808714,0,spy2,train,-0.51057740913181,-1.978987288965802
ACRIN-6698-928815,0,spy2,train,-3.440178801257179,3.148965844861888
ISPY2-241705,0,spy2,train,1.0664772470391022,0.7729617404521046
ACRIN-6698-148357,0,spy2,train,-1.2723308413436247,2.329925796054799
ACRIN-6698-680881,0,spy2,test,-2.721390009783839,2.5612278613519353
ACRIN-6698-591810,1,spy2,train,-0.6683332151882324,-1.0673094865641757
ISPY2-790070,0,spy2,train,-2.2579200619454314,1.5832994885320266
ISPY2-128675,1,spy2,train,-1.6511156983769033,1.76611904376126
ISPY2-889225,0,spy2,train,-1.4550274203318472,-2.78501640014232
ISPY2-411008,0,spy2,train,-2.454019146432393,-2.6601394305195347
ISPY2-723918,1,spy2,train,-1.4638925476098428,-0.5295414795822224
ISPY2-742477,0,spy2,train,-0.14778494757010424,-0.020043246300741953
ISPY2-579881,0,spy2,train,-1.0166362660006243,2.717199283487876
ACRIN-6698-162562,1,spy2,test,0.0496454415469654,-0.6992333897925455
ISPY2-120422,1,spy2,train,-1.377358678576236,-4.183469779858132
ISPY2-203254,0,spy2,train,-1.5708432102649297,0.5616021978632467
ISPY2-423619,1,spy2,train,-0.42861249548532154,1.0402232043031823
ISPY2-349330,1,spy2,train,-0.05419830508656132,-0.14469739809859303
ACRIN-6698-524170,0,spy2,test,-1.5575776554918186,1.375275393183401
ACRIN-6698-240957,0,spy2,train,-1.492345196536679,1.2592486326758685
ACRIN-6698-584561,1,spy2,train,-2.2942971912182095,-0.44346281313158376
ACRIN-6698-421917,0,spy2,train,-0.9189146267939348,0.5779637478035581
ISPY2-115638,0,spy2,train,-3.463587269894062,-2.2172315700746057
ISPY2-154293,0,spy2,train,-1.0118387630726036,1.7359144091863152
ISPY2-746731,1,spy2,test,-0.0361120931453067,0.45737721435886486
ISPY2-282082,1,spy2,train,-2.6822903032678727,-3.1180084766441167
ISPY2-433144,1,spy2,train,-2.522799774253676,0.6989128129610158
ISPY2-883886,0,spy2,train,-1.9446598544990032,-3.8015641268024623
ACRIN-6698-928170,0,spy2,train,-0.7101338260415081,0.6821858752930824
ACRIN-6698-520471,1,spy2,train,-1.6765230724846638,-3.3414079974915394
ISPY2-172283,0,spy2,train,-0.40614817386157015,-0.08658975284997712
ISPY2-720065,0,spy2,test,-0.4686533686987929,0.2447622107438087
ISPY2-478655,1,spy2,train,-0.4463655965749712,-1.1657682251804296
ISPY2-451482,0,spy2,train,-2.733128387335515,-2.822933523435032
ISPY2-586091,1,spy2,train,0.2283095477382865,-1.5882326350910918
ACRIN-6698-234723,0,spy2,train,-3.211515374929392,0.13251879229687227
ISPY2-602451,0,spy2,test,-0.6757384435736442,-4.236434577562929
ISPY2-883696,0,spy2,train,-1.7273608281394741,1.7692374274645284
ACRIN-6698-970839,0,spy2,train,0.3448889439428486,-0.4937374617454493
ISPY2-507249,0,spy2,train,-1.3809066298654997,-3.4437926355603365
ACRIN-6698-724293,1,spy2,train,0.5471356416025557,-1.5763693869988988
ISPY2-117424,1,spy2,train,-1.083308224507178,-0.24246107533105757
ISPY2-793684,0,spy2,train,-0.7731145018893889,-0.014149613959072316
ISPY2-380769,1,spy2,test,0.1209215586800697,0.35665891918540593
ISPY2-572444,0,spy2,train,-2.5015106384325843,-3.4305778021315763
ISPY2-796558,0,spy2,train,-1.9418498258010082,-0.481585057928868
ISPY2-925691,0,spy2,train,0.21838294661059368,0.24064885689803314
ISPY2-414256,0,spy2,train,-1.0799806993335548,1.7604351701499275
ACRIN-6698-765671,1,spy2,train,-0.5831467189778973,1.142232373481252
ISPY2-990443,0,spy2,train,-0.8847898439489038,0.24943978095795832
ACRIN-6698-384830,0,spy2,train,-1.8329695270041708,1.3437919138615886
ISPY2-836983,1,spy2,train,-1.3311608795202996,-3.1247996861556198
ISPY2-586207,1,spy2,train,-0.8894100754573244,-0.5984337567632942
ISPY2-559021,1,spy2,train,-5.739279345563556,2.5180415337302917
ISPY2-746265,0,spy2,train,-2.2401918052279313,2.288156231125527
ACRIN-6698-962153,0,spy2,train,-1.5238800285413345,0.057076177739221426
ISPY2-559263,0,spy2,train,-1.6063796519915272,0.4458600661837521
ISPY2-287300,1,spy2,train,-1.6754392081030862,2.036841362843063
ACRIN-6698-711476,1,spy2,test,0.8746118018562858,-0.7764594021944451
ISPY2-944536,1,spy2,train,1.754532013351665,-1.58971262096133
ACRIN-6698-361701,0,spy2,train,1.004650103196455,-1.2235946767438175
ACRIN-6698-924071,0,spy2,train,0.4314462294586349,-0.4450584328360922
ISPY2-598798,0,spy2,train,-3.235321416604352,-2.364544114133319
ISPY2-231633,1,spy2,train,-1.1633641797098944,0.8360683426363856
ISPY2-892390,1,spy2,train,-3.241853619986019,-4.786083714429634
ISPY2-666715,0,spy2,train,-0.23868004325395376,-1.2788904419169682
ACRIN-6698-241998,0,spy2,train,0.31695202849888465,0.09205113974530622
ISPY2-960963,0,spy2,train,0.4056914378406318,0.9349972231676886
Breast_MRI_577,1,duke,train,0.013285916071010923,-2.247172820698528
