variable,media_train,media_test,mediana_train,mediana_test,smd_test_menos_train,ausentes_train_pct,ausentes_test_pct,abs_smd
post_early,1.7347310847766637,1.5852272727272727,2.0,2.0,-0.3183717370768894,0.0,0.0,0.3183717370768894
n_z,88.71011850501367,76.73295454545455,80.0,68.0,-0.2732820720099321,0.0,0.0,0.2732820720099321
post_late,4.785779398359161,4.409090909090909,5.0,5.0,-0.2723509842830255,0.0,0.0,0.2723509842830255
n_times,6.290793072014585,5.8352272727272725,7.0,6.0,-0.25889399672284125,0.0,0.0,0.25889399672284125
slice_thick,1.8026416896004556,1.9363778250835226,2.0,2.0,0.2361717476195319,0.0,0.0,0.2361717476195319
mask_end,61.5077484047402,55.50568181818182,55.0,49.0,-0.1978573121050547,0.0,0.0,0.1978573121050547
enhancement_mean,0.13925436228984056,0.1290744469210592,0.1359718615588144,0.12900615955926314,-0.19025841838070634,0.0,0.0,0.19025841838070634
mask_start,26.144940747493163,22.198863636363637,22.0,17.0,-0.1858702626860278,0.0,0.0,0.1858702626860278
enhancement_p90,0.4012476093445582,0.37682709447415325,0.403921568627451,0.3686274509803922,-0.17616760596549652,0.0,0.0,0.17616760596549652
pre_saturation_fraction,0.000803809917940252,0.0010761824521151333,5.340576171875e-05,0.000164794921875,0.1551458783938414,0.0,0.0,0.1551458783938414
enhancement_std,0.17627647474642194,0.17043572159430895,0.1776492153041143,0.17104679675679596,-0.13242005583691352,0.0,0.0,0.13242005583691352
late_p50_tissue,0.38007042379394784,0.36965240641711233,0.3725490196078431,0.3607843137254902,-0.12972556148014328,0.0,0.0,0.12972556148014328
crop_height,86.22789425706472,81.1590909090909,75.0,73.0,-0.12625453059620217,0.0,0.0,0.12625453059620217
early_p50_tissue,0.3535631937369296,0.3436497326203209,0.3490196078431372,0.3294117647058823,-0.12369601085304871,0.0,0.0,0.12369601085304871
late_mean_tissue,0.4350910822037331,0.42754613370533895,0.4325325582123351,0.4207434796671786,-0.12286248977142332,0.0,0.0,0.12286248977142332
early_p90_tissue,0.7916563890825246,0.7787878787878788,0.8,0.7803921568627451,-0.11819860266060653,0.0,0.0,0.11819860266060653
pre_mean_all,0.12831263608491655,0.13337832663360974,0.1219826731962316,0.12704673318301923,0.11764494423817089,0.0,0.0,0.11764494423817089
early_std_tissue,0.24134604451347555,0.23780543148454142,0.2429702236279614,0.2378956007114167,-0.1162244964800604,0.0,0.0,0.1162244964800604
late_std_tissue,0.24119377936451372,0.23770141361409622,0.2419302806899498,0.2375244259743889,-0.11557751250533707,0.0,0.0,0.11557751250533707
early_mean_tissue,0.4139872314818979,0.40671442429527677,0.4116062214198989,0.40078939276296965,-0.11547875265523602,0.0,0.0,0.11547875265523602
background_fraction,0.5878858048732576,0.5751683170145209,0.6044967651367188,0.5803192138671875,-0.11053118648574899,0.0,0.0,0.11053118648574899
tumor_z_span,36.36280765724704,34.30681818181818,32.0,29.0,-0.10426497551016564,0.0,0.0,0.10426497551016564
late_p90_tissue,0.8141955779577099,0.8048128342245989,0.8156862745098039,0.807843137254902,-0.09697389572797772,0.0,0.0,0.09697389572797772
pre_p10_tissue,0.13097395749548676,0.13389037433155074,0.1215686274509803,0.1254901960784313,0.09672692896731226,0.0,0.0,0.09672692896731226
crop_width,74.26344576116682,70.9375,66.0,63.0,-0.09471186763475516,0.0,0.0,0.09471186763475516
tum_vol,26.5384607311801,22.891980860982773,12.7346771154,11.299385734127437,-0.09176057720450304,0.0009115770282588879,0.0,0.09176057720450304
sraw,90.86326344576116,94.19318181818181,90.0,93.5,0.08798783288210868,0.0,0.0,0.08798783288210868
n_xy,275.1358249772106,271.1818181818182,256.0,256.0,-0.08377884081899217,0.0,0.0,0.08377884081899217
enhancement_positive_fraction,0.812827048076281,0.8044149635023307,0.8337202886595685,0.8212987911761204,-0.07892916353820884,0.0,0.0,0.07892916353820884
pre_p90_tissue,0.47059181010599316,0.4771167557932264,0.4627450980392157,0.4745098039215686,0.06954139353834055,0.0,0.0,0.06954139353834055
early_saturation_fraction,0.018927402416026706,0.01851379221135917,0.0180206298828125,0.01826324462890625,-0.06108739093060523,0.0,0.0,0.06108739093060523
xy_spacing,0.718560497248695,0.7268368173534688,0.7031,0.7031125,0.060620274021985464,0.0,0.0,0.060620274021985464
pre_mean_tissue,0.2747328691920573,0.27763997737421753,0.2679989418873819,0.2705883867170249,0.06015509978863884,0.0,0.0,0.06015509978863884
scol,100.04831358249773,103.0625,92.0,97.0,0.05836590939699394,0.0,0.0,0.05836590939699394
pre_std_tissue,0.14008101526205669,0.14210247327190953,0.1393084839402755,0.1379812569536233,0.05659337693363015,0.0,0.0,0.05659337693363015
age,48.66491773308958,49.258750000000006,48.0,49.575,0.055024267269696336,0.0027347310847766638,0.0,0.055024267269696336
log1p_tum_vol,2.668144285892067,2.612051435619303,2.6199235537320167,2.5092391347198344,-0.05293605221145118,0.0009115770282588879,0.0,0.05293605221145118
early_mean_all,0.19688235563331946,0.1993694720123753,0.1916021010454963,0.1923288352816712,0.048193895229513166,0.0,0.0,0.048193895229513166
n_cortes_seleccionados,9.977210574293528,9.988636363636363,10.0,10.0,0.04667765691733323,0.0,0.0,0.04667765691733323
eraw,176.09115770282588,174.35227272727272,174.0,169.0,-0.04347677000183496,0.0,0.0,0.04347677000183496
washout_fraction,0.35076519582222954,0.3467189534902642,0.3606181360348044,0.36642644002390956,-0.038962853924617534,0.0,0.0,0.038962853924617534
early_p10_tissue,0.16088440845800486,0.16267825311942954,0.1529411764705882,0.1529411764705882,0.033427559086238165,0.0,0.0,0.033427559086238165
pre_p50_tissue,0.23945519867016993,0.2409536541889483,0.2313725490196078,0.2352941176470588,0.02816192661032659,0.0,0.0,0.02816192661032659
late_mean_all,0.20700218709681334,0.2085170113976626,0.2008979887120864,0.2040973349178538,0.027667752164850252,0.0,0.0,0.027667752164850252
fov_xy,198.45587206023256,197.03079312418387,179.9936,180.0,-0.02639160068099161,0.0,0.0,0.02639160068099161
late_saturation_fraction,0.01908614177714618,0.018909931182861304,0.0187515258789062,0.01922607421874995,-0.02145489053947538,0.0,0.0,0.02145489053947538
late_p10_tissue,0.17388242443741392,0.17482174688057037,0.1647058823529411,0.1666666666666666,0.015743688993545987,0.0,0.0,0.015743688993545987
washout_mean,0.021103850721835155,0.020831709410062196,0.0210894358505423,0.0221523855874638,-0.008899098354763995,0.0,0.0,0.008899098354763995
ecol,173.31175934366453,173.0,165.0,161.0,-0.0059947348711278025,0.0,0.0,0.0059947348711278025
