epoch,lr,train_loss,val_loss,patient_auc,patient_ap,patient_accuracy,patient_sensitivity,patient_specificity,patient_brier,patient_logloss,patient_tn,patient_fp,patient_fn,patient_tp,n_patients,epoch_seconds,peak_vram_gib,bad_epochs,smoke,seed,fold
1,0.0008,1.0535316467285156,0.9691014885902404,0.5904233870967742,0.3514897099288487,0.634703196347032,0.28125,0.7806451612903226,0.2396581321954727,0.6726047992706299,121,34,46,18,219,2.3835013290008646,0.4778437614440918,0,False,2026,0
2,0.0007990791638302,0.9663698077201844,0.967751681804657,0.5884072580645161,0.387740274962792,0.6712328767123288,0.25,0.8451612903225807,0.2314094603061676,0.6555382013320923,131,24,48,16,219,2.392173800999444,0.4778437614440918,1,False,2026,0
3,0.0007963209486843,0.9535285830497742,1.0600168704986572,0.5178427419354839,0.3070776364409777,0.3105022831050228,0.953125,0.0451612903225806,0.3210760056972503,0.8571100234985352,7,148,3,61,219,2.4041074390006543,0.4778437614440918,2,False,2026,0
4,0.0007917382146345,0.9442400336265564,0.9700581431388856,0.571975806451613,0.3903598377181202,0.5388127853881278,0.59375,0.5161290322580645,0.2436567395925521,0.679816722869873,80,75,26,38,219,2.402219596999202,0.4778437614440918,3,False,2026,0
5,0.0007853523285023,0.9392489790916444,0.9974315166473388,0.5637096774193548,0.3413106601080682,0.5981735159817352,0.484375,0.6451612903225806,0.2513178884983063,0.7032172679901123,100,55,33,31,219,2.392475190001278,0.4778437614440918,4,False,2026,0
6,0.0007771930642369,0.9192636013031006,1.0011999607086182,0.5378024193548387,0.3737484520880667,0.5616438356164384,0.421875,0.6193548387096774,0.2421731799840927,0.6774807572364807,96,59,37,27,219,2.38975822899738,0.4778437614440918,5,False,2026,0
7,0.0007672984640946,0.9066013097763062,1.0270878076553345,0.5243951612903226,0.3386972124146259,0.5753424657534246,0.375,0.6580645161290323,0.2457497715950012,0.6885505318641663,102,53,40,24,219,2.398604477002664,0.4778437614440918,6,False,2026,0
8,0.0007557146612689,0.8667817115783691,1.0585745573043823,0.5216733870967742,0.379846111191561,0.5342465753424658,0.46875,0.5612903225806452,0.260326474905014,0.7186266779899597,87,68,34,30,219,2.404280292001204,0.4778437614440918,7,False,2026,0
9,0.0007424956647958,0.8525821566581726,1.0999774932861328,0.5392137096774193,0.3552599481733641,0.4657534246575342,0.6875,0.3741935483870968,0.3032378852367401,0.8163237571716309,58,97,20,44,219,2.384079294999537,0.4778437614440918,8,False,2026,0
10,0.0007277031077391,0.8328495025634766,1.43046236038208,0.4525201612903226,0.2844969086229255,0.6894977168949772,0.03125,0.9612903225806452,0.2346044778823852,0.7041196227073669,149,6,62,2,219,2.404459825000231,0.4778437614440918,9,False,2026,0
11,0.0007114059598282,0.7929781675338745,1.2353688478469849,0.4772177419354838,0.3146930754529885,0.5068493150684932,0.359375,0.567741935483871,0.2802823185920715,0.7862281799316406,88,67,41,23,219,2.374114471997018,0.4778437614440918,10,False,2026,0
12,0.0006936802058898,0.7513166666030884,1.241158366203308,0.4915322580645161,0.3138628074879288,0.5114155251141552,0.34375,0.5806451612903226,0.2730598747730255,0.7673572301864624,90,65,42,22,219,2.3944927109987475,0.4778437614440918,11,False,2026,0
1,0.0008,1.039309859275818,0.9610247611999512,0.5996507088555578,0.3839534428863003,0.7168949771689498,0.0483870967741935,0.9808917197452228,0.2115593552589416,0.6143974661827087,154,3,59,3,219,2.3966475169982004,0.4778437614440918,0,False,2026,1
2,0.0007990791638302,0.9551188349723816,0.981153666973114,0.5285596876926238,0.3063933286699005,0.4794520547945205,0.5967741935483871,0.4331210191082802,0.2536379098892212,0.7048079371452332,68,89,25,37,219,2.378354815999046,0.4778437614440918,1,False,2026,1
3,0.0007963209486843,0.9496757984161376,0.979451596736908,0.5465379083624409,0.3225417117602787,0.6621004566210046,0.3064516129032258,0.802547770700637,0.2347651720046997,0.6655027270317078,126,31,43,19,219,2.419488002000435,0.4778437614440918,2,False,2026,1
4,0.0007917382146345,0.9336267113685608,1.0098251104354858,0.5074994863365523,0.2953179343579256,0.593607305936073,0.3870967741935484,0.6751592356687898,0.2407892644405365,0.6864169239997864,106,51,38,24,219,2.4428539849977824,0.4778437614440918,3,False,2026,1
5,0.0007853523285023,0.9306849241256714,1.018590807914734,0.5351345798232998,0.3184271865027056,0.4200913242009132,0.6612903225806451,0.3248407643312102,0.2676354050636291,0.7518990635871887,51,106,21,41,219,2.39633288800178,0.4778437614440918,4,False,2026,1
6,0.0007771930642369,0.9211624264717102,1.1688884496688845,0.5086295459215122,0.2922404238254492,0.5296803652968036,0.4838709677419355,0.5477707006369427,0.2717646360397339,0.8072555065155029,86,71,32,30,219,2.384111015002418,0.4778437614440918,5,False,2026,1
7,0.0007672984640946,0.8999246954917908,1.2007877826690674,0.5175672899116499,0.2940793609210969,0.6757990867579908,0.0483870967741935,0.9235668789808916,0.2238117158412933,0.7075734734535217,145,12,59,3,219,2.388698981001653,0.4778437614440918,6,False,2026,1
8,0.0007557146612689,0.8905246257781982,1.142420530319214,0.5290733511403329,0.3025039038464067,0.5159817351598174,0.532258064516129,0.5095541401273885,0.2708589732646942,0.8031220436096191,80,77,29,33,219,2.3762778339987563,0.4778437614440918,7,False,2026,1
9,0.0007424956647958,0.8640390038490295,1.2211191654205322,0.5085268132319705,0.2856474385016842,0.4520547945205479,0.7419354838709677,0.3375796178343949,0.3212358355522156,0.9439021348953248,53,104,16,46,219,2.423205847000645,0.4778437614440918,8,False,2026,1
10,0.0007277031077391,0.853008508682251,1.361167311668396,0.4949660982124513,0.2726008277594084,0.547945205479452,0.4838709677419355,0.5732484076433121,0.2951441407203674,0.895605206489563,90,67,32,30,219,2.4112191569984134,0.4778437614440918,9,False,2026,1
11,0.0007114059598282,0.8193398118019104,1.3590927124023438,0.4897267310458187,0.2810530488175397,0.5251141552511416,0.4516129032258064,0.554140127388535,0.283852219581604,0.8464838862419128,87,70,34,28,219,2.3747326670018083,0.4778437614440918,10,False,2026,1
12,0.0006936802058898,0.7963293790817261,1.4017112255096436,0.5018491884117526,0.2959423387638434,0.6164383561643836,0.3548387096774194,0.7197452229299363,0.2629583775997162,0.8127877712249756,113,44,40,22,219,2.388058448002994,0.4778437614440918,11,False,2026,1
1,0.0008,1.035784363746643,0.9193439483642578,0.6097483945678491,0.3599020235031702,0.6,0.5254237288135594,0.6273291925465838,0.2400158941745758,0.6731904745101929,101,60,28,31,220,2.3913539060013136,0.4778437614440918,0,False,2026,2
2,0.0007990791638302,0.9542771577835084,0.9438348412513732,0.5425834298347194,0.3260891060824216,0.7,0.1694915254237288,0.8944099378881988,0.2117875069379806,0.6140669584274292,144,17,49,10,220,2.370315975000267,0.4778437614440918,1,False,2026,2
3,0.0007963209486843,0.9462313652038574,0.9213343262672424,0.5940625328981998,0.3591374494085924,0.6227272727272727,0.3559322033898305,0.7204968944099379,0.2397120743989944,0.6727376580238342,116,45,38,21,220,2.3919918319988938,0.4778437614440918,2,False,2026,2
4,0.0007917382146345,0.9328097701072692,1.0158967971801758,0.5651121170649542,0.3125385576162161,0.5045454545454545,0.6271186440677966,0.4596273291925465,0.30084428191185,0.8182092905044556,74,87,22,37,220,2.3776873250026256,0.4778437614440918,3,False,2026,2
5,0.0007853523285023,0.9301894903182985,0.943760097026825,0.5747973470891673,0.3174731590665069,0.6045454545454545,0.4576271186440678,0.6583850931677019,0.2554874122142792,0.7075713276863098,106,55,32,27,220,2.393645504002052,0.4778437614440918,4,False,2026,2
6,0.0007771930642369,0.9179220795631408,0.9131218791007996,0.6115380566375408,0.3725633660185002,0.6,0.423728813559322,0.6645962732919255,0.2379684448242187,0.6693714261054993,107,54,34,25,220,2.406232250999892,0.4778437614440918,0,False,2026,2
7,0.0007672984640946,0.9053704142570496,0.9266445636749268,0.5932203389830507,0.3484363837842724,0.6772727272727272,0.2711864406779661,0.8260869565217391,0.2302725315093994,0.6540523171424866,133,28,43,16,220,2.403845224001998,0.4778437614440918,1,False,2026,2
8,0.0007557146612689,0.891836404800415,0.926069438457489,0.5718496683861458,0.3682853692637272,0.7318181818181818,0.2711864406779661,0.9006211180124224,0.2437940388917923,0.6822100281715393,145,16,43,16,220,2.399500542000169,0.4778437614440918,2,False,2026,2
9,0.0007424956647958,0.8802947998046875,0.988381803035736,0.5195283714075166,0.3272332768125821,0.6818181818181818,0.1864406779661017,0.8633540372670807,0.2215529680252075,0.6392115950584412,139,22,48,11,220,2.3794519920011226,0.4778437614440918,3,False,2026,2
10,0.0007277031077391,0.8534289598464966,0.94401216506958,0.5051058006105906,0.3241872106758301,0.6318181818181818,0.3220338983050847,0.7453416149068323,0.2407157570123672,0.6749194264411926,120,41,40,19,220,2.3925590250000823,0.4778437614440918,4,False,2026,2
11,0.0007114059598282,0.8305840492248535,1.2052801847457886,0.5770081061164333,0.3065862900187636,0.4409090909090909,0.7966101694915254,0.3105590062111801,0.3509943783283233,1.0079293251037598,50,111,12,47,220,2.4573359450005228,0.4778437614440918,5,False,2026,2
12,0.0006936802058898,0.8064292073249817,1.0316729545593262,0.5595325823770924,0.3224812932203928,0.5227272727272727,0.576271186440678,0.5031055900621118,0.2855152487754822,0.7877154350280762,81,80,25,34,220,2.403777686999092,0.4778437614440918,6,False,2026,2
13,0.0006746084915713,0.7877767086029053,1.0987688302993774,0.5332140225286873,0.3643338018015882,0.4954545454545455,0.4915254237288136,0.4968944099378882,0.2793191075325012,0.7645425796508789,80,81,30,29,220,2.400076738998905,0.4778437614440918,7,False,2026,2
14,0.0006542797380087,0.7598124742507935,1.2416865825653076,0.589009369407306,0.3108351463770263,0.3636363636363636,0.8983050847457628,0.1677018633540372,0.3775459229946136,1.0509886741638184,27,134,6,53,220,2.387184573999548,0.4778437614440918,8,False,2026,2
15,0.0006327887272353,0.7298723459243774,1.0806440114974976,0.568796715443731,0.3403133324813684,0.6227272727272727,0.3050847457627119,0.7391304347826086,0.2297540307044983,0.6545089483261108,119,42,41,18,220,2.4120918959997653,0.4778437614440918,9,False,2026,2
16,0.0006102356602639,0.6713725924491882,1.244582176208496,0.5359511527529213,0.3278917856740267,0.5818181818181818,0.423728813559322,0.639751552795031,0.2718659341335296,0.7745705246925354,103,58,34,25,220,2.3793058789997303,0.4778437614440918,10,False,2026,2
1,0.0008,1.0547897815704346,1.0693178176879885,0.5041839080459769,0.3800915616716254,0.4772727272727273,0.5733333333333334,0.4275862068965517,0.2563520073890686,0.7057762742042542,62,83,32,43,220,2.385962682001264,0.4778437614440918,0,False,2026,3
2,0.0007990791638302,0.975556254386902,1.0803285837173462,0.5329655172413793,0.4028717737708843,0.5318181818181819,0.5466666666666666,0.5241379310344828,0.2544143199920654,0.7025392055511475,76,69,34,41,220,2.415714042999753,0.4778437614440918,0,False,2026,3
3,0.0007963209486843,0.9656605124473572,1.0825780630111694,0.5141149425287357,0.4059989250857423,0.4863636363636364,0.5466666666666666,0.4551724137931034,0.2607704997062683,0.7154698371887207,66,79,34,41,220,2.3845730149987503,0.4778437614440918,1,False,2026,3
4,0.0007917382146345,0.9547821879386902,1.1018022298812866,0.496,0.3632648236461364,0.55,0.44,0.6068965517241379,0.2529676258563995,0.6998281478881836,88,57,42,33,220,2.391111060002004,0.4778437614440918,2,False,2026,3
5,0.0007853523285023,0.943917989730835,1.11326003074646,0.5083218390804598,0.3917171024565052,0.5454545454545454,0.4933333333333333,0.5724137931034483,0.2583012878894806,0.7113168835639954,83,62,38,37,220,2.4520106649979425,0.4778437614440918,3,False,2026,3
6,0.0007771930642369,0.9353500604629515,1.1154736280441284,0.5412413793103449,0.3743302181157141,0.6181818181818182,0.2533333333333333,0.8068965517241379,0.2413479685783386,0.6773115396499634,117,28,56,19,220,2.384110146002058,0.4778437614440918,0,False,2026,3
7,0.0007672984640946,0.9203118681907654,1.113843321800232,0.5108045977011494,0.4028583381374755,0.4636363636363636,0.52,0.4344827586206896,0.2779004573822021,0.7554231882095337,63,82,36,39,220,2.450769800998387,0.4778437614440918,1,False,2026,3
8,0.0007557146612689,0.909027099609375,1.1849285364151,0.4379770114942529,0.3403632343220371,0.4,0.7333333333333333,0.2275862068965517,0.2972212433815002,0.7929221391677856,33,112,20,55,220,2.453557143999205,0.4778437614440918,2,False,2026,3
9,0.0007424956647958,0.8878011107444763,1.16326105594635,0.5160459770114942,0.3640878754900037,0.5,0.6,0.4482758620689655,0.2710137069225311,0.7429473400115967,65,80,30,45,220,2.407620427002257,0.4778437614440918,3,False,2026,3
10,0.0007277031077391,0.8573244214057922,1.4854121208190918,0.542528735632184,0.4034348727475371,0.5954545454545455,0.36,0.7172413793103448,0.2586690783500671,0.7654040455818176,104,41,48,27,220,2.3789555430012115,0.4778437614440918,0,False,2026,3
11,0.0007114059598282,0.8236284852027893,1.207045555114746,0.5257011494252873,0.4027039867092732,0.5727272727272728,0.3733333333333333,0.6758620689655173,0.259412407875061,0.7209815382957458,98,47,47,28,220,2.4087068010012445,0.4778437614440918,1,False,2026,3
12,0.0006936802058898,0.8000040650367737,1.2849743366241455,0.5079540229885058,0.3486884618055911,0.5181818181818182,0.6,0.4758620689655172,0.296476274728775,0.8222004175186157,69,76,30,45,220,2.398176579001301,0.4778437614440918,2,False,2026,3
13,0.0006746084915713,0.7559746503829956,1.397836208343506,0.5340689655172414,0.3886351626935962,0.6136363636363636,0.1866666666666666,0.8344827586206897,0.2422332763671875,0.7112522721290588,121,24,61,14,220,2.406969534000382,0.4778437614440918,3,False,2026,3
14,0.0006542797380087,0.7223252654075623,1.5856295824050903,0.5240459770114942,0.3808801639048242,0.5681818181818182,0.52,0.593103448275862,0.2939554750919342,0.8637232184410095,86,59,36,39,220,2.412291931999789,0.4778437614440918,4,False,2026,3
15,0.0006327887272353,0.6764892339706421,1.3933665752410889,0.575632183908046,0.4196851855879991,0.5909090909090909,0.4533333333333333,0.6620689655172414,0.2561419010162353,0.7538460493087769,96,49,41,34,220,2.395521607999399,0.4778437614440918,0,False,2026,3
16,0.0006102356602639,0.6252708435058594,1.9516485929489136,0.5154942528735632,0.3487435856949725,0.6,0.16,0.8275862068965517,0.271029382944107,0.8252715468406677,120,25,63,12,220,2.400955611999961,0.4778437614440918,1,False,2026,3
17,0.0005867256899038,0.5899022221565247,2.2162861824035645,0.5271724137931034,0.3667257155509751,0.6136363636363636,0.36,0.7448275862068966,0.2882463932037353,0.9593650102615356,108,37,48,27,220,2.376507370998297,0.4778437614440918,2,False,2026,3
18,0.0005623684304892,0.5472196936607361,2.049289464950561,0.5412413793103448,0.4053877988382138,0.6363636363636364,0.32,0.8,0.2607940435409546,0.8449353575706482,116,29,51,24,220,2.362799735998124,0.4778437614440918,3,False,2026,3
19,0.0005372774468075,0.4952844083309173,2.1203770637512207,0.5461149425287356,0.3961518312522629,0.5863636363636363,0.3866666666666666,0.6896551724137931,0.2793146669864654,0.8795980215072632,100,45,46,29,220,2.37466587200106,0.4778437614440918,4,False,2026,3
20,0.000511569724607,0.4576655626296997,2.4136621952056885,0.5405977011494253,0.3698584553062964,0.5954545454545455,0.28,0.7586206896551724,0.2781285941600799,0.931274950504303,110,35,54,21,220,2.390962702000252,0.4778437614440918,5,False,2026,3
21,0.0004853651251557,0.4192588627338409,2.681908369064331,0.5423448275862068,0.3728327004991041,0.6136363636363636,0.1733333333333333,0.8413793103448276,0.2775847017765045,0.9483001828193665,122,23,62,13,220,2.405041930000152,0.4778437614440918,6,False,2026,3
22,0.000458785826393,0.3768629133701324,2.9185030460357666,0.5370114942528736,0.3893342264970771,0.5954545454545455,0.2266666666666666,0.7862068965517242,0.282255083322525,0.9612277150154114,114,31,58,17,220,2.3942713670003286,0.4778437614440918,7,False,2026,3
23,0.000431955753279,0.34184330701828,2.8375463485717773,0.5233103448275862,0.381314227805255,0.6272727272727273,0.2666666666666666,0.8137931034482758,0.2828364968299866,1.0063859224319458,118,27,55,20,220,2.363283564001904,0.4778437614440918,8,False,2026,3
24,0.000405,0.3179900050163269,2.510549545288086,0.5724137931034482,0.429352348886899,0.5954545454545455,0.4266666666666667,0.6827586206896552,0.2761080265045166,0.9481740593910216,99,46,43,32,220,2.3989989860019705,0.4778437614440918,9,False,2026,3
25,0.0003780442467209,0.2914097011089325,3.215867280960083,0.5721379310344827,0.4205601316263515,0.65,0.28,0.8413793103448276,0.2745269536972046,1.110100507736206,122,23,54,21,220,2.3865223880020494,0.4778437614440918,10,False,2026,3
1,0.0008,1.0582298040390017,0.9595916867256165,0.5802342305321553,0.3670370641023901,0.4931506849315068,0.6612903225806451,0.4267515923566879,0.253825694322586,0.7014731764793396,67,90,21,41,219,2.3830776040013006,0.4778437614440918,0,False,2026,4
2,0.0007990791638302,0.954971730709076,0.9546833634376526,0.5812615574275735,0.3710067594937514,0.5662100456621004,0.532258064516129,0.5796178343949044,0.2443465143442154,0.6819915175437927,91,66,29,33,219,2.402831783001602,0.4778437614440918,0,False,2026,4
3,0.0007963209486843,0.9510310888290404,0.9609607458114624,0.5282514896239984,0.3493700191969726,0.5799086757990868,0.3387096774193548,0.6751592356687898,0.2412170618772506,0.6752331852912903,106,51,41,21,219,2.381950888000574,0.4778437614440918,1,False,2026,4
4,0.0007917382146345,0.942130208015442,0.9479599595069884,0.5906102321758783,0.3877006270500279,0.5981735159817352,0.4516129032258064,0.6560509554140127,0.2418853938579559,0.6770389080047607,103,54,34,28,219,2.385947684997518,0.4778437614440918,0,False,2026,4
5,0.0007853523285023,0.9329406023025512,0.9975654482841492,0.5536264639408259,0.3646667083674814,0.5616438356164384,0.4677419354838709,0.5987261146496815,0.2540042102336883,0.7066774368286133,94,63,33,29,219,2.4019776659988565,0.4778437614440918,1,False,2026,4
6,0.0007771930642369,0.9234350323677064,0.9811872243881226,0.5331826587220053,0.3501247873488829,0.634703196347032,0.3387096774193548,0.7515923566878981,0.2379394322633743,0.6709261536598206,118,39,41,21,219,2.379956286997185,0.4778437614440918,2,False,2026,4
7,0.0007672984640946,0.9213557839393616,0.9572876691818236,0.6151633449763716,0.4283444886500911,0.502283105022831,0.7419354838709677,0.4076433121019108,0.2574818134307861,0.7105977535247803,64,93,16,46,219,2.409080398996593,0.4778437614440918,0,False,2026,4
8,0.0007557146612689,0.8973236083984375,1.028309941291809,0.5653379905485927,0.359275547582183,0.6027397260273972,0.4032258064516129,0.6815286624203821,0.2431298196315765,0.6942124962806702,107,50,37,25,219,2.3739979400015727,0.4778437614440918,1,False,2026,4
9,0.0007424956647958,0.8871393799781799,1.0810015201568604,0.5464351756728992,0.3667168159082742,0.6894977168949772,0.1935483870967742,0.8853503184713376,0.2139341235160827,0.6259915232658386,139,18,50,12,219,2.3778385629993863,0.4778437614440918,2,False,2026,4
10,0.0007277031077391,0.8600470423698425,1.1637933254241943,0.528456955003082,0.3283202201407337,0.5570776255707762,0.4516129032258064,0.5987261146496815,0.279591828584671,0.7949156165122986,94,63,34,28,219,2.4031160149970674,0.4778437614440918,3,False,2026,4
11,0.0007114059598282,0.852217972278595,1.0031352043151855,0.5449969180193137,0.3534174990073352,0.5662100456621004,0.4677419354838709,0.6050955414012739,0.2452035546302795,0.6853589415550232,95,62,33,29,219,2.3775854720006464,0.4778437614440918,4,False,2026,4
12,0.0006936802058898,0.8164684772491455,1.0868117809295654,0.5792069036367372,0.3968684930425166,0.6940639269406392,0.3870967741935484,0.8152866242038217,0.2184136509895324,0.6414084434509277,128,29,38,24,219,2.409786192998581,0.4778437614440918,5,False,2026,4
13,0.0006746084915713,0.7742295861244202,1.0388962030410769,0.5688309019930142,0.389178356373516,0.5753424657534246,0.4516129032258064,0.6242038216560509,0.2524713575839996,0.7090973258018494,98,59,34,28,219,2.376558631996886,0.4778437614440918,6,False,2026,4
14,0.0006542797380087,0.7434161901473999,1.1537306308746338,0.5707828230943086,0.3841518691529754,0.593607305936073,0.4838709677419355,0.6369426751592356,0.268890768289566,0.7675443291664124,100,57,32,30,219,2.36759596200136,0.4778437614440918,7,False,2026,4
15,0.0006327887272353,0.7074000835418701,1.1658529043197632,0.5822888843229916,0.3650996406314715,0.5753424657534246,0.5161290322580645,0.5987261146496815,0.2614599466323852,0.7581769824028015,94,63,30,32,219,2.3965441760010435,0.4778437614440918,8,False,2026,4
16,0.0006102356602639,0.6674633622169495,1.2697463035583496,0.5288678857612492,0.3573687690058586,0.7077625570776256,0.2903225806451613,0.8726114649681529,0.2251057028770446,0.6743299961090088,137,20,44,18,219,2.374384738999652,0.4778437614440918,9,False,2026,4
17,0.0005867256899038,0.6008228659629822,1.4884624481201172,0.5469488391206081,0.3400592598219824,0.6529680365296804,0.2419354838709677,0.8152866242038217,0.2425652742385864,0.728773832321167,128,29,47,15,219,2.389625174997491,0.4778437614440918,10,False,2026,4
1,0.0008,1.0530656576156616,0.9694561958312988,0.5960685483870967,0.3511812151287349,0.6210045662100456,0.4375,0.6967741935483871,0.2384126931428909,0.6696289777755737,108,47,36,28,219,2.8370311409998976,0.4778437614440918,0,False,42,0
2,0.0007990791638302,0.9687827229499816,0.9684731364250184,0.582258064516129,0.3955647900267458,0.4474885844748858,0.828125,0.2903225806451613,0.2585305571556091,0.7102947235107422,45,110,11,53,219,2.298782756999572,0.4778437614440918,1,False,42,0
3,0.0007963209486843,0.9626333713531494,0.9780430793762208,0.6038306451612904,0.4099609944001937,0.7077625570776256,0.09375,0.9612903225806452,0.2124614268541336,0.6160765886306763,149,6,58,6,219,2.3471423709997907,0.4778437614440918,0,False,42,0
4,0.0007917382146345,0.9518715739250184,0.9924261569976808,0.5470766129032258,0.3415242959034966,0.5251141552511416,0.578125,0.5032258064516129,0.2581966817378998,0.711219847202301,78,77,27,37,219,2.328854267998395,0.4778437614440918,1,False,42,0
5,0.0007853523285023,0.9464771151542664,0.9785046577453612,0.5430443548387097,0.3526759571718549,0.5662100456621004,0.40625,0.632258064516129,0.2402949929237365,0.673570454120636,98,57,38,26,219,2.367660479998449,0.4778437614440918,2,False,42,0
6,0.0007771930642369,0.9311422109603882,0.9954731464385986,0.543850806451613,0.3732386841460534,0.5205479452054794,0.4375,0.5548387096774193,0.2510642409324646,0.6982426047325134,86,69,36,28,219,2.3570075899988296,0.4778437614440918,3,False,42,0
7,0.0007672984640946,0.9232842922210692,1.0059311389923096,0.5191532258064515,0.3317949637639371,0.6301369863013698,0.28125,0.7741935483870968,0.2343898117542266,0.6627138257026672,120,35,46,18,219,2.353120523002872,0.4778437614440918,4,False,42,0
8,0.0007557146612689,0.8919855356216431,1.0827306509017944,0.534375,0.3311398855422389,0.7077625570776256,0.078125,0.967741935483871,0.2127915769815445,0.6194533705711365,150,5,59,5,219,2.3858652600029018,0.4778437614440918,5,False,42,0
9,0.0007424956647958,0.8715471029281616,1.221349596977234,0.5665322580645161,0.3386475908862888,0.4018264840182648,0.796875,0.2387096774193548,0.3642045259475708,1.0047078132629397,37,118,13,51,219,2.351880522997817,0.4778437614440918,6,False,42,0
10,0.0007277031077391,0.8492153882980347,1.1023279428482056,0.5498991935483871,0.3253398232590329,0.6210045662100456,0.296875,0.7548387096774194,0.2409509867429733,0.6878983974456787,117,38,45,19,219,2.4123022690000653,0.4778437614440918,7,False,42,0
11,0.0007114059598282,0.8087052702903748,1.1661357879638672,0.5644153225806451,0.386758854628329,0.4246575342465753,0.828125,0.2580645161290322,0.3327277898788452,0.9056983590126038,40,115,11,53,219,2.411853196001175,0.4778437614440918,8,False,42,0
12,0.0006936802058898,0.7744614481925964,1.151454210281372,0.5968749999999999,0.4100278466246393,0.730593607305936,0.203125,0.9483870967741936,0.2047789394855499,0.605083167552948,147,8,51,13,219,2.3581831680021423,0.4778437614440918,9,False,42,0
13,0.0006746084915713,0.7439563274383545,1.2470810413360596,0.5075604838709677,0.3487311956642355,0.6438356164383562,0.265625,0.8,0.244148850440979,0.6976860165596008,124,31,47,17,219,2.341034324002976,0.4778437614440918,10,False,42,0
1,0.0008,1.0434534549713137,0.9540051221847534,0.5625642079309636,0.3466400413079918,0.6255707762557078,0.3870967741935484,0.7197452229299363,0.2365308403968811,0.6657992601394653,113,44,38,24,219,2.3441977559996303,0.4778437614440918,0,False,42,1
2,0.0007990791638302,0.9629846215248108,1.0145468711853027,0.5024655845490035,0.288386470475839,0.3470319634703196,0.9193548387096774,0.1210191082802547,0.2881075441837311,0.7921767830848694,19,138,5,57,219,2.3567619910027133,0.4778437614440918,1,False,42,1
3,0.0007963209486843,0.9588426947593688,1.0037750005722046,0.5594822272447092,0.3198790301275306,0.593607305936073,0.5161290322580645,0.6242038216560509,0.2407021522521972,0.7110304236412048,98,59,30,32,219,2.334499902000971,0.4778437614440918,2,False,42,1
4,0.0007917382146345,0.940418303012848,1.081668257713318,0.5709882884733922,0.3318746802194209,0.5844748858447488,0.4354838709677419,0.643312101910828,0.2442677468061447,0.7468658685684204,101,56,35,27,219,2.355697455001064,0.4778437614440918,0,False,42,1
5,0.0007853523285023,0.9405550360679626,1.0631296634674072,0.5779741113622355,0.3301029409411765,0.3607305936073059,0.8548387096774194,0.1656050955414012,0.2820780277252197,0.822206974029541,26,131,9,53,219,2.351143479998427,0.4778437614440918,0,False,42,1
6,0.0007771930642369,0.9243913292884828,1.11717689037323,0.5947195397575509,0.3398882786471373,0.4840182648401826,0.8225806451612904,0.3503184713375796,0.2878556549549103,0.8428892493247986,55,102,11,51,219,2.3374900740018347,0.4778437614440918,0,False,42,1
7,0.0007672984640946,0.9130955338478088,1.0185588598251345,0.5255804396959112,0.3035758561086413,0.6027397260273972,0.3387096774193548,0.7070063694267515,0.2360410839319229,0.6914764642715454,111,46,41,21,219,2.367203250996681,0.4778437614440918,1,False,42,1
8,0.0007557146612689,0.8949184417724609,1.1299253702163696,0.5872200534209986,0.3251258988641933,0.5799086757990868,0.5,0.6114649681528662,0.2547607123851776,0.7816847562789917,96,61,31,31,219,2.3378247170003306,0.4778437614440918,2,False,42,1
9,0.0007424956647958,0.8772556781768799,1.172034740447998,0.5395520854735977,0.299177829614141,0.589041095890411,0.4032258064516129,0.6624203821656051,0.2528168261051178,0.7755986452102661,104,53,37,25,219,2.359343601001456,0.4778437614440918,3,False,42,1
10,0.0007277031077391,0.8542727828025818,1.226243257522583,0.5590199301417712,0.3283395050708405,0.6164383561643836,0.3225806451612903,0.732484076433121,0.2295221835374832,0.7162724733352661,115,42,42,20,219,2.3685163170011947,0.4778437614440918,4,False,42,1
11,0.0007114059598282,0.8367545008659363,1.2162389755249023,0.5564002465584549,0.3284858049837719,0.5342465753424658,0.5,0.5477707006369427,0.2691451609134674,0.8186026811599731,86,71,31,31,219,2.3312773119978374,0.4778437614440918,5,False,42,1
12,0.0006936802058898,0.8166979551315308,1.2206419706344604,0.5936922128621328,0.3482552273749882,0.5114155251141552,0.6935483870967742,0.4394904458598726,0.2690055966377258,0.825078547000885,69,88,19,43,219,2.346199596002407,0.4778437614440918,6,False,42,1
13,0.0006746084915713,0.7782847881317139,1.2391576766967771,0.524142182042326,0.3008746407890872,0.54337899543379,0.4032258064516129,0.5987261146496815,0.2720958888530731,0.8131255507469177,94,63,37,25,219,2.346420608999324,0.4778437614440918,7,False,42,1
14,0.0006542797380087,0.7533199787139893,1.337828516960144,0.5694472981302651,0.3147988416015994,0.5296803652968036,0.7258064516129032,0.4522292993630573,0.3106553554534912,0.9518895745277404,71,86,17,45,219,2.35665085599976,0.4778437614440918,8,False,42,1
15,0.0006327887272353,0.7178794145584106,1.4652894735336304,0.5347236490651326,0.3088144568573698,0.593607305936073,0.2580645161290322,0.7261146496815286,0.265300840139389,0.8125259280204773,114,43,46,16,219,2.3853578679991188,0.4778437614440918,9,False,42,1
16,0.0006102356602639,0.6705896854400635,1.329127550125122,0.5023628518594616,0.2975316903284915,0.5616438356164384,0.3064516129032258,0.6624203821656051,0.2579861581325531,0.7680648565292358,104,53,43,19,219,2.381582399997569,0.4778437614440918,10,False,42,1
1,0.0008,1.0697537660598757,0.9341495037078856,0.5493209811559111,0.3010222970414609,0.5681818181818182,0.3220338983050847,0.6583850931677019,0.2454281896352768,0.6839896440505981,106,55,40,19,220,2.399473133998981,0.4778437614440918,0,False,42,2
2,0.0007990791638302,0.961242973804474,0.9342082142829896,0.6201705442678176,0.3203090419500278,0.6318181818181818,0.3220338983050847,0.7453416149068323,0.2470763176679611,0.6876933574676514,120,41,40,19,220,2.4146878820029087,0.4778437614440918,0,False,42,2
3,0.0007963209486843,0.954563558101654,0.9364117383956908,0.5704811032740288,0.3162284403798935,0.5954545454545455,0.4745762711864407,0.639751552795031,0.2512798011302948,0.6959734559059143,103,58,31,28,220,2.3997542309989512,0.4778437614440918,1,False,42,2
4,0.0007917382146345,0.9420717358589172,0.9934515357017516,0.5855353195073166,0.3224662946287252,0.4409090909090909,0.8813559322033898,0.2795031055900621,0.3089742958545685,0.8243557214736938,45,116,7,52,220,2.3874857379996683,0.4778437614440918,2,False,42,2
5,0.0007853523285023,0.9276618957519532,0.9496837258338928,0.6059585219496788,0.3502279089020387,0.5181818181818182,0.711864406779661,0.4472049689440994,0.2708409130573272,0.7423880696296692,72,89,17,42,220,2.419172574998811,0.4778437614440918,3,False,42,2
6,0.0007771930642369,0.9194753170013428,0.9205849766731262,0.6246973365617434,0.3284504982441915,0.6681818181818182,0.1186440677966101,0.8695652173913043,0.2222291976213455,0.6365038752555847,140,21,52,7,220,2.38936391000243,0.4778437614440918,0,False,42,2
7,0.0007672984640946,0.91254061460495,0.9260477423667908,0.6043794083587746,0.3280314813639447,0.6318181818181818,0.3220338983050847,0.7453416149068323,0.2286628782749176,0.6510138511657715,120,41,40,19,220,2.4006189110004925,0.4778437614440918,1,False,42,2
8,0.0007557146612689,0.89317387342453,1.0424697399139404,0.5383724602589747,0.2846546894328593,0.5272727272727272,0.5423728813559322,0.5217391304347826,0.288967102766037,0.8014023303985596,84,77,27,32,220,2.3915089729998726,0.4778437614440918,2,False,42,2
9,0.0007424956647958,0.8782263994216919,0.9887332320213318,0.5147910306348037,0.2808820460712024,0.6181818181818182,0.3220338983050847,0.7267080745341615,0.24436716735363,0.6851040720939636,117,44,40,19,220,2.401463319998584,0.4778437614440918,3,False,42,2
10,0.0007277031077391,0.8566856384277344,0.9949198365211488,0.5538477734498368,0.2959755747651538,0.5772727272727273,0.423728813559322,0.6335403726708074,0.2555664181709289,0.7184715270996094,102,59,34,25,220,2.407653270998708,0.4778437614440918,4,False,42,2
11,0.0007114059598282,0.8439188003540039,1.101987361907959,0.505526897568165,0.2821137535168261,0.4727272727272727,0.711864406779661,0.3850931677018633,0.3195980191230774,0.8723132014274597,62,99,17,42,220,2.41184174099908,0.4778437614440918,5,False,42,2
12,0.0006936802058898,0.7994662523269653,1.065515160560608,0.5162648699863144,0.2788035889136022,0.5227272727272727,0.3898305084745763,0.5714285714285714,0.2699515521526336,0.7549388408660889,92,69,36,23,220,2.4098650390005787,0.4778437614440918,6,False,42,2
13,0.0006746084915713,0.7724863290786743,1.1075544357299805,0.4681545425834298,0.2449408047913041,0.5863636363636363,0.1525423728813559,0.7453416149068323,0.2520020306110382,0.7073246240615845,120,41,50,9,220,2.376929804999236,0.4778437614440918,7,False,42,2
14,0.0006542797380087,0.7354986667633057,1.0859458446502686,0.5624802610801136,0.3309887400881423,0.6636363636363637,0.288135593220339,0.8012422360248447,0.2239555120468139,0.648106038570404,129,32,42,17,220,2.3941913620001287,0.4778437614440918,8,False,42,2
15,0.0006327887272353,0.7047295570373535,1.268309473991394,0.5866933361406463,0.3141216147232251,0.4636363636363636,0.8135593220338984,0.3354037267080745,0.3494258522987366,1.0264229774475098,54,107,11,48,220,2.420149972000217,0.4778437614440918,9,False,42,2
16,0.0006102356602639,0.6498690843582153,1.204593539237976,0.5732182334982631,0.3115073695346155,0.6363636363636364,0.3728813559322034,0.7329192546583851,0.247019812464714,0.7157999277114868,118,43,37,22,220,2.3933950980026566,0.4778437614440918,10,False,42,2
1,0.0008,1.0777249336242676,1.0633397102355957,0.4947126436781608,0.3615331234157285,0.4590909090909091,0.5466666666666666,0.4137931034482758,0.2565371692180633,0.7063302397727966,60,85,34,41,220,2.4127051989999018,0.4778437614440918,0,False,42,3
2,0.0007990791638302,0.9846829175949096,1.080650806427002,0.5202758620689656,0.3773374393325024,0.5181818181818182,0.56,0.496551724137931,0.2529084086418152,0.698862612247467,72,73,33,42,220,2.403272686999117,0.4778437614440918,0,False,42,3
3,0.0007963209486843,0.97458153963089,1.0679426193237305,0.5247816091954023,0.3785828101425148,0.5181818181818182,0.52,0.5172413793103449,0.2562015056610107,0.7064920663833618,75,70,36,39,220,2.3981969689994003,0.4778437614440918,0,False,42,3
4,0.0007917382146345,0.963818609714508,1.1377123594284058,0.5259770114942528,0.3891818570939777,0.6454545454545455,0.1333333333333333,0.9103448275862068,0.2309984415769577,0.6546536684036255,132,13,65,10,220,2.41527567799858,0.4778437614440918,0,False,42,3
5,0.0007853523285023,0.954289734363556,1.1172441244125366,0.5106206896551724,0.3857812253685665,0.6272727272727273,0.1466666666666666,0.8758620689655172,0.2358802855014801,0.6646587252616882,127,18,64,11,220,2.4034937959986564,0.4778437614440918,1,False,42,3
6,0.0007771930642369,0.9469003081321716,1.185154676437378,0.5088735632183907,0.3646462907193087,0.5909090909090909,0.24,0.7724137931034483,0.245698794722557,0.6897845268249512,112,33,57,18,220,2.4112826899981883,0.4778437614440918,2,False,42,3
7,0.0007672984640946,0.9380477666854858,1.0522750616073608,0.5556781609195403,0.430752976515205,0.5181818181818182,0.6133333333333333,0.4689655172413793,0.2595528960227966,0.7138769030570984,68,77,29,46,220,2.400847830998828,0.4778437614440918,0,False,42,3
8,0.0007557146612689,0.9303728938102722,1.1228668689727783,0.536,0.3842099608832747,0.4909090909090909,0.64,0.4137931034482758,0.2849108576774597,0.7747139930725098,60,85,27,48,220,2.419126454999059,0.4778437614440918,1,False,42,3
9,0.0007424956647958,0.9047582149505616,1.21599280834198,0.4860689655172414,0.3323180468732764,0.6272727272727273,0.1333333333333333,0.8827586206896552,0.242386594414711,0.6810750961303711,128,17,65,10,220,2.4155229779971705,0.4778437614440918,2,False,42,3
10,0.0007277031077391,0.8844773769378662,1.1987519264221191,0.4835862068965518,0.335197725638012,0.5636363636363636,0.4133333333333333,0.6413793103448275,0.2678665220737457,0.736396312713623,93,52,44,31,220,2.398395303000143,0.4778437614440918,3,False,42,3
11,0.0007114059598282,0.8587825894355774,1.177186369895935,0.5253333333333333,0.3813536899966186,0.5545454545454546,0.4533333333333333,0.6068965517241379,0.2567840814590454,0.713144063949585,88,57,41,34,220,2.410759924998274,0.4778437614440918,4,False,42,3
12,0.0006936802058898,0.8268342018127441,1.1649991273880005,0.536183908045977,0.3977618143345663,0.4954545454545455,0.5333333333333333,0.4758620689655172,0.2834433913230896,0.7777264714241028,69,76,35,40,220,2.406572274998325,0.4778437614440918,5,False,42,3
13,0.0006746084915713,0.7963110208511353,1.316333532333374,0.5252413793103449,0.421105321484141,0.5954545454545455,0.3733333333333333,0.7103448275862069,0.2583780884742737,0.7276569604873657,103,42,47,28,220,2.401617694999004,0.4778437614440918,6,False,42,3
14,0.0006542797380087,0.7340522408485413,1.4860535860061646,0.5500689655172414,0.4001450465233013,0.6090909090909091,0.2933333333333333,0.7724137931034483,0.2557090818881988,0.7364557385444641,112,33,53,22,220,2.40478717500082,0.4778437614440918,7,False,42,3
15,0.0006327887272353,0.7143109440803528,1.358055830001831,0.5232183908045976,0.4189308737557258,0.5363636363636364,0.4533333333333333,0.5793103448275863,0.2930145263671875,0.8197081089019775,84,61,41,34,220,2.3817712050004047,0.4778437614440918,8,False,42,3
16,0.0006102356602639,0.6616542935371399,1.6049039363861084,0.5083218390804597,0.3928716059169153,0.6,0.28,0.7655172413793103,0.2672238647937774,0.7736517190933228,111,34,54,21,220,2.3882798419981555,0.4778437614440918,9,False,42,3
17,0.0005867256899038,0.6158018112182617,1.7205713987350464,0.5154942528735632,0.3871019218100906,0.5772727272727273,0.1866666666666666,0.7793103448275862,0.2702232301235199,0.7879091501235962,113,32,61,14,220,2.437638888000947,0.4778437614440918,10,False,42,3
1,0.0008,1.0505415201187134,0.9672258496284484,0.5620505444832545,0.3441566276496842,0.6986301369863014,0.1612903225806451,0.910828025477707,0.2219058573246002,0.6360127925872803,143,14,52,10,219,2.393221717000415,0.4778437614440918,0,False,42,4
2,0.0007990791638302,0.9624760150909424,0.9813741445541382,0.5229093897678241,0.3226037157437929,0.6073059360730594,0.2741935483870967,0.7388535031847133,0.2305394411087036,0.6529622077941895,116,41,45,17,219,2.3848503540029924,0.4778437614440918,1,False,42,4
3,0.0007963209486843,0.9546239376068116,0.9711101055145264,0.5253749743168277,0.3304505789795234,0.6118721461187214,0.2741935483870967,0.7452229299363057,0.2319710403680801,0.6560155153274536,117,40,45,17,219,2.4411373930015543,0.4778437614440918,2,False,42,4
4,0.0007917382146345,0.9467411041259766,0.986083686351776,0.5012327922745018,0.3201880204775266,0.5251141552511416,0.4032258064516129,0.5732484076433121,0.2502581477165222,0.6936122179031372,90,67,37,25,219,2.4497554900008254,0.4778437614440918,3,False,42,4
5,0.0007853523285023,0.9369469285011292,0.9816384315490724,0.5739675364701048,0.3434638269038426,0.5616438356164384,0.4354838709677419,0.6114649681528662,0.2431019693613052,0.6815147399902344,96,61,35,27,219,2.3955160599980445,0.4778437614440918,0,False,42,4
6,0.0007771930642369,0.9259645938873292,0.9792839288711548,0.556913910006164,0.3400239224011902,0.5114155251141552,0.5806451612903226,0.4840764331210191,0.2604005336761474,0.715802013874054,76,81,26,36,219,2.439298722998501,0.4778437614440918,1,False,42,4
7,0.0007672984640946,0.9147951602935792,1.0403944253921509,0.5292788165194164,0.3246869782275208,0.5707762557077626,0.4193548387096774,0.6305732484076433,0.256842702627182,0.712849497795105,99,58,36,26,219,2.4041264959996624,0.4778437614440918,2,False,42,4
8,0.0007557146612689,0.9073642492294312,0.98403000831604,0.5444832545716047,0.3119685598254113,0.5159817351598174,0.5483870967741935,0.5031847133757962,0.2544924616813659,0.7036696076393127,79,78,28,34,219,2.412517527998716,0.4778437614440918,3,False,42,4
9,0.0007424956647958,0.8784763813018799,1.1321593523025513,0.5010273268954182,0.3071751168098985,0.680365296803653,0.2096774193548387,0.8662420382165605,0.2275183051824569,0.6552104353904724,136,21,49,13,219,2.450972818001901,0.4778437614440918,4,False,42,4
10,0.0007277031077391,0.8575899004936218,0.994005799293518,0.5760221902609411,0.3475014757207406,0.5753424657534246,0.5,0.6050955414012739,0.2465273737907409,0.6895792484283447,95,62,31,31,219,2.4151783650013385,0.4778437614440918,0,False,42,4
11,0.0007114059598282,0.8366851806640625,1.0172007083892822,0.5397575508526814,0.3338010936842654,0.589041095890411,0.4032258064516129,0.6624203821656051,0.2457780539989471,0.6864942312240601,104,53,37,25,219,2.4033051730002626,0.4778437614440918,1,False,42,4
12,0.0006936802058898,0.8125361204147339,1.107877492904663,0.5498253544277789,0.3156761471096658,0.589041095890411,0.5,0.6242038216560509,0.2615143060684204,0.7339329719543457,98,59,31,31,219,2.3713966629984498,0.4778437614440918,2,False,42,4
13,0.0006746084915713,0.7708407640457153,1.1444329023361206,0.4801725909184302,0.3274477212389163,0.589041095890411,0.3225806451612903,0.6942675159235668,0.2621162533760071,0.7314572930335999,109,48,42,20,219,2.4085627169988584,0.4778437614440918,3,False,42,4
14,0.0006542797380087,0.7303741574287415,1.1564702987670898,0.5761249229504828,0.3436133352062877,0.6027397260273972,0.4193548387096774,0.6751592356687898,0.251381516456604,0.7172351479530334,106,51,36,26,219,2.428801140998985,0.4778437614440918,4,False,42,4
15,0.0006327887272353,0.6895044445991516,1.2579537630081177,0.555783850421204,0.3585000438272263,0.6484018264840182,0.3064516129032258,0.7834394904458599,0.2354887574911117,0.6925073862075806,123,34,43,19,219,2.397400229001505,0.4778437614440918,5,False,42,4
16,0.0006102356602639,0.6418045163154602,1.549559235572815,0.5497226217382372,0.3409813464623039,0.6529680365296804,0.2903225806451613,0.7961783439490446,0.241484060883522,0.7538312673568726,125,32,44,18,219,2.40411388800203,0.4778437614440918,6,False,42,4
17,0.0005867256899038,0.5880502462387085,1.4692652225494385,0.517464557222108,0.3122892510784193,0.634703196347032,0.3064516129032258,0.7643312101910829,0.2575364708900451,0.7601233124732971,120,37,43,19,219,2.382211919997644,0.4778437614440918,7,False,42,4
18,0.0005623684304892,0.561944305896759,1.7490085363388062,0.4920895829052804,0.3028365265917182,0.6438356164383562,0.2258064516129032,0.8089171974522293,0.2608111202716827,0.8210417032241821,127,30,48,14,219,2.4355745440007013,0.4778437614440918,8,False,42,4
19,0.0005372774468075,0.5029991865158081,1.499548077583313,0.5472570371892336,0.3654261708582721,0.6757990867579908,0.2741935483870967,0.8343949044585988,0.2374869734048843,0.7208158373832703,131,26,45,17,219,2.3933226029985235,0.4778437614440918,9,False,42,4
20,0.000511569724607,0.454850435256958,1.907181024551392,0.5213683994246969,0.3056063149393366,0.634703196347032,0.2903225806451613,0.7707006369426752,0.2697250843048095,0.90345299243927,121,36,44,18,219,2.406042616999912,0.4778437614440918,10,False,42,4
