epoch,lr,train_loss,val_loss,patient_auc,patient_ap,patient_accuracy,patient_f1,patient_precision,patient_recall,patient_balanced_accuracy,patient_sensitivity,patient_specificity,patient_brier,patient_logloss,patient_tn,patient_fp,patient_fn,patient_tp,n_patients,epoch_seconds,peak_vram_gib,bad_epochs,smoke,train_patient_auc,train_patient_ap,train_patient_accuracy,train_patient_f1,train_patient_precision,train_patient_recall,train_patient_balanced_accuracy,train_patient_sensitivity,train_patient_specificity,train_patient_brier,train_patient_logloss,train_patient_tn,train_patient_fp,train_patient_fn,train_patient_tp,train_n_patients,train_eval_loss,seed,fold
1,0.0008,0.88893723487854,0.8413640856742859,0.7591733870967743,0.5451181608934201,0.684931506849315,0.5818181818181818,0.4752475247524752,0.75,0.7040322580645162,0.75,0.6580645161290323,0.2037364244461059,0.5958375334739685,102,53,16,48,219,10.851099681999584,0.6079578399658203,0,False,,,,,,,,,,,,,,,,,,2026,0
2,0.0007990791638302,0.8877533674240112,0.8414120078086853,0.7589717741935483,0.5449497309437116,0.6986301369863014,0.5925925925925926,0.4897959183673469,0.75,0.7137096774193548,0.75,0.6774193548387096,0.2008077204227447,0.5892292261123657,105,50,16,48,219,10.60488182500012,0.6079578399658203,1,False,,,,,,,,,,,,,,,,,,2026,0
3,0.0007963209486843,0.8881937861442566,0.8412297368049622,0.7586693548387097,0.5443822656993846,0.684931506849315,0.5818181818181818,0.4752475247524752,0.75,0.7040322580645162,0.75,0.6580645161290323,0.2031623423099517,0.59453946352005,102,53,16,48,219,11.022641799999292,0.6079578399658203,2,False,,,,,,,,,,,,,,,,,,2026,0
4,0.0007917382146345,0.8857690691947937,0.8436970710754395,0.7560483870967741,0.5456647476309515,0.6894977168949772,0.5466666666666666,0.4767441860465116,0.640625,0.6751512096774194,0.640625,0.7096774193548387,0.1901564747095108,0.5641530156135559,110,45,23,41,219,10.667434883999704,0.6079578399658203,3,False,,,,,,,,,,,,,,,,,,2026,0
5,0.0007853523285023,0.8894930481910706,0.8410037159919739,0.7589717741935483,0.54428203954764,0.684931506849315,0.5818181818181818,0.4752475247524752,0.75,0.7040322580645162,0.75,0.6580645161290323,0.2019731849431991,0.5917614698410034,102,53,16,48,219,10.547322127999903,0.6079578399658203,4,False,,,,,,,,,,,,,,,,,,2026,0
6,0.0007771930642369,0.8866528868675232,0.8389416933059692,0.7615927419354839,0.5489455748458691,0.684931506849315,0.5766871165644172,0.4747474747474747,0.734375,0.699445564516129,0.734375,0.6645161290322581,0.2012857943773269,0.5901151895523071,103,52,17,47,219,10.63915346900012,0.6079578399658203,0,False,,,,,,,,,,,,,,,,,,2026,0
7,0.0007672984640946,0.8859960436820984,0.8377907872200012,0.7625,0.5555674779507765,0.684931506849315,0.5818181818181818,0.4752475247524752,0.75,0.7040322580645162,0.75,0.6580645161290323,0.201931893825531,0.5916545987129211,102,53,16,48,219,10.744077875000585,0.6079578399658203,1,False,,,,,,,,,,,,,,,,,,2026,0
8,0.0007557146612689,0.8863288760185242,0.8415884971618652,0.7589717741935483,0.5452455666714003,0.680365296803653,0.5783132530120482,0.4705882352941176,0.75,0.7008064516129032,0.75,0.6516129032258065,0.2038641571998596,0.5961211323738098,101,54,16,48,219,10.845532696999726,0.6079578399658203,2,False,,,,,,,,,,,,,,,,,,2026,0
9,0.0007424956647958,0.8860189914703369,0.8414686322212219,0.7591733870967742,0.5449888303033954,0.684931506849315,0.5818181818181818,0.4752475247524752,0.75,0.7040322580645162,0.75,0.6580645161290323,0.2039877623319625,0.5963642597198486,102,53,16,48,219,10.843596869000066,0.6079578399658203,3,False,,,,,,,,,,,,,,,,,,2026,0
10,0.0007277031077391,0.8858767151832581,0.8417852520942688,0.7586693548387097,0.5441090037410682,0.684931506849315,0.5818181818181818,0.4752475247524752,0.75,0.7040322580645162,0.75,0.6580645161290323,0.2039604783058166,0.5962764024734497,102,53,16,48,219,10.886500778000482,0.6079578399658203,4,False,0.7028819704926231,0.5036905718755382,0.6389521640091116,0.5331369661266568,0.4299287410926365,0.7015503875968992,0.6572268067016754,0.7015503875968992,0.6129032258064516,0.2185111045837402,0.627123236656189,380.0,240.0,77.0,181.0,878.0,0.8857523798942566,2026,0
11,0.0007114059598282,0.8861604332923889,0.841907799243927,0.7583669354838709,0.544310124792052,0.684931506849315,0.5818181818181818,0.4752475247524752,0.75,0.7040322580645162,0.75,0.6580645161290323,0.2039814740419387,0.5963118076324463,102,53,16,48,219,10.647150376999887,0.6079578399658203,5,False,,,,,,,,,,,,,,,,,,2026,0
12,0.0006936802058898,0.8868927955627441,0.8358954191207886,0.7644153225806452,0.559841148954487,0.680365296803653,0.5679012345679012,0.4693877551020408,0.71875,0.691633064516129,0.71875,0.6645161290322581,0.2001422941684723,0.5871896743774414,103,52,18,46,219,10.62263694900048,0.6079578399658203,0,False,,,,,,,,,,,,,,,,,,2026,0
13,0.0006746084915713,0.8871361613273621,0.8416568636894226,0.7580645161290323,0.5436589788007191,0.6757990867579908,0.5748502994011976,0.4660194174757281,0.75,0.6975806451612903,0.75,0.6451612903225806,0.2047697752714157,0.5981130599975586,100,55,16,48,219,11.124981329000548,0.6079578399658203,1,False,,,,,,,,,,,,,,,,,,2026,0
14,0.0006542797380087,0.8860220313072205,0.8419707417488098,0.7585685483870968,0.5444316128541344,0.6757990867579908,0.5748502994011976,0.4660194174757281,0.75,0.6975806451612903,0.75,0.6451612903225806,0.2050593793392181,0.5987564325332642,100,55,16,48,219,11.144565149999837,0.6079578399658203,2,False,,,,,,,,,,,,,,,,,,2026,0
15,0.0006327887272353,0.8858444690704346,0.8421977162361145,0.7580645161290323,0.5440085561814407,0.684931506849315,0.5818181818181818,0.4752475247524752,0.75,0.7040322580645162,0.75,0.6580645161290323,0.2048319876194,0.598217785358429,102,53,16,48,219,10.860442851999323,0.6079578399658203,3,False,,,,,,,,,,,,,,,,,,2026,0
16,0.0006102356602639,0.8858614563941956,0.8420091271400452,0.7585685483870969,0.5444444786683172,0.680365296803653,0.5783132530120482,0.4705882352941176,0.75,0.7008064516129032,0.75,0.6516129032258065,0.2047471404075622,0.5980467796325684,101,54,16,48,219,10.668988967000589,0.6079578399658203,4,False,,,,,,,,,,,,,,,,,,2026,0
17,0.0005867256899038,0.8858234882354736,0.8417460918426514,0.7585685483870968,0.543687574030287,0.684931506849315,0.5818181818181818,0.4752475247524752,0.75,0.7040322580645162,0.75,0.6580645161290323,0.2038449645042419,0.5959875583648682,102,53,16,48,219,10.619305225999597,0.6079578399658203,5,False,,,,,,,,,,,,,,,,,,2026,0
18,0.0005623684304892,0.8870666027069092,0.8420426845550537,0.7583669354838709,0.5442248510690383,0.680365296803653,0.5783132530120482,0.4705882352941176,0.75,0.7008064516129032,0.75,0.6516129032258065,0.204922616481781,0.5984304547309875,101,54,16,48,219,10.529139453000424,0.6079578399658203,6,False,,,,,,,,,,,,,,,,,,2026,0
19,0.0005372774468075,0.8857607841491699,0.8420963287353516,0.7585685483870968,0.5444855290231649,0.684931506849315,0.5818181818181818,0.4752475247524752,0.75,0.7040322580645162,0.75,0.6580645161290323,0.2045876681804657,0.5976738333702087,102,53,16,48,219,10.662857442000131,0.6079578399658203,7,False,,,,,,,,,,,,,,,,,,2026,0
20,0.000511569724607,0.8858133554458618,0.8419934511184692,0.7584677419354839,0.5442928958415889,0.684931506849315,0.5818181818181818,0.4752475247524752,0.75,0.7040322580645162,0.75,0.6580645161290323,0.2044746726751327,0.597425639629364,102,53,16,48,219,10.718898719000208,0.6079578399658203,8,False,0.7027756939234808,0.5044174576313357,0.6389521640091116,0.5345080763582967,0.4302600472813239,0.7054263565891473,0.6583583395848962,0.7054263565891473,0.6112903225806452,0.2190507650375366,0.6283351182937622,379.0,241.0,76.0,182.0,878.0,0.8859636187553406,2026,0
21,0.0004853651251557,0.8856764435768127,0.8422988057136536,0.758366935483871,0.5441245756895935,0.680365296803653,0.5783132530120482,0.4705882352941176,0.75,0.7008064516129032,0.75,0.6516129032258065,0.2047096192836761,0.5979476571083069,101,54,16,48,219,10.903112099000282,0.6079578399658203,9,False,,,,,,,,,,,,,,,,,,2026,0
22,0.000458785826393,0.8857210278511047,0.8425397276878357,0.7579637096774193,0.5434798140719075,0.684931506849315,0.5818181818181818,0.4752475247524752,0.75,0.7040322580645162,0.75,0.6580645161290323,0.2046854048967361,0.5978838205337524,102,53,16,48,219,10.836167198000112,0.6079578399658203,10,False,0.7026944236059014,0.5039832121600111,0.6400911161731208,0.5366568914956011,0.4316037735849056,0.7093023255813954,0.6602963240810202,0.7093023255813954,0.6112903225806452,0.2190912067890167,0.6284176111221313,379.0,241.0,75.0,183.0,878.0,0.8859550356864929,2026,0
1,0.0008,0.8748428821563721,0.8727805614471436,0.7115266077665914,0.4660496682645333,0.6255707762557078,0.5232558139534884,0.4090909090909091,0.7258064516129032,0.6558968563797001,0.7258064516129032,0.5859872611464968,0.218981459736824,0.6298423409461975,92,65,17,45,219,10.813892220000524,0.6079578399658203,1,False,,,,,,,,,,,,,,,,,,2026,1
2,0.0007990791638302,0.8733692169189453,0.8725830316543579,0.7110129443188823,0.4648023301571977,0.6255707762557078,0.5232558139534884,0.4090909090909091,0.7258064516129032,0.6558968563797001,0.7258064516129032,0.5859872611464968,0.2182207554578781,0.6281665563583374,92,65,17,45,219,10.750256001000707,0.6079578399658203,2,False,,,,,,,,,,,,,,,,,,2026,1
3,0.0007963209486843,0.8727189302444458,0.8726868033409119,0.7113211423875078,0.4649711845107437,0.6210045662100456,0.5202312138728323,0.4054054054054054,0.7258064516129032,0.6527121430039038,0.7258064516129032,0.5796178343949044,0.2190749645233154,0.6300809383392334,91,66,17,45,219,10.817653357999916,0.6079578399658203,3,False,,,,,,,,,,,,,,,,,,2026,1
4,0.0007917382146345,0.8726704120635986,0.8727719783782959,0.7113211423875078,0.4651041530609019,0.6255707762557078,0.5232558139534884,0.4090909090909091,0.7258064516129032,0.6558968563797001,0.7258064516129032,0.5859872611464968,0.2186451852321624,0.6291690468788147,92,65,17,45,219,10.87636476500029,0.6079578399658203,4,False,,,,,,,,,,,,,,,,,,2026,1
5,0.0007853523285023,0.8727088570594788,0.8729929327964783,0.7116293404561331,0.4653212624577765,0.6210045662100456,0.5202312138728323,0.4054054054054054,0.7258064516129032,0.6527121430039038,0.7258064516129032,0.5796178343949044,0.2188312113285064,0.6295785307884216,91,66,17,45,219,10.850277616999849,0.6079578399658203,5,False,,,,,,,,,,,,,,,,,,2026,1
6,0.0007771930642369,0.8743468523025513,0.8791405558586121,0.7175878364495583,0.4717944779020498,0.730593607305936,0.5354330708661418,0.5230769230769231,0.5483870967741935,0.6754674337374152,0.5483870967741935,0.802547770700637,0.1936015337705612,0.5720258951187134,126,31,28,34,219,10.7212009699997,0.6079578399658203,0,False,,,,,,,,,,,,,,,,,,2026,1
7,0.0007672984640946,0.8738581538200378,0.8725528717041016,0.712245736593384,0.4664503144585352,0.6164383561643836,0.5172413793103449,0.4017857142857143,0.7258064516129032,0.6495274296281077,0.7258064516129032,0.5732484076433121,0.2189259827136993,0.6297925114631653,90,67,17,45,219,10.872488668000187,0.6079578399658203,1,False,,,,,,,,,,,,,,,,,,2026,1
8,0.0007557146612689,0.8726761937141418,0.8731447458267212,0.7119375385247586,0.465625325066141,0.6164383561643836,0.5172413793103449,0.4017857142857143,0.7258064516129032,0.6495274296281077,0.7258064516129032,0.5732484076433121,0.219026893377304,0.6300585865974426,90,67,17,45,219,10.80052675800016,0.6079578399658203,2,False,,,,,,,,,,,,,,,,,,2026,1
9,0.0007424956647958,0.872645914554596,0.8728680610656738,0.7123484692829258,0.4661706962571122,0.6164383561643836,0.5172413793103449,0.4017857142857143,0.7258064516129032,0.6495274296281077,0.7258064516129032,0.5732484076433121,0.2189840674400329,0.6299618482589722,90,67,17,45,219,10.850361736000195,0.6079578399658203,3,False,,,,,,,,,,,,,,,,,,2026,1
10,0.0007277031077391,0.8727311491966248,0.8726661801338196,0.7121430039038422,0.4661020603011673,0.6164383561643836,0.5172413793103449,0.4017857142857143,0.7258064516129032,0.6495274296281077,0.7258064516129032,0.5732484076433121,0.2188323885202407,0.6295990943908691,90,67,17,45,219,10.783792176999668,0.6079578399658203,4,False,0.713144137415982,0.5221914922903464,0.642369020501139,0.5527065527065527,0.4389140271493212,0.7461538461538462,0.6724296738859845,0.7461538461538462,0.598705501618123,0.214354857802391,0.6182292699813843,370.0,248.0,66.0,194.0,878.0,0.8725898861885071,2026,1
11,0.0007114059598282,0.8753593564033508,0.8731025457382202,0.7120402712143005,0.4659975335028655,0.6164383561643836,0.5172413793103449,0.4017857142857143,0.7258064516129032,0.6495274296281077,0.7258064516129032,0.5732484076433121,0.2191744297742843,0.6303924322128296,90,67,17,45,219,10.868095438000635,0.6079578399658203,5,False,,,,,,,,,,,,,,,,,,2026,1
12,0.0006936802058898,0.8723140954971313,0.872491180896759,0.7127594000410931,0.4653457287703343,0.6210045662100456,0.5202312138728323,0.4054054054054054,0.7258064516129032,0.6527121430039038,0.7258064516129032,0.5796178343949044,0.2188000231981277,0.6295673251152039,91,66,17,45,219,10.778343571000732,0.6079578399658203,6,False,,,,,,,,,,,,,,,,,,2026,1
13,0.0006746084915713,0.8726332783699036,0.8728717565536499,0.7121430039038423,0.4661530805397987,0.6164383561643836,0.5172413793103449,0.4017857142857143,0.7258064516129032,0.6495274296281077,0.7258064516129032,0.5732484076433121,0.2191154956817627,0.6302590370178223,90,67,17,45,219,10.90914309100026,0.6079578399658203,7,False,,,,,,,,,,,,,,,,,,2026,1
14,0.0006542797380087,0.8725893497467041,0.8727163672447205,0.7125539346620096,0.466585201107101,0.6210045662100456,0.5202312138728323,0.4054054054054054,0.7258064516129032,0.6527121430039038,0.7258064516129032,0.5796178343949044,0.2190447747707367,0.6301150321960449,91,66,17,45,219,10.794180210000375,0.6079578399658203,8,False,,,,,,,,,,,,,,,,,,2026,1
15,0.0006327887272353,0.8724677562713623,0.8730853199958801,0.7122457365933841,0.4662752124804572,0.6210045662100456,0.5202312138728323,0.4054054054054054,0.7258064516129032,0.6527121430039038,0.7258064516129032,0.5796178343949044,0.218984767794609,0.6299727559089661,91,66,17,45,219,10.736758232000284,0.6079578399658203,9,False,,,,,,,,,,,,,,,,,,2026,1
16,0.0006102356602639,0.8734865784645081,0.8716045022010803,0.7131703307992604,0.4651425508327411,0.634703196347032,0.5294117647058824,0.4166666666666667,0.7258064516129032,0.6622662831312924,0.7258064516129032,0.5987261146496815,0.2164495438337326,0.624288022518158,94,63,17,45,219,10.78117692700016,0.6079578399658203,10,False,0.7150360965894946,0.5249392228491103,0.6503416856492027,0.5557163531114327,0.445475638051044,0.7384615384615385,0.675865073437889,0.7384615384615385,0.6132686084142395,0.2119441479444503,0.6128066778182983,379.0,239.0,68.0,192.0,878.0,0.8714851140975952,2026,1
1,0.0008,0.8667142987251282,0.8678795695304871,0.676386988104011,0.5001392637956996,0.5909090909090909,0.4642857142857143,0.3577981651376147,0.6610169491525424,0.613117170228445,0.6610169491525424,0.5652173913043478,0.2231081128120422,0.6351457238197327,91,70,20,39,220,10.978584907000368,0.6079578399658203,1,False,,,,,,,,,,,,,,,,,,2026,2
2,0.0007990791638302,0.8632127642631531,0.8669361472129822,0.6765975365827982,0.5030159388477241,0.5909090909090909,0.4578313253012048,0.3551401869158878,0.6440677966101694,0.6077481840193704,0.6440677966101694,0.5714285714285714,0.2207546383142471,0.630003035068512,92,69,21,38,220,10.950354039000558,0.6079578399658203,2,False,,,,,,,,,,,,,,,,,,2026,2
3,0.0007963209486843,0.8622978329658508,0.8667017817497253,0.6759658911464365,0.5026301150335043,0.5954545454545455,0.4606060606060606,0.3584905660377358,0.6440677966101694,0.6108537740814822,0.6440677966101694,0.577639751552795,0.2202585786581039,0.6289110779762268,93,68,21,38,220,10.813469949000137,0.6079578399658203,3,False,,,,,,,,,,,,,,,,,,2026,2
4,0.0007917382146345,0.8623786568641663,0.8666814565658569,0.6764922623434045,0.5027686073675192,0.5954545454545455,0.4606060606060606,0.3584905660377358,0.6440677966101694,0.6108537740814822,0.6440677966101694,0.577639751552795,0.2203717976808548,0.6291711926460266,93,68,21,38,220,11.005242451000411,0.6079578399658203,4,False,,,,,,,,,,,,,,,,,,2026,2
5,0.0007853523285023,0.8624520897865295,0.8667289614677429,0.676386988104011,0.5027425418357583,0.6,0.4698795180722891,0.3644859813084112,0.6610169491525424,0.6193283503526688,0.6610169491525424,0.577639751552795,0.2204008996486663,0.6292427778244019,93,68,20,39,220,10.791855683999527,0.6079578399658203,5,False,,,,,,,,,,,,,,,,,,2026,2
6,0.0007771930642369,0.8631331920623779,0.8665336966514587,0.6759658911464365,0.5026382705585722,0.5954545454545455,0.4606060606060606,0.3584905660377358,0.6440677966101694,0.6108537740814822,0.6440677966101694,0.577639751552795,0.2198482453823089,0.6280209422111511,93,68,21,38,220,10.851318022000669,0.6079578399658203,6,False,,,,,,,,,,,,,,,,,,2026,2
7,0.0007672984640946,0.8625461459159851,0.8666059374809265,0.6768080850615855,0.5032762448350407,0.5954545454545455,0.4606060606060606,0.3584905660377358,0.6440677966101694,0.6108537740814822,0.6440677966101694,0.577639751552795,0.2200393676757812,0.6284192204475403,93,68,21,38,220,11.06248530100038,0.6079578399658203,7,False,,,,,,,,,,,,,,,,,,2026,2
8,0.0007557146612689,0.8620173335075378,0.8667247295379639,0.6762817138646173,0.5026580734020001,0.5954545454545455,0.4606060606060606,0.3584905660377358,0.6440677966101694,0.6108537740814822,0.6440677966101694,0.577639751552795,0.2203021645545959,0.6289958357810974,93,68,21,38,220,11.20650683599979,0.6079578399658203,8,False,,,,,,,,,,,,,,,,,,2026,2
9,0.0007424956647958,0.8621721267700195,0.8667565584182739,0.6767028108221919,0.5025744951769004,0.6,0.4698795180722891,0.3644859813084112,0.6610169491525424,0.6193283503526688,0.6610169491525424,0.577639751552795,0.2202989012002945,0.6289979815483093,93,68,20,39,220,11.05071627199959,0.6079578399658203,9,False,,,,,,,,,,,,,,,,,,2026,2
10,0.0007277031077391,0.8621256351470947,0.866686999797821,0.6767028108221917,0.5005170128722836,0.6,0.4698795180722891,0.3644859813084112,0.6610169491525424,0.6193283503526688,0.6610169491525424,0.577639751552795,0.2207614481449127,0.6299888491630554,93,68,20,39,220,10.910466311000164,0.6079578399658203,10,False,0.7232261180812721,0.5219005321192179,0.661345496009122,0.5638766519823789,0.4593301435406698,0.7300380228136882,0.6809799234589613,0.7300380228136882,0.6319218241042345,0.2130190283060073,0.6160163283348083,388.0,226.0,71.0,192.0,877.0,0.8619731068611145,2026,2
11,0.0007114059598282,0.8620034456253052,0.8680236339569092,0.6814401515949048,0.4973912941443891,0.6,0.4942528735632184,0.3739130434782609,0.7288135593220338,0.6408042951889672,0.7288135593220338,0.5527950310559007,0.2297037988901138,0.6495145559310913,89,72,16,43,220,10.779640349000148,0.6079578399658203,0,False,,,,,,,,,,,,,,,,,,2026,2
12,0.0006936802058898,0.8626905083656311,0.8688082695007324,0.6750184229918939,0.4905742937168449,0.5909090909090909,0.4642857142857143,0.3577981651376147,0.6610169491525424,0.613117170228445,0.6610169491525424,0.5652173913043478,0.2232517302036285,0.635511577129364,91,70,20,39,220,10.78248269300002,0.6079578399658203,1,False,,,,,,,,,,,,,,,,,,2026,2
13,0.0006746084915713,0.8625220656394958,0.866787314414978,0.6768080850615854,0.502453965433824,0.5909090909090909,0.4578313253012048,0.3551401869158878,0.6440677966101694,0.6077481840193704,0.6440677966101694,0.5714285714285714,0.2203180342912674,0.6289798617362976,92,69,21,38,220,10.911625665000429,0.6079578399658203,2,False,,,,,,,,,,,,,,,,,,2026,2
14,0.0006542797380087,0.8613190054893494,0.861221969127655,0.6825981682282345,0.4961920128509248,0.6,0.4698795180722891,0.3644859813084112,0.6610169491525424,0.6193283503526688,0.6610169491525424,0.577639751552795,0.2182388603687286,0.6239768266677856,93,68,20,39,220,10.801936453000051,0.6079578399658203,0,False,,,,,,,,,,,,,,,,,,2026,2
15,0.0006327887272353,0.8633943796157837,0.8666192889213562,0.6796504895252131,0.5029161361063268,0.5954545454545455,0.4733727810650887,0.3636363636363636,0.6779661016949152,0.6215917464996314,0.6779661016949152,0.5652173913043478,0.2231924533843994,0.6351816058158875,91,70,19,40,220,10.766669896000169,0.6079578399658203,1,False,,,,,,,,,,,,,,,,,,2026,2
16,0.0006102356602639,0.8621777892112732,0.8634974360466003,0.6821770712706601,0.503391012848882,0.5909090909090909,0.4512195121951219,0.3523809523809524,0.6271186440677966,0.6023791978102958,0.6271186440677966,0.577639751552795,0.2184424102306366,0.624762237071991,93,68,22,37,220,11.009952064000572,0.6079578399658203,2,False,,,,,,,,,,,,,,,,,,2026,2
17,0.0005867256899038,0.8589276671409607,0.849933922290802,0.6949152542372882,0.5012072132978044,0.6318181818181818,0.4774193548387097,0.3854166666666667,0.6271186440677966,0.630329508369302,0.6271186440677966,0.6335403726708074,0.2112505137920379,0.60845947265625,102,59,22,37,220,11.143599850999635,0.6079578399658203,0,False,,,,,,,,,,,,,,,,,,2026,2
18,0.0005623684304892,0.8616281747817993,0.8639675974845886,0.6822823455100537,0.5037604960403886,0.6,0.4698795180722891,0.3644859813084112,0.6610169491525424,0.6193283503526688,0.6610169491525424,0.577639751552795,0.2193786650896072,0.6270342469215393,93,68,20,39,220,11.353120853999826,0.6079578399658203,1,False,,,,,,,,,,,,,,,,,,2026,2
19,0.0005372774468075,0.8579123020172119,0.8611237406730652,0.6878618801979155,0.5038112928099432,0.6,0.4698795180722891,0.3644859813084112,0.6610169491525424,0.6193283503526688,0.6610169491525424,0.577639751552795,0.2198591977357864,0.6279715895652771,93,68,20,39,220,11.154684880999412,0.6079578399658203,2,False,,,,,,,,,,,,,,,,,,2026,2
20,0.000511569724607,0.8575007915496826,0.8651268482208252,0.6803874092009685,0.5045419135661537,0.5954545454545455,0.467065868263473,0.3611111111111111,0.6610169491525424,0.6162227602905569,0.6610169491525424,0.5714285714285714,0.2196535319089889,0.6274557113647461,92,69,20,39,220,11.145853763999185,0.6079578399658203,3,False,0.724830012013723,0.5259916157434156,0.6659064994298746,0.5659259259259259,0.4635922330097087,0.7262357414448669,0.6831504440123357,0.7262357414448669,0.6400651465798045,0.2112264186143875,0.6116752624511719,393.0,221.0,72.0,191.0,877.0,0.859373927116394,2026,2
21,0.0004853651251557,0.8616421818733215,0.8668777942657471,0.6775450047373407,0.4962654918824127,0.5909090909090909,0.4642857142857143,0.3577981651376147,0.6610169491525424,0.613117170228445,0.6610169491525424,0.5652173913043478,0.2217546850442886,0.6319724917411804,91,70,20,39,220,11.128888561999702,0.6079578399658203,4,False,,,,,,,,,,,,,,,,,,2026,2
22,0.000458785826393,0.8593398928642273,0.8627297282218933,0.6819665227918729,0.5094437545623037,0.5954545454545455,0.4539877300613497,0.3557692307692308,0.6271186440677966,0.6054847878724077,0.6271186440677966,0.5838509316770186,0.2189322859048843,0.6257488131523132,94,67,22,37,220,11.362312631999885,0.6079578399658203,5,False,,,,,,,,,,,,,,,,,,2026,2
23,0.000431955753279,0.8626810908317566,0.8662206530570984,0.6795452152858196,0.5061532236039792,0.5863636363636363,0.4615384615384615,0.3545454545454545,0.6610169491525424,0.6100115801663333,0.6610169491525424,0.5590062111801242,0.2228570282459259,0.6345075964927673,90,71,20,39,220,11.200456239000232,0.6079578399658203,6,False,,,,,,,,,,,,,,,,,,2026,2
24,0.000405,0.8621478080749512,0.8638362288475037,0.6794399410464259,0.5113930348900222,0.5863636363636363,0.4550898203592814,0.3518518518518518,0.6440677966101694,0.6046425939572586,0.6440677966101694,0.5652173913043478,0.220360666513443,0.628906786441803,91,70,21,38,220,11.201114720999612,0.6079578399658203,7,False,,,,,,,,,,,,,,,,,,2026,2
25,0.0003780442467209,0.8598870038986206,0.8691326975822449,0.6720707442888725,0.500806280673556,0.6318181818181818,0.4635761589403973,0.3804347826086957,0.5932203389830508,0.6195915359511528,0.5932203389830508,0.6459627329192547,0.2118688523769378,0.6111376881599426,104,57,24,35,220,11.191298835999987,0.6079578399658203,8,False,,,,,,,,,,,,,,,,,,2026,2
26,0.0003512141736069,0.8616658449172974,0.8655842542648315,0.6818612485524792,0.511264631348971,0.5954545454545455,0.4855491329479768,0.3684210526315789,0.711864406779661,0.6323297189177808,0.711864406779661,0.5527950310559007,0.2249320298433303,0.6387953162193298,89,72,17,42,220,11.199622463000196,0.6079578399658203,9,False,,,,,,,,,,,,,,,,,,2026,2
27,0.0003246348748442,0.8621191382408142,0.8648743033409119,0.6813348773555112,0.5097568418348357,0.5909090909090909,0.4767441860465116,0.3628318584070796,0.6949152542372882,0.6238551426465944,0.6949152542372882,0.5527950310559007,0.2233346402645111,0.6354044079780579,89,72,18,41,220,11.102160228000685,0.6079578399658203,10,False,0.7247309297630695,0.5241053011037884,0.6579247434435576,0.5626822157434402,0.4562647754137116,0.7338403041825095,0.679623735153144,0.7338403041825095,0.6254071661237784,0.2154872268438339,0.6217349171638489,384.0,230.0,70.0,193.0,877.0,0.8609675765037537,2026,2
1,0.0008,0.909645140171051,0.9473900198936462,0.7188045977011494,0.5626762139137707,0.6863636363636364,0.6187845303867403,0.5283018867924528,0.7466666666666667,0.7009195402298851,0.7466666666666667,0.6551724137931034,0.2165435850620269,0.6252784132957458,95,50,19,56,220,10.76881297,0.6079578399658203,0,False,,,,,,,,,,,,,,,,,,2026,3
2,0.0007990791638302,0.9012048244476318,0.945526361465454,0.7177011494252874,0.5635917167235411,0.6681818181818182,0.6054054054054054,0.509090909090909,0.7466666666666667,0.6871264367816092,0.7466666666666667,0.6275862068965518,0.2180898785591125,0.6286991238594055,91,54,19,56,220,10.669292406999377,0.6079578399658203,1,False,,,,,,,,,,,,,,,,,,2026,3
3,0.0007963209486843,0.8922673463821411,0.9555960297584534,0.7137471264367815,0.5591412122287139,0.6727272727272727,0.5955056179775281,0.5145631067961165,0.7066666666666667,0.6809195402298851,0.7066666666666667,0.6551724137931034,0.2136739492416381,0.6191419959068298,95,50,22,53,220,10.799285981999674,0.6079578399658203,2,False,,,,,,,,,,,,,,,,,,2026,3
4,0.0007917382146345,0.8880879282951355,0.9772067070007324,0.712367816091954,0.5701786027598047,0.6636363636363637,0.5487804878048781,0.5056179775280899,0.6,0.6482758620689655,0.6,0.696551724137931,0.2072791755199432,0.6041693687438965,101,44,30,45,220,10.775264082999456,0.6079578399658203,3,False,,,,,,,,,,,,,,,,,,2026,3
5,0.0007853523285023,0.8948571681976318,0.9560149312019348,0.7159540229885057,0.5646060326608878,0.6727272727272727,0.5909090909090909,0.5148514851485149,0.6933333333333334,0.6777011494252874,0.6933333333333334,0.6620689655172414,0.2121953815221786,0.615787923336029,96,49,23,52,220,10.70459877600024,0.6079578399658203,4,False,,,,,,,,,,,,,,,,,,2026,3
6,0.0007771930642369,0.8856866955757141,0.9943987727165222,0.7110804597701149,0.5688966501382139,0.6681818181818182,0.5521472392638037,0.5113636363636364,0.6,0.6517241379310345,0.6,0.7034482758620689,0.208311527967453,0.6093019843101501,102,43,30,45,220,10.788194685000237,0.6079578399658203,5,False,,,,,,,,,,,,,,,,,,2026,3
7,0.0007672984640946,0.8883777260780334,0.9558045268058776,0.7163218390804598,0.5663752702579852,0.6636363636363637,0.5978260869565217,0.5045871559633027,0.7333333333333333,0.6804597701149425,0.7333333333333333,0.6275862068965518,0.2167668044567108,0.6267117857933044,91,54,20,55,220,10.466178643999228,0.6079578399658203,6,False,,,,,,,,,,,,,,,,,,2026,3
8,0.0007557146612689,0.8833411931991577,1.0190222263336182,0.7075862068965517,0.5711154316808938,0.6863636363636364,0.6011560693641619,0.5306122448979592,0.6933333333333334,0.6880459770114943,0.6933333333333334,0.6827586206896552,0.2167932689189911,0.6356340646743774,99,46,23,52,220,10.491842213999917,0.6079578399658203,7,False,,,,,,,,,,,,,,,,,,2026,3
9,0.0007424956647958,0.8906945586204529,0.9800103306770324,0.7106206896551723,0.5666023831112674,0.6727272727272727,0.5862068965517241,0.5151515151515151,0.68,0.6744827586206896,0.68,0.6689655172413793,0.212064728140831,0.6167120933532715,97,48,24,51,220,10.638081731999591,0.6079578399658203,8,False,,,,,,,,,,,,,,,,,,2026,3
10,0.0007277031077391,0.879398763179779,1.0819122791290283,0.7056551724137932,0.5626358299596259,0.6727272727272727,0.5384615384615384,0.5185185185185185,0.56,0.6455172413793104,0.56,0.7310344827586207,0.207794114947319,0.6223165392875671,106,39,33,42,220,10.901358480999988,0.6079578399658203,9,False,0.7280766017608122,0.5228110326486958,0.7035347776510832,0.5373665480427047,0.4793650793650794,0.611336032388664,0.6755092860356018,0.611336032388664,0.7396825396825397,0.1927807182073593,0.5721614360809326,466.0,164.0,96.0,151.0,877.0,0.9091556668281556,2026,3
11,0.0007114059598282,0.8820531368255615,0.95742928981781,0.7087816091954021,0.5595813253369446,0.5909090909090909,0.5754716981132075,0.4452554744525547,0.8133333333333334,0.6445977011494253,0.8133333333333334,0.4758620689655172,0.2527541220188141,0.7096049785614014,69,76,14,61,220,10.627087157999997,0.6079578399658203,10,False,,,,,,,,,,,,,,,,,,2026,3
12,0.0006936802058898,0.8736912608146667,1.0297737121582031,0.7076781609195402,0.5633624520103674,0.6636363636363637,0.5795454545454546,0.504950495049505,0.68,0.6675862068965517,0.68,0.6551724137931034,0.2180338054895401,0.6417125463485718,95,50,24,51,220,10.64489041499928,0.6079578399658203,11,False,0.7326521431784591,0.5216851223377836,0.6761687571265679,0.5448717948717948,0.4509283819628647,0.6882591093117408,0.6798438403701561,0.6882591093117408,0.6714285714285714,0.2061274200677871,0.6014184355735779,423.0,207.0,77.0,170.0,877.0,0.8880072236061096,2026,3
1,0.0008,0.8676162958145142,0.8991121649742126,0.675672899116499,0.4856483945895486,0.6438356164383562,0.524390243902439,0.4215686274509804,0.6935483870967742,0.6588761043764126,0.6935483870967742,0.6242038216560509,0.2254909723997116,0.643108606338501,98,59,19,43,219,10.79396699500012,0.6079578399658203,1,False,,,,,,,,,,,,,,,,,,2026,4
2,0.0007990791638302,0.866497814655304,0.8995845913887024,0.6757756318060407,0.4854135034053231,0.6438356164383562,0.524390243902439,0.4215686274509804,0.6935483870967742,0.6588761043764126,0.6935483870967742,0.6242038216560509,0.2256568670272827,0.6435134410858154,98,59,19,43,219,10.819917087000247,0.6079578399658203,2,False,,,,,,,,,,,,,,,,,,2026,4
3,0.0007963209486843,0.8674044013023376,0.8993266224861145,0.6774193548387096,0.4859537932801571,0.639269406392694,0.5153374233128835,0.4158415841584158,0.6774193548387096,0.6508115882473803,0.6774193548387096,0.6242038216560509,0.2254021912813186,0.642948567867279,98,59,20,42,219,10.876445203000005,0.6079578399658203,0,False,,,,,,,,,,,,,,,,,,2026,4
4,0.0007917382146345,0.8665946125984192,0.899755597114563,0.6763920279432915,0.4864431056798909,0.6438356164383562,0.524390243902439,0.4215686274509804,0.6935483870967742,0.6588761043764126,0.6935483870967742,0.6242038216560509,0.2254712134599685,0.6430747509002686,98,59,19,43,219,10.697256337999534,0.6079578399658203,1,False,,,,,,,,,,,,,,,,,,2026,4
5,0.0007853523285023,0.865689754486084,0.8996732234954834,0.6773166221491679,0.4863713442408276,0.639269406392694,0.5153374233128835,0.4158415841584158,0.6774193548387096,0.6508115882473803,0.6774193548387096,0.6242038216560509,0.2245161980390548,0.6409611105918884,98,59,20,42,219,10.579425803999584,0.6079578399658203,2,False,,,,,,,,,,,,,,,,,,2026,4
6,0.0007771930642369,0.8652750849723816,0.8928900361061096,0.682145058557633,0.5002101601321054,0.6438356164383562,0.5125,0.4183673469387755,0.6612903225806451,0.6491164988699404,0.6612903225806451,0.6369426751592356,0.2213979512453079,0.633557140827179,100,57,21,41,219,10.658209434000128,0.6079578399658203,0,False,,,,,,,,,,,,,,,,,,2026,4
7,0.0007672984640946,0.8704776763916016,0.9010359644889832,0.6760838298746661,0.4857212450313364,0.6438356164383562,0.524390243902439,0.4215686274509804,0.6935483870967742,0.6588761043764126,0.6935483870967742,0.6242038216560509,0.2261821031570434,0.6447634696960449,98,59,19,43,219,10.669340405000185,0.6079578399658203,1,False,,,,,,,,,,,,,,,,,,2026,4
8,0.0007557146612689,0.8677036762237549,0.8974960446357727,0.6795767413190875,0.4861750519469798,0.639269406392694,0.5153374233128835,0.4158415841584158,0.6774193548387096,0.6508115882473803,0.6774193548387096,0.6242038216560509,0.2245412468910217,0.6409419775009155,98,59,20,42,219,10.67488136799966,0.6079578399658203,2,False,,,,,,,,,,,,,,,,,,2026,4
9,0.0007424956647958,0.8661564588546753,0.9008543491363524,0.675056502979248,0.4850093034963336,0.6438356164383562,0.524390243902439,0.4215686274509804,0.6935483870967742,0.6588761043764126,0.6935483870967742,0.6242038216560509,0.2268221378326416,0.6462801098823547,98,59,19,43,219,11.058889783000268,0.6079578399658203,3,False,,,,,,,,,,,,,,,,,,2026,4
10,0.0007277031077391,0.8650203943252563,0.9007303714752196,0.6751592356687898,0.4850139376914157,0.6438356164383562,0.524390243902439,0.4215686274509804,0.6935483870967742,0.6588761043764126,0.6935483870967742,0.6242038216560509,0.2267517894506454,0.64608234167099,98,59,19,43,219,10.738686414999393,0.6079578399658203,4,False,0.7250746825989546,0.5245339487075549,0.6514806378132119,0.55,0.4452380952380952,0.7192307692307692,0.6711040577545432,0.7192307692307692,0.6229773462783171,0.2132078558206558,0.6159980297088623,385.0,233.0,73.0,187.0,878.0,0.8651103973388672,2026,4
11,0.0007114059598282,0.8649742603302002,0.9006150960922241,0.6754674337374152,0.485577392129878,0.6438356164383562,0.524390243902439,0.4215686274509804,0.6935483870967742,0.6588761043764126,0.6935483870967742,0.6242038216560509,0.2264128029346466,0.645308256149292,98,59,19,43,219,11.008417557999564,0.6079578399658203,5,False,,,,,,,,,,,,,,,,,,2026,4
12,0.0006936802058898,0.8650181889533997,0.9009601473808287,0.6752619683583316,0.4851187340563556,0.6438356164383562,0.524390243902439,0.4215686274509804,0.6935483870967742,0.6588761043764126,0.6935483870967742,0.6242038216560509,0.2265798598527908,0.6456867456436157,98,59,19,43,219,10.844514807999984,0.6079578399658203,6,False,,,,,,,,,,,,,,,,,,2026,4
13,0.0006746084915713,0.8650429844856262,0.9009326100349426,0.675056502979248,0.4850110096793885,0.6438356164383562,0.524390243902439,0.4215686274509804,0.6935483870967742,0.6588761043764126,0.6935483870967742,0.6242038216560509,0.2264343649148941,0.6453375220298767,98,59,19,43,219,10.718301371999589,0.6079578399658203,7,False,,,,,,,,,,,,,,,,,,2026,4
14,0.0006542797380087,0.8649867177009583,0.9009037017822266,0.6753647010478733,0.485198588735905,0.6438356164383562,0.524390243902439,0.4215686274509804,0.6935483870967742,0.6588761043764126,0.6935483870967742,0.6242038216560509,0.2263062000274658,0.6450221538543701,98,59,19,43,219,10.782314830999894,0.6079578399658203,8,False,,,,,,,,,,,,,,,,,,2026,4
15,0.0006327887272353,0.8651167154312134,0.9007907509803772,0.6747483049106225,0.4848024995989218,0.6438356164383562,0.524390243902439,0.4215686274509804,0.6935483870967742,0.6588761043764126,0.6935483870967742,0.6242038216560509,0.2261826395988464,0.644692063331604,98,59,19,43,219,10.874534888000198,0.6079578399658203,9,False,,,,,,,,,,,,,,,,,,2026,4
16,0.0006102356602639,0.8649214506149292,0.900943160057068,0.6747483049106224,0.4848725718488177,0.6438356164383562,0.524390243902439,0.4215686274509804,0.6935483870967742,0.6588761043764126,0.6935483870967742,0.6242038216560509,0.2259972244501114,0.6442628502845764,98,59,19,43,219,10.7881981190003,0.6079578399658203,10,False,0.7251867064973861,0.5254235269128512,0.6583143507972665,0.5548961424332344,0.4516908212560386,0.7192307692307692,0.675958426686582,0.7192307692307692,0.6326860841423948,0.2124022543430328,0.6141563653945923,391.0,227.0,73.0,187.0,878.0,0.8650302290916443,2026,4
1,0.0008,0.8888484239578247,0.840871274471283,0.7607862903225805,0.5489147484226381,0.6940639269406392,0.5838509316770186,0.4845360824742268,0.734375,0.7058971774193548,0.734375,0.6774193548387096,0.1994415372610092,0.5861865282058716,105,50,17,47,219,13.151192218999768,0.6079578399658203,0,False,,,,,,,,,,,,,,,,,,42,0
2,0.0007990791638302,0.8875169157981873,0.841113805770874,0.7600806451612903,0.5453581306338069,0.684931506849315,0.5818181818181818,0.4752475247524752,0.75,0.7040322580645162,0.75,0.6580645161290323,0.2028224319219589,0.5937302112579346,102,53,16,48,219,10.968705625999974,0.6079578399658203,1,False,,,,,,,,,,,,,,,,,,42,0
3,0.0007963209486843,0.8863068222999573,0.839797854423523,0.7586693548387098,0.5501204885896914,0.7031963470319634,0.5859872611464968,0.4946236559139785,0.71875,0.7077620967741935,0.71875,0.6967741935483871,0.1974533051252365,0.581351637840271,108,47,18,46,219,11.103737620000176,0.6079578399658203,2,False,,,,,,,,,,,,,,,,,,42,0
4,0.0007917382146345,0.8893247246742249,0.8467665910720825,0.7589717741935483,0.5479677813517296,0.7214611872146118,0.5793103448275863,0.5185185185185185,0.65625,0.7023185483870968,0.65625,0.7483870967741936,0.1890523731708526,0.5621551275253296,116,39,22,42,219,11.172433900000216,0.6079578399658203,3,False,,,,,,,,,,,,,,,,,,42,0
5,0.0007853523285023,0.8868089318275452,0.8425391912460327,0.7576612903225807,0.5431589452652988,0.684931506849315,0.5818181818181818,0.4752475247524752,0.75,0.7040322580645162,0.75,0.6580645161290323,0.2038642019033432,0.5960702300071716,102,53,16,48,219,11.27839390500003,0.6079578399658203,4,False,,,,,,,,,,,,,,,,,,42,0
6,0.0007771930642369,0.8861006498336792,0.8421593904495239,0.758266129032258,0.5442211169207308,0.684931506849315,0.5818181818181818,0.4752475247524752,0.75,0.7040322580645162,0.75,0.6580645161290323,0.2040494084358215,0.596482515335083,102,53,16,48,219,11.061282436000056,0.6079578399658203,5,False,,,,,,,,,,,,,,,,,,42,0
7,0.0007672984640946,0.8861649036407471,0.8427588939666748,0.7576612903225807,0.5427339183323776,0.684931506849315,0.5818181818181818,0.4752475247524752,0.75,0.7040322580645162,0.75,0.6580645161290323,0.2038610279560089,0.5960622429847717,102,53,16,48,219,10.937549980999847,0.6079578399658203,6,False,,,,,,,,,,,,,,,,,,42,0
8,0.0007557146612689,0.8856597542762756,0.8407440185546875,0.7590725806451613,0.5502384476234549,0.6894977168949772,0.5802469135802469,0.4795918367346938,0.734375,0.7026713709677419,0.734375,0.6709677419354839,0.2034247070550918,0.5949206948280334,104,51,17,47,219,11.11657113299998,0.6079578399658203,7,False,,,,,,,,,,,,,,,,,,42,0
9,0.0007424956647958,0.8875257968902588,0.8425588607788086,0.7574596774193548,0.5431392189581796,0.684931506849315,0.5818181818181818,0.4752475247524752,0.75,0.7040322580645162,0.75,0.6580645161290323,0.204033225774765,0.5964003205299377,102,53,16,48,219,10.91523336499995,0.6079578399658203,8,False,,,,,,,,,,,,,,,,,,42,0
10,0.0007277031077391,0.8866335153579712,0.8424937129020691,0.7582661290322581,0.5434914478807139,0.6757990867579908,0.5748502994011976,0.4660194174757281,0.75,0.6975806451612903,0.75,0.6451612903225806,0.2047900408506393,0.5980937480926514,100,55,16,48,219,11.011264828000094,0.6079578399658203,9,False,0.7028444611152789,0.5033521324505295,0.6412300683371298,0.5374449339207048,0.4326241134751773,0.7093023255813954,0.6611027756939235,0.7093023255813954,0.6129032258064516,0.2192659080028534,0.628836452960968,380.0,240.0,75.0,183.0,878.0,0.8858553767204285,42,0
11,0.0007114059598282,0.8853268623352051,0.8420864939689636,0.7570564516129031,0.5435448895486412,0.6894977168949772,0.5853658536585366,0.48,0.75,0.707258064516129,0.75,0.6645161290322581,0.2024703323841095,0.5929558277130127,103,52,16,48,219,10.950866827000027,0.6079578399658203,10,False,,,,,,,,,,,,,,,,,,42,0
12,0.0006936802058898,0.8861106038093567,0.8425891399383545,0.7578629032258064,0.5436765179364613,0.6757990867579908,0.5748502994011976,0.4660194174757281,0.75,0.6975806451612903,0.75,0.6451612903225806,0.2045708000659942,0.5976600646972656,100,55,16,48,219,10.98722730899999,0.6079578399658203,11,False,0.702750687671918,0.5031438955718567,0.6400911161731208,0.5366568914956011,0.4316037735849056,0.7093023255813954,0.6602963240810202,0.7093023255813954,0.6112903225806452,0.2190542370080948,0.6283345222473145,379.0,241.0,75.0,183.0,878.0,0.8859896659851074,42,0
1,0.0008,0.8773635625839233,0.8714311122894287,0.7130675981097185,0.4699297717815639,0.634703196347032,0.5294117647058824,0.4166666666666667,0.7258064516129032,0.6622662831312924,0.7258064516129032,0.5987261146496815,0.2146525233983993,0.6198915243148804,94,63,17,45,219,11.094258048000029,0.6079578399658203,0,False,,,,,,,,,,,,,,,,,,42,1
2,0.0007990791638302,0.8730107545852661,0.8723708391189575,0.7115266077665914,0.4643122353429746,0.6164383561643836,0.5172413793103449,0.4017857142857143,0.7258064516129032,0.6495274296281077,0.7258064516129032,0.5732484076433121,0.2183275371789932,0.6284211874008179,90,67,17,45,219,10.797707099000036,0.6079578399658203,1,False,,,,,,,,,,,,,,,,,,42,1
3,0.0007963209486843,0.872643768787384,0.870992124080658,0.7132730634888023,0.4622498955045897,0.6438356164383562,0.5301204819277109,0.4230769230769231,0.7096774193548387,0.6637559071296486,0.7096774193548387,0.6178343949044586,0.2137343287467956,0.6181219220161438,97,60,18,44,219,10.848004859999946,0.6079578399658203,2,False,,,,,,,,,,,,,,,,,,42,1
4,0.0007917382146345,0.8730468153953552,0.8694902658462524,0.7146085884528457,0.468306714402272,0.6301369863013698,0.5263157894736842,0.4128440366972477,0.7258064516129032,0.6590815697554961,0.7258064516129032,0.5923566878980892,0.2159588932991027,0.6230849027633667,93,64,17,45,219,10.792357679999895,0.6079578399658203,0,False,,,,,,,,,,,,,,,,,,42,1
5,0.0007853523285023,0.87350994348526,0.8718344569206238,0.7101910828025478,0.4654660752246004,0.6301369863013698,0.5207100591715976,0.411214953271028,0.7096774193548387,0.6542017670022602,0.7096774193548387,0.5987261146496815,0.2170618325471878,0.6253199577331543,94,63,18,44,219,10.954350937000072,0.6079578399658203,1,False,,,,,,,,,,,,,,,,,,42,1
6,0.0007771930642369,0.8681480288505554,0.877303421497345,0.7039243887404972,0.4641520179997365,0.634703196347032,0.5180722891566265,0.4134615384615384,0.6935483870967742,0.6525066776248203,0.6935483870967742,0.6114649681528662,0.2166503071784973,0.6240591406822205,96,61,19,43,219,10.717769349000264,0.6079578399658203,2,False,,,,,,,,,,,,,,,,,,42,1
7,0.0007672984640946,0.86588454246521,0.892114520072937,0.7053626463940825,0.4605781615471724,0.7168949771689498,0.5230769230769231,0.5,0.5483870967741935,0.6659132936100267,0.5483870967741935,0.7834394904458599,0.1971510797739029,0.5776025652885437,123,34,28,34,219,10.834801096999854,0.6079578399658203,3,False,,,,,,,,,,,,,,,,,,42,1
8,0.0007557146612689,0.8692873120307922,0.8820827007293701,0.7043353194986645,0.4468425655607084,0.634703196347032,0.5348837209302325,0.4181818181818181,0.7419354838709677,0.6671460858845284,0.7419354838709677,0.5923566878980892,0.2234102040529251,0.6400337815284729,93,64,16,46,219,10.79969285399966,0.6079578399658203,4,False,,,,,,,,,,,,,,,,,,42,1
9,0.0007424956647958,0.8672704696655273,0.8708429336547852,0.7151222519005547,0.4626883806029996,0.6301369863013698,0.5149700598802395,0.4095238095238095,0.6935483870967742,0.649321964249024,0.6935483870967742,0.6050955414012739,0.2148545533418655,0.6201847791671753,95,62,19,43,219,10.798447715000291,0.6079578399658203,5,False,,,,,,,,,,,,,,,,,,42,1
10,0.0007277031077391,0.8647578954696655,0.9082736372947692,0.6924183275118143,0.450477067124497,0.639269406392694,0.5031446540880503,0.4123711340206185,0.6451612903225806,0.6410519827409081,0.6451612903225806,0.6369426751592356,0.2131869494915008,0.6194279789924622,100,57,22,40,219,10.912644340000044,0.6079578399658203,6,False,0.7373226288274831,0.5629940107968286,0.6845102505694761,0.5624012638230648,0.4772117962466488,0.6846153846153846,0.6845407020164302,0.6846153846153846,0.6844660194174758,0.1973775774240493,0.5807831287384033,423.0,195.0,82.0,178.0,878.0,0.8636773228645325,42,1
11,0.0007114059598282,0.8592221140861511,0.8783906698226929,0.7081364290117114,0.4551333413857965,0.634703196347032,0.5180722891566265,0.4134615384615384,0.6935483870967742,0.6525066776248203,0.6935483870967742,0.6114649681528662,0.2184113413095474,0.6286665797233582,96,61,19,43,219,10.82388943099977,0.6079578399658203,7,False,,,,,,,,,,,,,,,,,,42,1
12,0.0006936802058898,0.858184278011322,0.9117006063461304,0.6878980891719745,0.4621789418469108,0.634703196347032,0.5061728395061729,0.41,0.6612903225806451,0.642747072118348,0.6612903225806451,0.6242038216560509,0.2123953700065612,0.6179007887840271,98,59,21,41,219,10.75809993599978,0.6079578399658203,8,False,,,,,,,,,,,,,,,,,,42,1
13,0.0006746084915713,0.8633676767349243,0.9057457447052002,0.6924183275118143,0.4661776837034517,0.6255707762557078,0.5340909090909091,0.4122807017543859,0.7580645161290323,0.6656564618861722,0.7580645161290323,0.5732484076433121,0.2316742688417434,0.6617527604103088,90,67,15,47,219,10.859573822999664,0.6079578399658203,9,False,,,,,,,,,,,,,,,,,,42,1
14,0.0006542797380087,0.8591000437736511,0.9115856289863586,0.6937538524758577,0.4687135914911174,0.634703196347032,0.5121951219512195,0.4117647058823529,0.6774193548387096,0.6476268748715841,0.6774193548387096,0.6178343949044586,0.217187151312828,0.6308243870735168,97,60,20,42,219,10.843902621000325,0.6079578399658203,10,False,0.742282798108041,0.5660915503967237,0.6810933940774487,0.5718654434250765,0.4746192893401015,0.7192307692307692,0.6921396564600448,0.7192307692307692,0.6650485436893204,0.1999098509550094,0.5867865085601807,411.0,207.0,73.0,187.0,878.0,0.8577947020530701,42,1
1,0.0008,0.8641358017921448,0.8655019402503967,0.6788082956100643,0.5069845647020319,0.5909090909090909,0.4578313253012048,0.3551401869158878,0.6440677966101694,0.6077481840193704,0.6440677966101694,0.5714285714285714,0.220162883400917,0.6286858916282654,92,69,21,38,220,10.920428715999606,0.6079578399658203,0,False,,,,,,,,,,,,,,,,,,42,2
2,0.0007990791638302,0.8631511330604553,0.8667502403259277,0.6773344562585535,0.5047708501537991,0.5954545454545455,0.467065868263473,0.3611111111111111,0.6610169491525424,0.6162227602905569,0.6610169491525424,0.5714285714285714,0.2210427671670913,0.6306439638137817,92,69,20,39,220,11.02702315400029,0.6079578399658203,1,False,,,,,,,,,,,,,,,,,,42,2
3,0.0007963209486843,0.8635923862457275,0.866855263710022,0.6769133593009791,0.5032701637427457,0.5954545454545455,0.467065868263473,0.3611111111111111,0.6610169491525424,0.6162227602905569,0.6610169491525424,0.5714285714285714,0.2210909724235534,0.6307425498962402,92,69,20,39,220,10.884698980999929,0.6079578399658203,2,False,,,,,,,,,,,,,,,,,,42,2
4,0.0007917382146345,0.862144947052002,0.8668240308761597,0.6767028108221917,0.4978738521969406,0.5954545454545455,0.4733727810650887,0.3636363636363636,0.6779661016949152,0.6215917464996314,0.6779661016949152,0.5652173913043478,0.2224152684211731,0.6336326599121094,91,70,19,40,220,10.853047551000143,0.6079578399658203,3,False,,,,,,,,,,,,,,,,,,42,2
5,0.0007853523285023,0.8633004426956177,0.8634536266326904,0.6798610380040004,0.5076706595418943,0.6,0.4698795180722891,0.3644859813084112,0.6610169491525424,0.6193283503526688,0.6610169491525424,0.577639751552795,0.2193013280630111,0.6268444657325745,93,68,20,39,220,10.889808324000114,0.6079578399658203,0,False,,,,,,,,,,,,,,,,,,42,2
6,0.0007771930642369,0.8617260456085205,0.8548087477684021,0.6902831877039689,0.5188112465351113,0.6090909090909091,0.4487179487179487,0.3608247422680412,0.5932203389830508,0.6040635856405938,0.5932203389830508,0.6149068322981367,0.2131647914648056,0.6132976412773132,99,62,24,35,220,11.085510883000095,0.6079578399658203,0,False,,,,,,,,,,,,,,,,,,42,2
7,0.0007672984640946,0.8593468070030212,0.8701048493385315,0.6779661016949152,0.5037579196422991,0.5909090909090909,0.4705882352941176,0.3603603603603603,0.6779661016949152,0.6184861564375197,0.6779661016949152,0.5590062111801242,0.2259479016065597,0.6413678526878357,90,71,19,40,220,10.999715600999934,0.6079578399658203,1,False,,,,,,,,,,,,,,,,,,42,2
8,0.0007557146612689,0.8643323183059692,0.8668349981307983,0.6773344562585535,0.5032620142293679,0.5954545454545455,0.4606060606060606,0.3584905660377358,0.6440677966101694,0.6108537740814822,0.6440677966101694,0.577639751552795,0.2197986990213394,0.6279266476631165,93,68,21,38,220,11.022570935999738,0.6079578399658203,2,False,,,,,,,,,,,,,,,,,,42,2
9,0.0007424956647958,0.862403929233551,0.8661208748817444,0.6762817138646173,0.501787643577925,0.6045454545454545,0.4662576687116564,0.3653846153846153,0.6440677966101694,0.6170649542057058,0.6440677966101694,0.5900621118012422,0.2175724655389785,0.6230759620666504,95,66,21,38,220,10.800990793999972,0.6079578399658203,3,False,,,,,,,,,,,,,,,,,,42,2
10,0.0007277031077391,0.8621045351028442,0.8669076561927795,0.6772291820191599,0.5038091773646405,0.5954545454545455,0.467065868263473,0.3611111111111111,0.6610169491525424,0.6162227602905569,0.6610169491525424,0.5714285714285714,0.2207129746675491,0.6299187541007996,92,69,20,39,220,10.813780573000258,0.6079578399658203,4,False,0.7229041007666488,0.5213286211719007,0.6659064994298746,0.5672082717872969,0.463768115942029,0.7300380228136882,0.6842372524491893,0.7300380228136882,0.6384364820846905,0.2129494696855545,0.6158628463745117,392.0,222.0,71.0,192.0,877.0,0.862280547618866,42,2
11,0.0007114059598282,0.8619410395622253,0.8669792413711548,0.677755553216128,0.5037425915115212,0.5954545454545455,0.467065868263473,0.3611111111111111,0.6610169491525424,0.6162227602905569,0.6610169491525424,0.5714285714285714,0.2208349704742431,0.6301820278167725,92,69,20,39,220,10.848962388000018,0.6079578399658203,5,False,,,,,,,,,,,,,,,,,,42,2
12,0.0006936802058898,0.8618060946464539,0.8661917448043823,0.6767028108221919,0.502009558936525,0.5954545454545455,0.4606060606060606,0.3584905660377358,0.6440677966101694,0.6108537740814822,0.6440677966101694,0.577639751552795,0.2190722078084945,0.6263478994369507,93,68,21,38,220,10.98316039700012,0.6079578399658203,6,False,,,,,,,,,,,,,,,,,,42,2
13,0.0006746084915713,0.8617987036705017,0.8664578199386597,0.6778608274555217,0.50424396617128,0.5909090909090909,0.4578313253012048,0.3551401869158878,0.6440677966101694,0.6077481840193704,0.6440677966101694,0.5714285714285714,0.2206067144870758,0.6296838521957397,92,69,21,38,220,11.190307033999945,0.6079578399658203,7,False,,,,,,,,,,,,,,,,,,42,2
14,0.0006542797380087,0.861716091632843,0.8663290739059448,0.6780713759343089,0.5051204773256319,0.5909090909090909,0.4578313253012048,0.3551401869158878,0.6440677966101694,0.6077481840193704,0.6440677966101694,0.5714285714285714,0.2205156534910202,0.6294794082641602,92,69,21,38,220,11.051803576999646,0.6079578399658203,8,False,,,,,,,,,,,,,,,,,,42,2
15,0.0006327887272353,0.8620923161506653,0.8646089434623718,0.679124118328245,0.5052559000143608,0.5954545454545455,0.4606060606060606,0.3584905660377358,0.6440677966101694,0.6108537740814822,0.6440677966101694,0.577639751552795,0.2191821634769439,0.6265665292739868,93,68,21,38,220,10.889887241999986,0.6079578399658203,9,False,,,,,,,,,,,,,,,,,,42,2
16,0.0006102356602639,0.8618654608726501,0.8656085133552551,0.6796504895252132,0.5080843230983727,0.5909090909090909,0.4578313253012048,0.3551401869158878,0.6440677966101694,0.6077481840193704,0.6440677966101694,0.5714285714285714,0.2199045717716217,0.6281768083572388,92,69,21,38,220,10.72910827800024,0.6079578399658203,10,False,0.7234985942705688,0.5209456840116197,0.669327251995439,0.56973293768546,0.4671532846715328,0.7300380228136882,0.6866802491918604,0.7300380228136882,0.6433224755700325,0.2123679667711258,0.6145268082618713,395.0,219.0,71.0,192.0,877.0,0.8618454337120056,42,2
1,0.0008,0.9079968929290771,0.944935142993927,0.72,0.5663681490147565,0.6818181818181818,0.6111111111111112,0.5238095238095238,0.7333333333333333,0.6942528735632183,0.7333333333333333,0.6551724137931034,0.2146095335483551,0.6206143498420715,95,50,20,55,220,10.703959323000165,0.6079578399658203,0,False,,,,,,,,,,,,,,,,,,42,3
2,0.0007990791638302,0.8935853838920593,0.9624069929122924,0.7148505747126437,0.5734860800802873,0.6727272727272727,0.5714285714285714,0.5161290322580645,0.64,0.6648275862068966,0.64,0.6896551724137931,0.2089891880750656,0.6078898906707764,100,45,27,48,220,10.908088915999995,0.6079578399658203,1,False,,,,,,,,,,,,,,,,,,42,3
3,0.0007963209486843,0.8907384276390076,0.9409857988357544,0.7163218390804598,0.5661482602616176,0.6545454545454545,0.6,0.4956521739130435,0.76,0.6799999999999999,0.76,0.6,0.2244963496923446,0.6432495713233948,87,58,18,57,220,11.0552560000001,0.6079578399658203,2,False,,,,,,,,,,,,,,,,,,42,3
4,0.0007917382146345,0.8918865323066711,0.9460977911949158,0.7156781609195402,0.5624512255137979,0.6772727272727272,0.6120218579234973,0.5185185185185185,0.7466666666666667,0.6940229885057472,0.7466666666666667,0.6413793103448275,0.2184725701808929,0.6296153664588928,93,52,19,56,220,11.047252776000278,0.6079578399658203,3,False,,,,,,,,,,,,,,,,,,42,3
5,0.0007853523285023,0.8860405683517456,0.9644566774368286,0.712735632183908,0.5699220718174106,0.6772727272727272,0.5942857142857143,0.52,0.6933333333333334,0.6811494252873563,0.6933333333333334,0.6689655172413793,0.2114365696907043,0.6138982772827148,97,48,23,52,220,10.829088909000347,0.6079578399658203,4,False,,,,,,,,,,,,,,,,,,42,3
6,0.0007771930642369,0.8835356831550598,1.1497951745986938,0.6902068965517243,0.5706872098071124,0.6909090909090909,0.5342465753424658,0.5492957746478874,0.52,0.6496551724137931,0.52,0.7793103448275862,0.2068475931882858,0.6286636590957642,113,32,36,39,220,10.732725597000352,0.6079578399658203,5,False,,,,,,,,,,,,,,,,,,42,3
7,0.0007672984640946,0.8879542946815491,0.950847864151001,0.7169655172413792,0.5714053389856013,0.6909090909090909,0.6136363636363636,0.5346534653465347,0.72,0.6979310344827586,0.72,0.6758620689655173,0.2126123905181884,0.6164866089820862,98,47,21,54,220,10.803493791000164,0.6079578399658203,6,False,,,,,,,,,,,,,,,,,,42,3
8,0.0007557146612689,0.8825939893722534,0.9846917390823364,0.7194482758620689,0.5698868551455515,0.6454545454545455,0.5617977528089888,0.4854368932038835,0.6666666666666666,0.6505747126436782,0.6666666666666666,0.6344827586206897,0.2125729322433471,0.6211932301521301,92,53,25,50,220,10.891865373999735,0.6079578399658203,7,False,,,,,,,,,,,,,,,,,,42,3
9,0.0007424956647958,0.8852323889732361,0.9542039036750792,0.7180689655172412,0.5573044849873727,0.65,0.5968586387434555,0.4913793103448275,0.76,0.6765517241379311,0.76,0.593103448275862,0.2278790920972824,0.6528423428535461,86,59,18,57,220,10.82156951900015,0.6079578399658203,8,False,,,,,,,,,,,,,,,,,,42,3
10,0.0007277031077391,0.8845444917678833,0.9524579644203186,0.7145747126436781,0.5758799465678489,0.6772727272727272,0.6033519553072626,0.5192307692307693,0.72,0.6875862068965517,0.72,0.6551724137931034,0.215399295091629,0.6225423812866211,95,50,21,54,220,11.055444871999953,0.6079578399658203,9,False,0.7284043441938179,0.5203583839730854,0.6533637400228051,0.5365853658536586,0.4303178484107579,0.7125506072874493,0.6713546687230898,0.7125506072874493,0.6301587301587301,0.2112772315740585,0.6103544235229492,397.0,233.0,71.0,176.0,877.0,0.8771657943725586,42,3
11,0.0007114059598282,0.8770745992660522,0.9805664420127868,0.7167816091954023,0.5870849645051728,0.6681818181818182,0.5828571428571429,0.51,0.68,0.6710344827586208,0.68,0.6620689655172414,0.2138605564832687,0.6220170259475708,96,49,24,51,220,10.869164747000012,0.6079578399658203,10,False,,,,,,,,,,,,,,,,,,42,3
12,0.0006936802058898,0.8855091333389282,0.9520729184150696,0.7210114942528736,0.5805489127912264,0.6863636363636364,0.6145251396648045,0.5288461538461539,0.7333333333333333,0.6977011494252874,0.7333333333333333,0.6620689655172414,0.2128474116325378,0.6172463297843933,96,49,20,55,220,10.78260909599976,0.6079578399658203,0,False,,,,,,,,,,,,,,,,,,42,3
13,0.0006746084915713,0.8642154932022095,1.0532160997390747,0.7137471264367816,0.5788214926016938,0.6818181818181818,0.5569620253164557,0.5301204819277109,0.5866666666666667,0.6588505747126436,0.5866666666666667,0.7310344827586207,0.2079990953207016,0.6196357607841492,106,39,31,44,220,10.91529248300003,0.6079578399658203,1,False,,,,,,,,,,,,,,,,,,42,3
14,0.0006542797380087,0.876970648765564,1.1624521017074585,0.7050114942528737,0.556555197759977,0.7,0.4107142857142857,0.6216216216216216,0.3066666666666666,0.6050574712643678,0.3066666666666666,0.903448275862069,0.2001083940267563,0.5915623307228088,131,14,52,23,220,10.898049239999636,0.6079578399658203,2,False,,,,,,,,,,,,,,,,,,42,3
15,0.0006327887272353,0.8787341117858887,1.0900845527648926,0.6689655172413793,0.5295328461644366,0.65,0.4900662251655629,0.4868421052631579,0.4933333333333333,0.612183908045977,0.4933333333333333,0.7310344827586207,0.2177362293004989,0.6326786875724792,106,39,38,37,220,10.882848408999962,0.6079578399658203,3,False,,,,,,,,,,,,,,,,,,42,3
16,0.0006102356602639,0.8773481845855713,1.1310559511184692,0.6861609195402298,0.5478046913695352,0.6863636363636364,0.5174825174825175,0.5441176470588235,0.4933333333333333,0.6397701149425288,0.4933333333333333,0.7862068965517242,0.2077187001705169,0.6151829361915588,114,31,38,37,220,10.786569154000064,0.6079578399658203,4,False,,,,,,,,,,,,,,,,,,42,3
17,0.0005867256899038,0.8791012167930603,0.960506558418274,0.7051954022988506,0.5527485101448522,0.6727272727272727,0.6086956521739131,0.5137614678899083,0.7466666666666667,0.6905747126436782,0.7466666666666667,0.6344827586206897,0.2254748493432998,0.6464027166366577,92,53,19,56,220,10.99665901399976,0.6079578399658203,5,False,,,,,,,,,,,,,,,,,,42,3
18,0.0005623684304892,0.8773221373558044,0.9704157710075378,0.7027126436781609,0.5669283986850342,0.6545454545454545,0.5632183908045977,0.494949494949495,0.6533333333333333,0.6542528735632184,0.6533333333333333,0.6551724137931034,0.2209327071905136,0.6347741484642029,95,50,26,49,220,10.876517549000257,0.6079578399658203,6,False,,,,,,,,,,,,,,,,,,42,3
19,0.0005372774468075,0.8685269355773926,1.0190504789352417,0.6943448275862069,0.5531109701758239,0.6545454545454545,0.5632183908045977,0.494949494949495,0.6533333333333333,0.6542528735632184,0.6533333333333333,0.6551724137931034,0.2257738262414932,0.6507729291915894,95,50,26,49,220,10.938670048999938,0.6079578399658203,7,False,,,,,,,,,,,,,,,,,,42,3
20,0.000511569724607,0.8681114315986633,1.1241049766540527,0.671080459770115,0.5287325097911053,0.6454545454545455,0.5185185185185185,0.4827586206896552,0.56,0.6248275862068966,0.56,0.6896551724137931,0.2236446440219879,0.6585931777954102,100,45,33,42,220,10.731073171999924,0.6079578399658203,8,False,0.73897885739991,0.544424950147032,0.6841505131128849,0.546644844517185,0.4587912087912087,0.6761133603238867,0.681707473812737,0.6761133603238867,0.6873015873015873,0.2005484402179718,0.5892037749290466,433.0,197.0,80.0,167.0,877.0,0.8882185220718384,42,3
21,0.0004853651251557,0.870194137096405,1.0392146110534668,0.6930574712643678,0.5407382687350896,0.6409090909090909,0.5325443786982249,0.4787234042553192,0.6,0.6310344827586207,0.6,0.6620689655172414,0.2223939746618271,0.6462542414665222,96,49,30,45,220,11.030801469999917,0.6079578399658203,9,False,,,,,,,,,,,,,,,,,,42,3
22,0.000458785826393,0.8685001730918884,1.0516318082809448,0.7059310344827585,0.5519680902563231,0.7,0.5822784810126582,0.5542168674698795,0.6133333333333333,0.679080459770115,0.6133333333333333,0.7448275862068966,0.2091437578201294,0.6200318932533264,108,37,29,46,220,10.851103434999914,0.6079578399658203,10,False,0.7424265792686845,0.5471747849577808,0.6921322690992018,0.5469798657718121,0.4670487106017192,0.659919028340081,0.6823404665509929,0.659919028340081,0.7047619047619048,0.1963763386011123,0.5785255432128906,444.0,186.0,84.0,163.0,877.0,0.8737315535545349,42,3
1,0.0008,0.8689326643943787,0.8956074118614197,0.6817341277994656,0.4889508359321451,0.6301369863013698,0.4840764331210191,0.4,0.6129032258064516,0.6249229504828436,0.6129032258064516,0.6369426751592356,0.2175686806440353,0.6245442032814026,100,57,24,38,219,10.953356471000006,0.6079578399658203,0,False,,,,,,,,,,,,,,,,,,42,4
2,0.0007990791638302,0.866577684879303,0.8917372226715088,0.6785494144236697,0.5038023855309905,0.6255707762557078,0.4810126582278481,0.3958333333333333,0.6129032258064516,0.6217382371070475,0.6129032258064516,0.6305732484076433,0.2162957042455673,0.6204181909561157,99,58,24,38,219,10.787708474999818,0.6079578399658203,1,False,,,,,,,,,,,,,,,,,,42,4
3,0.0007963209486843,0.8665869832038879,0.8993902802467346,0.6781384836655023,0.4916715361299336,0.634703196347032,0.5180722891566265,0.4134615384615384,0.6935483870967742,0.6525066776248203,0.6935483870967742,0.6114649681528662,0.2292178720235824,0.6516633033752441,96,61,19,43,219,10.794984359999944,0.6079578399658203,2,False,,,,,,,,,,,,,,,,,,42,4
4,0.0007917382146345,0.8665826916694641,0.9051796793937684,0.6754674337374152,0.48132032694814,0.6164383561643836,0.5116279069767442,0.4,0.7096774193548387,0.6446476268748715,0.7096774193548387,0.5796178343949044,0.2360942512750625,0.6681519746780396,91,66,18,44,219,10.987376470000072,0.6079578399658203,3,False,,,,,,,,,,,,,,,,,,42,4
5,0.0007853523285023,0.8634175658226013,0.8901184797286987,0.6878980891719745,0.5106892637506713,0.6621004566210046,0.5131578947368421,0.4333333333333333,0.6290322580645161,0.652095746866653,0.6290322580645161,0.6751592356687898,0.2094191461801529,0.605755627155304,106,51,23,39,219,10.833644976999947,0.6079578399658203,0,False,,,,,,,,,,,,,,,,,,42,4
6,0.0007771930642369,0.8675780892372131,0.8981443047523499,0.6769056913910005,0.490530027472953,0.639269406392694,0.5153374233128835,0.4158415841584158,0.6774193548387096,0.6508115882473803,0.6774193548387096,0.6242038216560509,0.2243192642927169,0.6402406096458435,98,59,20,42,219,10.984842200999992,0.6079578399658203,1,False,,,,,,,,,,,,,,,,,,42,4
7,0.0007672984640946,0.8655380606651306,0.8904207944869995,0.6849188411752619,0.5099225289898296,0.6529680365296804,0.5128205128205128,0.425531914893617,0.6451612903225806,0.6506061228682967,0.6451612903225806,0.6560509554140127,0.2150701731443405,0.6179260015487671,103,54,22,40,219,10.8442364790003,0.6079578399658203,2,False,,,,,,,,,,,,,,,,,,42,4
8,0.0007557146612689,0.8624774217605591,0.9023532271385192,0.6747483049106224,0.4848347103365668,0.634703196347032,0.5061728395061729,0.41,0.6612903225806451,0.642747072118348,0.6612903225806451,0.6242038216560509,0.226671352982521,0.6460051536560059,98,59,21,41,219,10.844570244999886,0.6079578399658203,3,False,,,,,,,,,,,,,,,,,,42,4
9,0.0007424956647958,0.8653712868690491,0.9014294147491456,0.6750565029792479,0.4855063234524823,0.634703196347032,0.5061728395061729,0.41,0.6612903225806451,0.642747072118348,0.6612903225806451,0.6242038216560509,0.2267038077116012,0.6460269093513489,98,59,21,41,219,10.81109108999999,0.6079578399658203,4,False,,,,,,,,,,,,,,,,,,42,4
10,0.0007277031077391,0.8651148676872253,0.900818169116974,0.6757756318060406,0.4856816826481189,0.6438356164383562,0.524390243902439,0.4215686274509804,0.6935483870967742,0.6588761043764126,0.6935483870967742,0.6242038216560509,0.2265366613864898,0.6456373333930969,98,59,19,43,219,10.798271490999923,0.6079578399658203,5,False,0.725192930047299,0.5237849066588227,0.6560364464692483,0.5532544378698225,0.4495192307692308,0.7192307692307692,0.6743403037092357,0.7192307692307692,0.6294498381877023,0.2128832936286926,0.6152974963188171,389.0,229.0,73.0,187.0,878.0,0.8649876117706299,42,4
11,0.0007114059598282,0.865374743938446,0.901379644870758,0.675056502979248,0.4855070242962604,0.639269406392694,0.5153374233128835,0.4158415841584158,0.6774193548387096,0.6508115882473803,0.6774193548387096,0.6242038216560509,0.226546436548233,0.6456401944160461,98,59,20,42,219,10.928531325000222,0.6079578399658203,6,False,,,,,,,,,,,,,,,,,,42,4
12,0.0006936802058898,0.8651027679443359,0.901092767715454,0.6753647010478734,0.4852559245656784,0.6438356164383562,0.524390243902439,0.4215686274509804,0.6935483870967742,0.6588761043764126,0.6935483870967742,0.6242038216560509,0.2264027893543243,0.6452675461769104,98,59,19,43,219,10.880469770000218,0.6079578399658203,7,False,,,,,,,,,,,,,,,,,,42,4
13,0.0006746084915713,0.8650941252708435,0.9014495015144348,0.6746455722210807,0.4850483602395198,0.6438356164383562,0.524390243902439,0.4215686274509804,0.6935483870967742,0.6588761043764126,0.6935483870967742,0.6242038216560509,0.2264845967292785,0.6454910635948181,98,59,19,43,219,10.93270547100019,0.6079578399658203,8,False,,,,,,,,,,,,,,,,,,42,4
14,0.0006542797380087,0.8658302426338196,0.901398777961731,0.674953770289706,0.4852134042600774,0.6438356164383562,0.524390243902439,0.4215686274509804,0.6935483870967742,0.6588761043764126,0.6935483870967742,0.6242038216560509,0.2266574651002884,0.6458873748779297,98,59,19,43,219,10.859227716000078,0.6079578399658203,9,False,,,,,,,,,,,,,,,,,,42,4
15,0.0006327887272353,0.8653645515441895,0.9011400938034058,0.6753647010478733,0.4889476388728834,0.6438356164383562,0.524390243902439,0.4215686274509804,0.6935483870967742,0.6588761043764126,0.6935483870967742,0.6242038216560509,0.226338654756546,0.6450467109680176,98,59,19,43,219,10.788282250000066,0.6079578399658203,10,False,0.7255476723923326,0.5252445980264223,0.6560364464692483,0.5532544378698225,0.4495192307692308,0.7192307692307692,0.6743403037092357,0.7192307692307692,0.6294498381877023,0.2124880254268646,0.6143823862075806,389.0,229.0,73.0,187.0,878.0,0.8647240400314331,42,4
