seed,fold,epochs,best_epoch,best_auc,minutes,test_images_loaded,stop_reason,peak_vram_gib
2026,0,22,12,0.7644153225806452,3.9498414628000167,0,early_stopping,0.6079578399658203
2026,1,16,6,0.7175878364495583,2.883408528983394,0,early_stopping,0.6079578399658203
2026,2,27,17,0.6949152542372882,4.964273665383356,0,early_stopping,0.6079578399658203
2026,3,12,1,0.7188045977011494,2.1379147924499495,0,early_stopping,0.6079578399658203
2026,4,16,6,0.682145058557633,2.876388340133311,0,early_stopping,0.6079578399658203
42,0,12,1,0.7607862903225805,2.2442409858166683,0,early_stopping,0.6079578399658203
42,1,14,9,0.7151222519005547,2.5305916631666605,0,early_stopping,0.6079578399658203
42,2,16,6,0.6902831877039689,2.9165134071500005,0,early_stopping,0.6079578399658203
42,3,22,12,0.7210114942528736,3.9901350482500066,0,early_stopping,0.6079578399658203
42,4,15,5,0.6878980891719745,2.7171549798500108,0,early_stopping,0.6079578399658203
