run,configuration,loss,seed,aggregation,fold,n_patients,n_positive,prevalence,roc_auc,average_precision,brier,log_loss,accuracy,sensitivity,specificity,threshold,tn,fp,fn,tp
runs/experimentos/base_raw/normal/seed_2026,9efd6cbfb118212c,normal,2026,mean,all,1097,322,0.2935278030993619,0.574930875576037,0.3643629282402572,0.2219938730906428,0.7342416273425454,0.6973564266180492,0.08695652173913043,0.9509677419354838,0.5,737,38,294,28
runs/experimentos/base_raw/normal/seed_2026,9efd6cbfb118212c,normal,2026,mean,0,219,64,0.2922374429223744,0.589516129032258,0.3596757077499211,0.21595873449739364,0.6510268549572972,0.6986301369863014,0.015625,0.9806451612903225,0.5,152,3,63,1
runs/experimentos/base_raw/normal/seed_2026,9efd6cbfb118212c,normal,2026,mean,1,219,62,0.2831050228310502,0.6144442161495788,0.3870480144044751,0.19825002362963748,0.5842094359002248,0.7168949771689498,0.0,1.0,0.5,157,0,62,0
runs/experimentos/base_raw/normal/seed_2026,9efd6cbfb118212c,normal,2026,mean,2,220,59,0.2681818181818182,0.5950100010527424,0.33350121910495345,0.19345038869930156,0.572355320059213,0.7318181818181818,0.0,1.0,0.5,161,0,59,0
runs/experimentos/base_raw/normal/seed_2026,9efd6cbfb118212c,normal,2026,mean,3,220,75,0.3409090909090909,0.551264367816092,0.4036002041774467,0.2862734152708037,1.0550423967083045,0.6363636363636364,0.09333333333333334,0.9172413793103448,0.5,133,12,68,7
runs/experimentos/base_raw/normal/seed_2026,9efd6cbfb118212c,normal,2026,mean,4,219,62,0.2831050228310502,0.6394082597082391,0.41754949402962777,0.21587362501000987,0.8078484922745264,0.7031963470319634,0.3225806451612903,0.8535031847133758,0.5,134,23,42,20
runs/experimentos/base_raw/normal/seed_2026,9efd6cbfb118212c,normal,2026,max,all,1097,322,0.2935278030993619,0.5765537968343017,0.35464009287800674,0.2614831267052843,0.8738219109392461,0.6463081130355515,0.2701863354037267,0.8025806451612904,0.5,622,153,235,87
runs/experimentos/base_raw/normal/seed_2026,9efd6cbfb118212c,normal,2026,max,0,219,64,0.2922374429223744,0.5716733870967742,0.34000551167507964,0.2172120010381928,0.6338301959979487,0.6757990867579908,0.140625,0.896774193548387,0.5,139,16,55,9
runs/experimentos/base_raw/normal/seed_2026,9efd6cbfb118212c,normal,2026,max,1,219,62,0.2831050228310502,0.6129032258064516,0.3814669470989671,0.19760061612818278,0.583051802217304,0.7168949771689498,0.0,1.0,0.5,157,0,62,0
runs/experimentos/base_raw/normal/seed_2026,9efd6cbfb118212c,normal,2026,max,2,220,59,0.2681818181818182,0.5989051479103065,0.32810780478976187,0.1926318429165215,0.5705426233694448,0.7318181818181818,0.0,1.0,0.5,161,0,59,0
runs/experimentos/base_raw/normal/seed_2026,9efd6cbfb118212c,normal,2026,max,3,220,75,0.3409090909090909,0.560919540229885,0.4045637962358245,0.33339470181387015,1.1374302591982812,0.5590909090909091,0.44,0.6206896551724138,0.5,90,55,42,33
runs/experimentos/base_raw/normal/seed_2026,9efd6cbfb118212c,normal,2026,max,4,219,62,0.2831050228310502,0.6286213273063489,0.3801453366268302,0.36656249769668703,1.444435819754854,0.547945205479452,0.7258064516129032,0.47770700636942676,0.5,75,82,17,45
runs/experimentos/base_raw/normal/seed_2026,9efd6cbfb118212c,normal,2026,median,all,1097,322,0.2935278030993619,0.5680985774393909,0.365048777818364,0.2305709549098284,0.8440808888118053,0.6964448495897904,0.08074534161490683,0.952258064516129,0.5,738,37,296,26
runs/experimentos/base_raw/normal/seed_2026,9efd6cbfb118212c,normal,2026,median,0,219,64,0.2922374429223744,0.5935483870967743,0.36086455377863524,0.2159050919393417,0.6544727477273011,0.6986301369863014,0.015625,0.9806451612903225,0.5,152,3,63,1
runs/experimentos/base_raw/normal/seed_2026,9efd6cbfb118212c,normal,2026,median,1,219,62,0.2831050228310502,0.6076638586398192,0.3743932832364623,0.19860530128373227,0.5850532737334508,0.7168949771689498,0.0,1.0,0.5,157,0,62,0
runs/experimentos/base_raw/normal/seed_2026,9efd6cbfb118212c,normal,2026,median,2,220,59,0.2681818181818182,0.5927992420254764,0.32131544233005505,0.19366089634251857,0.5729632893918977,0.7318181818181818,0.0,1.0,0.5,161,0,59,0
runs/experimentos/base_raw/normal/seed_2026,9efd6cbfb118212c,normal,2026,median,3,220,75,0.3409090909090909,0.5518160919540229,0.40115984998234855,0.3093461111473967,1.3537651426071384,0.6363636363636364,0.09333333333333334,0.9172413793103448,0.5,133,12,68,7
runs/experimentos/base_raw/normal/seed_2026,9efd6cbfb118212c,normal,2026,median,4,219,62,0.2831050228310502,0.6399219231559483,0.43931658465998474,0.23514620900660824,1.05306064514547,0.6986301369863014,0.2903225806451613,0.8598726114649682,0.5,135,22,44,18
runs/experimentos/base_raw/normal/seed_42,9efd6cbfb118212c,normal,42,mean,all,1097,322,0.2935278030993619,0.5439230615107193,0.3302137987138689,0.2820161742622933,1.0022695670806014,0.6107566089334548,0.2888198757763975,0.7445161290322581,0.5,577,198,229,93
runs/experimentos/base_raw/normal/seed_42,9efd6cbfb118212c,normal,42,mean,0,219,64,0.2922374429223744,0.6095766129032258,0.3902484010746008,0.20616614735125344,0.6035243906096824,0.7077625570776256,0.0,1.0,0.5,155,0,64,0
runs/experimentos/base_raw/normal/seed_42,9efd6cbfb118212c,normal,42,mean,1,219,62,0.2831050228310502,0.5988288473392234,0.3691773865377091,0.24097753485530846,0.9799025768833022,0.6666666666666666,0.2903225806451613,0.8152866242038217,0.5,128,29,44,18
runs/experimentos/base_raw/normal/seed_42,9efd6cbfb118212c,normal,42,mean,2,220,59,0.2681818181818182,0.5876408042951888,0.3627747096111469,0.3854535306959248,1.1634845104033413,0.43636363636363634,0.711864406779661,0.33540372670807456,0.5,54,107,17,42
runs/experimentos/base_raw/normal/seed_42,9efd6cbfb118212c,normal,42,mean,3,220,75,0.3409090909090909,0.5256091954022989,0.3491664686761972,0.3130197122789335,1.4162180688685655,0.6090909090909091,0.09333333333333334,0.8758620689655172,0.5,127,18,68,7
runs/experimentos/base_raw/normal/seed_42,9efd6cbfb118212c,normal,42,mean,4,219,62,0.2831050228310502,0.5967741935483871,0.3840468795049343,0.26385006076725975,0.8455919715371548,0.634703196347032,0.41935483870967744,0.7197452229299363,0.5,113,44,36,26
runs/experimentos/base_raw/normal/seed_42,9efd6cbfb118212c,normal,42,max,all,1097,322,0.2935278030993619,0.541991584852735,0.33889221180672946,0.39890665020180976,1.5455607914222163,0.5095715587967183,0.5372670807453416,0.49806451612903224,0.5,386,389,149,173
runs/experimentos/base_raw/normal/seed_42,9efd6cbfb118212c,normal,42,max,0,219,64,0.2922374429223744,0.5953629032258064,0.3580902280215805,0.20517592881323346,0.6009639269716115,0.7077625570776256,0.0,1.0,0.5,155,0,64,0
runs/experimentos/base_raw/normal/seed_42,9efd6cbfb118212c,normal,42,max,1,219,62,0.2831050228310502,0.5986233819601398,0.38477486068659084,0.3801435369226873,1.5128228768096632,0.5388127853881278,0.6774193548387096,0.4840764331210191,0.5,76,81,20,42
runs/experimentos/base_raw/normal/seed_42,9efd6cbfb118212c,normal,42,max,2,220,59,0.2681818181818182,0.615643751973892,0.4001642799682273,0.5699678501064489,2.2097289034288683,0.3409090909090909,0.9661016949152542,0.11180124223602485,0.5,18,143,2,57
runs/experimentos/base_raw/normal/seed_42,9efd6cbfb118212c,normal,42,max,3,220,75,0.3409090909090909,0.5257931034482759,0.3549355445498311,0.37556232964194997,1.608504818120577,0.5227272727272727,0.3333333333333333,0.6206896551724138,0.5,90,55,50,25
runs/experimentos/base_raw/normal/seed_42,9efd6cbfb118212c,normal,42,max,4,219,62,0.2831050228310502,0.5749948633655229,0.36167680061130775,0.4630090992263513,1.7924632850282842,0.4383561643835616,0.7903225806451613,0.29936305732484075,0.5,47,110,13,49
runs/experimentos/base_raw/normal/seed_42,9efd6cbfb118212c,normal,42,median,all,1097,322,0.2935278030993619,0.5431095972750951,0.3340670737598826,0.30304422397178005,1.1949190051110905,0.6116681859617138,0.2919254658385093,0.7445161290322581,0.5,577,198,228,94
runs/experimentos/base_raw/normal/seed_42,9efd6cbfb118212c,normal,42,median,0,219,64,0.2922374429223744,0.6072580645161291,0.38759278041869133,0.20615852436947152,0.6033875559942109,0.7077625570776256,0.0,1.0,0.5,155,0,64,0
runs/experimentos/base_raw/normal/seed_42,9efd6cbfb118212c,normal,42,median,1,219,62,0.2831050228310502,0.6043764125744812,0.3663707060961924,0.2616002470939868,1.133601044437622,0.6666666666666666,0.2903225806451613,0.8152866242038217,0.5,128,29,44,18
runs/experimentos/base_raw/normal/seed_42,9efd6cbfb118212c,normal,42,median,2,220,59,0.2681818181818182,0.5936414359406252,0.370505029020163,0.4213927057110722,1.3504931445038597,0.4318181818181818,0.6949152542372882,0.33540372670807456,0.5,54,107,18,41
runs/experimentos/base_raw/normal/seed_42,9efd6cbfb118212c,normal,42,median,3,220,75,0.3409090909090909,0.5195402298850575,0.34670145364446314,0.34546131677066116,1.8758037048185119,0.6045454545454545,0.09333333333333334,0.8689655172413793,0.5,126,19,68,7
runs/experimentos/base_raw/normal/seed_42,9efd6cbfb118212c,normal,42,median,4,219,62,0.2831050228310502,0.6100267104992808,0.3971942752362087,0.27987423653225596,1.0074901290473661,0.6484018264840182,0.45161290322580644,0.7261146496815286,0.5,114,43,34,28
runs/experimentos/base_raw/weighted/seed_2026,9efd6cbfb118212c,weighted,2026,mean,all,1097,322,0.2935278030993619,0.5788379082348227,0.35780691066738324,0.2600652851297213,0.7721046634259213,0.6025524156791249,0.4720496894409938,0.6567741935483871,0.5,509,266,170,152
runs/experimentos/base_raw/weighted/seed_2026,9efd6cbfb118212c,weighted,2026,mean,0,219,64,0.2922374429223744,0.5761088709677419,0.3356409955787744,0.22462119765145652,0.647864926974458,0.6712328767123288,0.21875,0.8580645161290322,0.5,133,22,50,14
runs/experimentos/base_raw/weighted/seed_2026,9efd6cbfb118212c,weighted,2026,mean,1,219,62,0.2831050228310502,0.5750975960550647,0.36312193011338156,0.30204920124048384,0.9795276966467032,0.547945205479452,0.5483870967741935,0.5477707006369427,0.5,86,71,28,34
runs/experimentos/base_raw/weighted/seed_2026,9efd6cbfb118212c,weighted,2026,mean,2,220,59,0.2681818181818182,0.6139593641435941,0.3316089276538527,0.22756303005079373,0.6477245213212397,0.6909090909090909,0.3050847457627119,0.8322981366459627,0.5,134,27,41,18
runs/experimentos/base_raw/weighted/seed_2026,9efd6cbfb118212c,weighted,2026,mean,3,220,75,0.3409090909090909,0.5771034482758621,0.39573130306470455,0.2915577078059374,0.7941999368665098,0.4681818181818182,0.7466666666666667,0.32413793103448274,0.5,47,98,19,56
runs/experimentos/base_raw/weighted/seed_2026,9efd6cbfb118212c,weighted,2026,mean,4,219,62,0.2831050228310502,0.6140332853914116,0.3964483493590678,0.25453990000679666,0.791673289515509,0.634703196347032,0.4838709677419355,0.6942675159235668,0.5,109,48,32,30
runs/experimentos/base_raw/weighted/seed_2026,9efd6cbfb118212c,weighted,2026,max,all,1097,322,0.2935278030993619,0.5585533961130034,0.3341654878010668,0.3601396682601918,1.2119318633232914,0.47128532360984504,0.6770186335403726,0.3858064516129032,0.5,299,476,104,218
runs/experimentos/base_raw/weighted/seed_2026,9efd6cbfb118212c,weighted,2026,max,0,219,64,0.2922374429223744,0.5629032258064516,0.34052540155294175,0.2491828888328243,0.6996623563033751,0.5388127853881278,0.34375,0.6193548387096774,0.5,96,59,42,22
runs/experimentos/base_raw/weighted/seed_2026,9efd6cbfb118212c,weighted,2026,max,1,219,62,0.2831050228310502,0.5586603657283749,0.34580315000558226,0.5211477450784475,2.2180842832799215,0.3744292237442922,0.8548387096774194,0.18471337579617833,0.5,29,128,9,53
runs/experimentos/base_raw/weighted/seed_2026,9efd6cbfb118212c,weighted,2026,max,2,220,59,0.2681818181818182,0.6071165385830087,0.34771824471177204,0.24011347227231955,0.6737152421825565,0.5863636363636363,0.4406779661016949,0.639751552795031,0.5,103,58,33,26
runs/experimentos/base_raw/weighted/seed_2026,9efd6cbfb118212c,weighted,2026,max,3,220,75,0.3409090909090909,0.5511724137931034,0.3846714133980135,0.3739283078407523,1.0132061700949824,0.38636363636363635,0.9066666666666666,0.11724137931034483,0.5,17,128,7,68
runs/experimentos/base_raw/weighted/seed_2026,9efd6cbfb118212c,weighted,2026,max,4,219,62,0.2831050228310502,0.6093075816724882,0.3738190501924682,0.4168110302739088,1.4583562981545672,0.4703196347031963,0.7903225806451613,0.34394904458598724,0.5,54,103,13,49
runs/experimentos/base_raw/weighted/seed_2026,9efd6cbfb118212c,weighted,2026,median,all,1097,322,0.2935278030993619,0.5821398517331197,0.36049684594877973,0.26965134007276503,0.8306669201371448,0.6025524156791249,0.46273291925465837,0.6606451612903226,0.5,512,263,173,149
runs/experimentos/base_raw/weighted/seed_2026,9efd6cbfb118212c,weighted,2026,median,0,219,64,0.2922374429223744,0.5830645161290322,0.34064284617563345,0.22468795378609932,0.6491471349980785,0.6757990867579908,0.21875,0.864516129032258,0.5,134,21,50,14
runs/experimentos/base_raw/weighted/seed_2026,9efd6cbfb118212c,weighted,2026,median,1,219,62,0.2831050228310502,0.5761249229504828,0.3631479088137564,0.3305860605519624,1.1608705270075312,0.5570776255707762,0.5483870967741935,0.5605095541401274,0.5,88,69,28,34
runs/experimentos/base_raw/weighted/seed_2026,9efd6cbfb118212c,weighted,2026,median,2,220,59,0.2681818181818182,0.6102747657648174,0.3276099537764642,0.22748423510478788,0.6475249341193278,0.6863636363636364,0.2711864406779661,0.8385093167701864,0.5,135,26,43,16
runs/experimentos/base_raw/weighted/seed_2026,9efd6cbfb118212c,weighted,2026,median,3,220,75,0.3409090909090909,0.5768275862068966,0.38981562114260676,0.29496619603925,0.8040614104303621,0.4636363636363636,0.7466666666666667,0.31724137931034485,0.5,46,99,19,56
runs/experimentos/base_raw/weighted/seed_2026,9efd6cbfb118212c,weighted,2026,median,4,219,62,0.2831050228310502,0.6262584754468873,0.4049674224055907,0.27060920579040815,0.8926883452524541,0.6301369863013698,0.46774193548387094,0.6942675159235668,0.5,109,48,33,29
runs/experimentos/base_raw/weighted/seed_42,9efd6cbfb118212c,weighted,42,mean,all,1097,322,0.2935278030993619,0.5655580044079342,0.3433283972153519,0.25485770930009216,0.9700794262943163,0.6636280765724704,0.2515527950310559,0.8348387096774194,0.5,647,128,241,81
runs/experimentos/base_raw/weighted/seed_42,9efd6cbfb118212c,weighted,42,mean,0,219,64,0.2922374429223744,0.6016129032258064,0.4087816651113988,0.22917970191565182,0.8985731598832934,0.726027397260274,0.21875,0.9354838709677419,0.5,145,10,50,14
runs/experimentos/base_raw/weighted/seed_42,9efd6cbfb118212c,weighted,42,mean,1,219,62,0.2831050228310502,0.5644133963427163,0.34390190121227737,0.27390918490229915,1.0857955270021074,0.6255707762557078,0.3225806451612903,0.7452229299363057,0.5,117,40,42,20
runs/experimentos/base_raw/weighted/seed_42,9efd6cbfb118212c,weighted,42,mean,2,220,59,0.2681818181818182,0.5932203389830508,0.3241611035275487,0.257191329197006,0.806274212266348,0.6454545454545455,0.423728813559322,0.7267080745341615,0.5,117,44,34,25
runs/experimentos/base_raw/weighted/seed_42,9efd6cbfb118212c,weighted,42,mean,3,220,75,0.3409090909090909,0.5415172413793103,0.3890323579177435,0.29083856356825105,1.3580411813510491,0.6227272727272727,0.24,0.8206896551724138,0.5,119,26,57,18
runs/experimentos/base_raw/weighted/seed_42,9efd6cbfb118212c,weighted,42,mean,4,219,62,0.2831050228310502,0.5736593384014793,0.3304879595062527,0.22299481498042595,0.7006895051193374,0.6986301369863014,0.06451612903225806,0.9490445859872612,0.5,149,8,58,4
runs/experimentos/base_raw/weighted/seed_42,9efd6cbfb118212c,weighted,42,max,all,1097,322,0.2935278030993619,0.5578461230214387,0.3354936073904735,0.372124065180271,1.667355274007766,0.536918869644485,0.5590062111801242,0.5277419354838709,0.5,409,366,142,180
runs/experimentos/base_raw/weighted/seed_42,9efd6cbfb118212c,weighted,42,max,0,219,64,0.2922374429223744,0.5910282258064515,0.39032297736507815,0.2991372794254742,1.0831945800202782,0.5981735159817352,0.5,0.6387096774193548,0.5,99,56,32,32
runs/experimentos/base_raw/weighted/seed_42,9efd6cbfb118212c,weighted,42,max,1,219,62,0.2831050228310502,0.5766899527429628,0.3522763689454087,0.451874080700645,2.417516844031901,0.4840182648401826,0.7096774193548387,0.39490445859872614,0.5,62,95,18,44
runs/experimentos/base_raw/weighted/seed_42,9efd6cbfb118212c,weighted,42,max,2,220,59,0.2681818181818182,0.5833245604800505,0.30796679612832084,0.39971220329916385,1.4716027340224875,0.4772727272727273,0.711864406779661,0.391304347826087,0.5,63,98,17,42
runs/experimentos/base_raw/weighted/seed_42,9efd6cbfb118212c,weighted,42,max,3,220,75,0.3409090909090909,0.520367816091954,0.35424546909109234,0.4638075914081099,2.63106868646122,0.4818181818181818,0.56,0.4413793103448276,0.5,64,81,33,42
runs/experimentos/base_raw/weighted/seed_42,9efd6cbfb118212c,weighted,42,max,4,219,62,0.2831050228310502,0.5489007602219026,0.32628266813378043,0.24554455159605929,0.7298868548524039,0.6438356164383562,0.3225806451612903,0.7707006369426752,0.5,121,36,42,20
runs/experimentos/base_raw/weighted/seed_42,9efd6cbfb118212c,weighted,42,median,all,1097,322,0.2935278030993619,0.5534121418553396,0.3404486402405399,0.27887212997239974,1.2976155998357832,0.6563354603463992,0.2391304347826087,0.8296774193548387,0.5,643,132,245,77
runs/experimentos/base_raw/weighted/seed_42,9efd6cbfb118212c,weighted,42,median,0,219,64,0.2922374429223744,0.6038306451612903,0.39951565335293604,0.2418361120878318,1.0072084670326418,0.7077625570776256,0.1875,0.9225806451612903,0.5,143,12,52,12
runs/experimentos/base_raw/weighted/seed_42,9efd6cbfb118212c,weighted,42,median,1,219,62,0.2831050228310502,0.5463324429833573,0.333100359663013,0.32276337590362125,1.6403463591388165,0.6210045662100456,0.3225806451612903,0.7388535031847133,0.5,116,41,42,20
runs/experimentos/base_raw/weighted/seed_42,9efd6cbfb118212c,weighted,42,median,2,220,59,0.2681818181818182,0.5899568375618487,0.3168559621040523,0.2783686412953496,0.9719943050990493,0.6363636363636364,0.423728813559322,0.7142857142857143,0.5,115,46,34,25
runs/experimentos/base_raw/weighted/seed_42,9efd6cbfb118212c,weighted,42,median,3,220,75,0.3409090909090909,0.5300229885057471,0.39315514826239284,0.32586822887607003,2.1487075257904524,0.6318181818181818,0.24,0.8344827586206897,0.5,121,24,57,18
runs/experimentos/base_raw/weighted/seed_42,9efd6cbfb118212c,weighted,42,median,4,219,62,0.2831050228310502,0.5836244092870352,0.3372568069760945,0.22531199667525997,0.7174219328429886,0.684931506849315,0.03225806451612903,0.9426751592356688,0.5,148,9,60,2
runs/experimentos/raw_rot90/normal/seed_2026,2685c82dbae6c889,normal,2026,mean,all,1097,322,0.2935278030993619,0.5886555800440794,0.37362594387314496,0.2038608844827819,0.5987022355308468,0.7119416590701915,0.034161490683229816,0.9935483870967742,0.5,770,5,311,11
runs/experimentos/raw_rot90/normal/seed_2026,2685c82dbae6c889,normal,2026,mean,0,219,64,0.2922374429223744,0.6446572580645162,0.42802046303398633,0.20056531457168314,0.5897688992543845,0.7077625570776256,0.0,1.0,0.5,155,0,64,0
runs/experimentos/raw_rot90/normal/seed_2026,2685c82dbae6c889,normal,2026,mean,1,219,62,0.2831050228310502,0.6253338812410109,0.4248520534783079,0.19678169134070475,0.5811345271457907,0.7168949771689498,0.0,1.0,0.5,157,0,62,0
runs/experimentos/raw_rot90/normal/seed_2026,2685c82dbae6c889,normal,2026,mean,2,220,59,0.2681818181818182,0.6547004947889251,0.3781626266497573,0.18869958521434144,0.5591825467935372,0.7363636363636363,0.01694915254237288,1.0,0.5,161,0,58,1
runs/experimentos/raw_rot90/normal/seed_2026,2685c82dbae6c889,normal,2026,mean,3,220,75,0.3409090909090909,0.5396781609195402,0.38817945060124415,0.23558715857916415,0.6792683004746025,0.6636363636363637,0.013333333333333334,1.0,0.5,145,0,74,1
runs/experimentos/raw_rot90/normal/seed_2026,2685c82dbae6c889,normal,2026,mean,4,219,62,0.2831050228310502,0.616498869940415,0.4114990011129159,0.19759503355355051,0.5839694776105472,0.7351598173515982,0.14516129032258066,0.9681528662420382,0.5,152,5,53,9
runs/experimentos/raw_rot90/normal/seed_2026,2685c82dbae6c889,normal,2026,max,all,1097,322,0.2935278030993619,0.5872690843518333,0.3562833170410685,0.2066796043507924,0.6034845534014643,0.6964448495897904,0.062111801242236024,0.96,0.5,744,31,302,20
runs/experimentos/raw_rot90/normal/seed_2026,2685c82dbae6c889,normal,2026,max,0,219,64,0.2922374429223744,0.6214717741935484,0.38294281956412146,0.20329430372512064,0.596477743867554,0.7077625570776256,0.0,1.0,0.5,155,0,64,0
runs/experimentos/raw_rot90/normal/seed_2026,2685c82dbae6c889,normal,2026,max,1,219,62,0.2831050228310502,0.6167043353194986,0.4213771193682822,0.19950610190285778,0.5879244441207327,0.7168949771689498,0.0,1.0,0.5,157,0,62,0
runs/experimentos/raw_rot90/normal/seed_2026,2685c82dbae6c889,normal,2026,max,2,220,59,0.2681818181818182,0.6659648384040425,0.3913141375833003,0.18623867547381362,0.5540355847797416,0.7227272727272728,0.06779661016949153,0.9627329192546584,0.5,155,6,55,4
runs/experimentos/raw_rot90/normal/seed_2026,2685c82dbae6c889,normal,2026,max,3,220,75,0.3409090909090909,0.5455632183908046,0.3774943575133348,0.23263887404292616,0.6653176981038506,0.6363636363636364,0.02666666666666667,0.9517241379310345,0.5,138,7,73,2
runs/experimentos/raw_rot90/normal/seed_2026,2685c82dbae6c889,normal,2026,max,4,219,62,0.2831050228310502,0.5764331210191083,0.37926246261631724,0.21169486870597837,0.6136107473862162,0.6986301369863014,0.22580645161290322,0.8853503184713376,0.5,139,18,48,14
runs/experimentos/raw_rot90/normal/seed_2026,2685c82dbae6c889,normal,2026,median,all,1097,322,0.2935278030993619,0.5874774594269685,0.3740205803061034,0.2040689912100696,0.5996955138661562,0.7128532360984503,0.037267080745341616,0.9935483870967742,0.5,770,5,310,12
runs/experimentos/raw_rot90/normal/seed_2026,2685c82dbae6c889,normal,2026,median,0,219,64,0.2922374429223744,0.6455645161290323,0.4370837556623799,0.20042723696723982,0.5894145247767489,0.7077625570776256,0.0,1.0,0.5,155,0,64,0
runs/experimentos/raw_rot90/normal/seed_2026,2685c82dbae6c889,normal,2026,median,1,219,62,0.2831050228310502,0.6288267926854325,0.43003884513390184,0.19667638289507108,0.5808222062199145,0.7168949771689498,0.0,1.0,0.5,157,0,62,0
runs/experimentos/raw_rot90/normal/seed_2026,2685c82dbae6c889,normal,2026,median,2,220,59,0.2681818181818182,0.6453310874828929,0.38341184474868173,0.18900992193041197,0.5605740932730168,0.740909090909091,0.03389830508474576,1.0,0.5,161,0,57,2
runs/experimentos/raw_rot90/normal/seed_2026,2685c82dbae6c889,normal,2026,median,3,220,75,0.3409090909090909,0.5312183908045977,0.3864454525521036,0.23695064910901023,0.68436602086458,0.6636363636363637,0.013333333333333334,1.0,0.5,145,0,74,1
runs/experimentos/raw_rot90/normal/seed_2026,2685c82dbae6c889,normal,2026,median,4,219,62,0.2831050228310502,0.6197863160057528,0.40893664629798254,0.19719938346542196,0.583092737500606,0.7351598173515982,0.14516129032258066,0.9681528662420382,0.5,152,5,53,9
runs/experimentos/raw_rot90/normal/seed_42,2685c82dbae6c889,normal,42,mean,all,1097,322,0.2935278030993619,0.5573832899218594,0.33349701143599,0.2256616769716289,0.6838256658764865,0.6736554238833181,0.14285714285714285,0.8941935483870967,0.5,693,82,276,46
runs/experimentos/raw_rot90/normal/seed_42,2685c82dbae6c889,normal,42,mean,0,219,64,0.2922374429223744,0.596875,0.3786321984000154,0.204624575685398,0.5990932091541288,0.7077625570776256,0.0,1.0,0.5,155,0,64,0
runs/experimentos/raw_rot90/normal/seed_42,2685c82dbae6c889,normal,42,mean,1,219,62,0.2831050228310502,0.5529073351140332,0.3179317873119027,0.21844204880917203,0.6928109513247054,0.6940639269406392,0.14516129032258066,0.910828025477707,0.5,143,14,53,9
runs/experimentos/raw_rot90/normal/seed_42,2685c82dbae6c889,normal,42,mean,2,220,59,0.2681818181818182,0.615643751973892,0.3460107222514264,0.19276501549111486,0.570042658459682,0.7181818181818181,0.0,0.9813664596273292,0.5,158,3,59,0
runs/experimentos/raw_rot90/normal/seed_42,2685c82dbae6c889,normal,42,mean,3,220,75,0.3409090909090909,0.5509885057471264,0.3766588903483911,0.24367006905964161,0.7176322732555199,0.6272727272727273,0.12,0.8896551724137931,0.5,129,16,66,9
runs/experimentos/raw_rot90/normal/seed_42,2685c82dbae6c889,normal,42,mean,4,219,62,0.2831050228310502,0.5632833367577563,0.3462533293750479,0.26887465877808053,0.839914426229665,0.6210045662100456,0.45161290322580644,0.6878980891719745,0.5,108,49,34,28
runs/experimentos/raw_rot90/normal/seed_42,2685c82dbae6c889,normal,42,max,all,1097,322,0.2935278030993619,0.5573752754958926,0.3247036738983002,0.26018142128380584,0.7996490980510759,0.6207839562443026,0.32608695652173914,0.743225806451613,0.5,576,199,217,105
runs/experimentos/raw_rot90/normal/seed_42,2685c82dbae6c889,normal,42,max,0,219,64,0.2922374429223744,0.572983870967742,0.3608648687197713,0.2049415270603309,0.6000578068453415,0.7077625570776256,0.0,1.0,0.5,155,0,64,0
runs/experimentos/raw_rot90/normal/seed_42,2685c82dbae6c889,normal,42,max,1,219,62,0.2831050228310502,0.5750975960550647,0.32992180870914434,0.23174723901243505,0.7219294270629708,0.6301369863013698,0.3225806451612903,0.7515923566878981,0.5,118,39,42,20
runs/experimentos/raw_rot90/normal/seed_42,2685c82dbae6c889,normal,42,max,2,220,59,0.2681818181818182,0.6201705442678177,0.3603122430922336,0.19321334736475496,0.571900516609556,0.7272727272727273,0.06779661016949153,0.968944099378882,0.5,156,5,55,4
runs/experimentos/raw_rot90/normal/seed_42,2685c82dbae6c889,normal,42,max,3,220,75,0.3409090909090909,0.5720459770114943,0.3909959274590586,0.24586530085290545,0.7042402977178716,0.6227272727272727,0.4533333333333333,0.7103448275862069,0.5,103,42,41,34
runs/experimentos/raw_rot90/normal/seed_42,2685c82dbae6c889,normal,42,max,4,219,62,0.2831050228310502,0.5603040887610437,0.32865967182811795,0.4255108528333969,1.4015930465026292,0.4155251141552511,0.7580645161290323,0.2802547770700637,0.5,44,113,15,47
runs/experimentos/raw_rot90/normal/seed_42,2685c82dbae6c889,normal,42,median,all,1097,322,0.2935278030993619,0.5573392105790423,0.33448029771603915,0.22969921595794598,0.7062086948913686,0.6718322698268003,0.15838509316770186,0.8851612903225806,0.5,686,89,271,51
runs/experimentos/raw_rot90/normal/seed_42,2685c82dbae6c889,normal,42,median,0,219,64,0.2922374429223744,0.5929435483870967,0.37469650044140057,0.20486884488615834,0.5996589758437905,0.7077625570776256,0.0,1.0,0.5,155,0,64,0
runs/experimentos/raw_rot90/normal/seed_42,2685c82dbae6c889,normal,42,median,1,219,62,0.2831050228310502,0.54705157181015,0.3205735964781037,0.2201458674356053,0.6976133838992549,0.680365296803653,0.16129032258064516,0.8853503184713376,0.5,139,18,52,10
runs/experimentos/raw_rot90/normal/seed_42,2685c82dbae6c889,normal,42,median,2,220,59,0.2681818181818182,0.6062743446678599,0.3365921750938339,0.19360873948622692,0.5726200944903549,0.7227272727272728,0.0,0.9875776397515528,0.5,159,2,59,0
runs/experimentos/raw_rot90/normal/seed_42,2685c82dbae6c889,normal,42,median,3,220,75,0.3409090909090909,0.5418850574712644,0.3776468024512597,0.24699166709115555,0.7325242309628593,0.6272727272727273,0.13333333333333333,0.8827586206896552,0.5,128,17,65,10
runs/experimentos/raw_rot90/normal/seed_42,2685c82dbae6c889,normal,42,median,4,219,62,0.2831050228310502,0.5698582288884322,0.34054596421553207,0.282966796622723,0.9291166206045541,0.6210045662100456,0.5,0.6687898089171974,0.5,105,52,31,31
runs/experimentos/raw_rot90/weighted/seed_2026,2685c82dbae6c889,weighted,2026,mean,all,1097,322,0.2935278030993619,0.5728270887597676,0.36416903876334106,0.24057377328493523,0.6842135350254005,0.6089334548769371,0.391304347826087,0.6993548387096774,0.5,542,233,196,126
runs/experimentos/raw_rot90/weighted/seed_2026,2685c82dbae6c889,weighted,2026,mean,0,219,64,0.2922374429223744,0.5904233870967742,0.35148970992884876,0.239658130024155,0.672604749593826,0.634703196347032,0.28125,0.7806451612903226,0.5,121,34,46,18
runs/experimentos/raw_rot90/weighted/seed_2026,2685c82dbae6c889,weighted,2026,mean,1,219,62,0.2831050228310502,0.5996507088555578,0.3839534428863003,0.21155935189236516,0.6143974147711156,0.7168949771689498,0.04838709677419355,0.9808917197452229,0.5,154,3,59,3
runs/experimentos/raw_rot90/weighted/seed_2026,2685c82dbae6c889,weighted,2026,mean,2,220,59,0.2681818181818182,0.6115380566375408,0.3725633660185002,0.23796844250219468,0.6693714462956988,0.6,0.423728813559322,0.6645962732919255,0.5,107,54,34,25
runs/experimentos/raw_rot90/weighted/seed_2026,2685c82dbae6c889,weighted,2026,mean,3,220,75,0.3409090909090909,0.575632183908046,0.4196851855879991,0.25614191647772905,0.7538460269392183,0.5909090909090909,0.4533333333333333,0.6620689655172414,0.5,96,49,41,34
runs/experimentos/raw_rot90/weighted/seed_2026,2685c82dbae6c889,weighted,2026,mean,4,219,62,0.2831050228310502,0.6151633449763716,0.4283444886500911,0.25748183460398555,0.7105978530377187,0.502283105022831,0.7419354838709677,0.40764331210191085,0.5,64,93,16,46
runs/experimentos/raw_rot90/weighted/seed_2026,2685c82dbae6c889,weighted,2026,max,all,1097,322,0.2935278030993619,0.5826447605690243,0.36473673902073334,0.2678673210235001,0.7532019797143084,0.5478577939835916,0.577639751552795,0.535483870967742,0.5,415,360,136,186
runs/experimentos/raw_rot90/weighted/seed_2026,2685c82dbae6c889,weighted,2026,max,0,219,64,0.2922374429223744,0.5732862903225807,0.33244865966230824,0.2522374659789655,0.698950018225025,0.589041095890411,0.53125,0.6129032258064516,0.5,95,60,30,34
runs/experimentos/raw_rot90/weighted/seed_2026,2685c82dbae6c889,weighted,2026,max,1,219,62,0.2831050228310502,0.6142387507704952,0.4039443016925824,0.21658092657120806,0.6249818113828928,0.6986301369863014,0.11290322580645161,0.9299363057324841,0.5,146,11,55,7
runs/experimentos/raw_rot90/weighted/seed_2026,2685c82dbae6c889,weighted,2026,max,2,220,59,0.2681818181818182,0.6475418465101589,0.3829416274580227,0.262346232634506,0.7264749032289644,0.5818181818181818,0.6440677966101694,0.5590062111801242,0.5,90,71,21,38
runs/experimentos/raw_rot90/weighted/seed_2026,2685c82dbae6c889,weighted,2026,max,3,220,75,0.3409090909090909,0.5771954022988506,0.4170316421612409,0.3296336487167508,0.9617337582282703,0.4409090909090909,0.7466666666666667,0.2827586206896552,0.5,41,104,19,56
runs/experimentos/raw_rot90/weighted/seed_2026,2685c82dbae6c889,weighted,2026,max,4,219,62,0.2831050228310502,0.5996507088555578,0.41228122136987977,0.27828150363933823,0.7530392490496378,0.4292237442922374,0.8225806451612904,0.27388535031847133,0.5,43,114,11,51
runs/experimentos/raw_rot90/weighted/seed_2026,2685c82dbae6c889,weighted,2026,median,all,1097,322,0.2935278030993619,0.5701302344219596,0.3605040972255962,0.24237062107677645,0.6947596733282183,0.6052871467639015,0.37888198757763975,0.6993548387096774,0.5,542,233,200,122
runs/experimentos/raw_rot90/weighted/seed_2026,2685c82dbae6c889,weighted,2026,median,0,219,64,0.2922374429223744,0.5966733870967742,0.35712506982916126,0.23865262391134753,0.6705704836974027,0.639269406392694,0.28125,0.7870967741935484,0.5,122,33,46,18
runs/experimentos/raw_rot90/weighted/seed_2026,2685c82dbae6c889,weighted,2026,median,1,219,62,0.2831050228310502,0.5983151838915142,0.3801446715931778,0.2116297549666833,0.6145041729512248,0.7123287671232876,0.03225806451612903,0.9808917197452229,0.5,154,3,60,2
runs/experimentos/raw_rot90/weighted/seed_2026,2685c82dbae6c889,weighted,2026,median,2,220,59,0.2681818181818182,0.5977471312769764,0.3653903902789821,0.23758563037624292,0.6687505220701776,0.6136363636363636,0.3898305084745763,0.6956521739130435,0.5,112,49,36,23
runs/experimentos/raw_rot90/weighted/seed_2026,2685c82dbae6c889,weighted,2026,median,3,220,75,0.3409090909090909,0.5674482758620689,0.4073069073119133,0.26680345602412053,0.809380665100496,0.5681818181818182,0.4533333333333333,0.6275862068965518,0.5,91,54,41,34
runs/experimentos/raw_rot90/weighted/seed_2026,2685c82dbae6c889,weighted,2026,median,4,219,62,0.2831050228310502,0.6156770084240806,0.42469826517872156,0.25709192392171276,0.7101879025454693,0.4931506849315068,0.7258064516129032,0.4012738853503185,0.5,63,94,17,45
runs/experimentos/raw_rot90/weighted/seed_42,2685c82dbae6c889,weighted,42,mean,all,1097,322,0.2935278030993619,0.5728391103987177,0.3478533845295396,0.24668555457138552,0.7054216247547423,0.5961713764813127,0.422360248447205,0.6683870967741935,0.5,518,257,186,136
runs/experimentos/raw_rot90/weighted/seed_42,2685c82dbae6c889,weighted,42,mean,0,219,64,0.2922374429223744,0.6038306451612904,0.40996099440019373,0.2124614251207319,0.6160766128164341,0.7077625570776256,0.09375,0.9612903225806452,0.5,149,6,58,6
runs/experimentos/raw_rot90/weighted/seed_42,2685c82dbae6c889,weighted,42,mean,1,219,62,0.2831050228310502,0.5947195397575509,0.3398882786471373,0.28785562956904615,0.8436915310678271,0.4840182648401826,0.8225806451612904,0.3503184713375796,0.5,55,102,11,51
runs/experimentos/raw_rot90/weighted/seed_42,2685c82dbae6c889,weighted,42,mean,2,220,59,0.2681818181818182,0.6246973365617434,0.3284504982441915,0.22222919662154617,0.6365039464983505,0.6681818181818182,0.11864406779661017,0.8695652173913043,0.5,140,21,52,7
runs/experimentos/raw_rot90/weighted/seed_42,2685c82dbae6c889,weighted,42,mean,3,220,75,0.3409090909090909,0.5556781609195403,0.430752976515205,0.2595529194441442,0.713876953243253,0.5181818181818182,0.6133333333333333,0.4689655172413793,0.5,68,77,29,46
runs/experimentos/raw_rot90/weighted/seed_42,2685c82dbae6c889,weighted,42,mean,4,219,62,0.2831050228310502,0.5761249229504828,0.3436133352062877,0.25138151987806673,0.7172351639367417,0.6027397260273972,0.41935483870967744,0.6751592356687898,0.5,106,51,36,26
runs/experimentos/raw_rot90/weighted/seed_42,2685c82dbae6c889,weighted,42,max,all,1097,322,0.2935278030993619,0.5551592867160889,0.33084126168052286,0.2879330469841064,0.8126527556814541,0.5186873290793071,0.5745341614906833,0.49548387096774194,0.5,384,391,137,185
runs/experimentos/raw_rot90/weighted/seed_42,2685c82dbae6c889,weighted,42,max,0,219,64,0.2922374429223744,0.5768145161290322,0.38219044444022404,0.22360693006515348,0.6391325503132933,0.6529680365296804,0.21875,0.832258064516129,0.5,129,26,50,14
runs/experimentos/raw_rot90/weighted/seed_42,2685c82dbae6c889,weighted,42,max,1,219,62,0.2831050228310502,0.6021162934045614,0.3454996627049557,0.3217082373700313,0.9214600424641021,0.410958904109589,0.8870967741935484,0.2229299363057325,0.5,35,122,7,55
runs/experimentos/raw_rot90/weighted/seed_42,2685c82dbae6c889,weighted,42,max,2,220,59,0.2681818181818182,0.618380882198126,0.3198823415701555,0.2370925830522442,0.6678525933984756,0.6454545454545455,0.3389830508474576,0.7577639751552795,0.5,122,39,39,20
runs/experimentos/raw_rot90/weighted/seed_42,2685c82dbae6c889,weighted,42,max,3,220,75,0.3409090909090909,0.5474942528735632,0.41167540117024304,0.2843829754308745,0.7697202097803716,0.4681818181818182,0.6933333333333334,0.35172413793103446,0.5,51,94,23,52
runs/experimentos/raw_rot90/weighted/seed_42,2685c82dbae6c889,weighted,42,max,4,219,62,0.2831050228310502,0.5242449147318676,0.3271946038988055,0.3731228676117492,1.0659556094290372,0.4155251141552511,0.7096774193548387,0.29936305732484075,0.5,47,110,18,44
runs/experimentos/raw_rot90/weighted/seed_42,2685c82dbae6c889,weighted,42,median,all,1097,322,0.2935278030993619,0.572766980565017,0.3484313268129388,0.2470057205624265,0.7071712881380602,0.5998176845943483,0.4161490683229814,0.6761290322580645,0.5,524,251,188,134
runs/experimentos/raw_rot90/weighted/seed_42,2685c82dbae6c889,weighted,42,median,0,219,64,0.2922374429223744,0.6084677419354839,0.4038812001086561,0.21237317151597832,0.6159074454533202,0.7077625570776256,0.09375,0.9612903225806452,0.5,149,6,58,6
runs/experimentos/raw_rot90/weighted/seed_42,2685c82dbae6c889,weighted,42,median,1,219,62,0.2831050228310502,0.5922539552085474,0.33995045455174444,0.28781674012847025,0.8436948086184026,0.4840182648401826,0.8225806451612904,0.3503184713375796,0.5,55,102,11,51
runs/experimentos/raw_rot90/weighted/seed_42,2685c82dbae6c889,weighted,42,median,2,220,59,0.2681818181818182,0.6265922728708285,0.3355046237193262,0.22133384579060328,0.6346900515866601,0.6727272727272727,0.11864406779661017,0.8757763975155279,0.5,141,20,52,7
runs/experimentos/raw_rot90/weighted/seed_42,2685c82dbae6c889,weighted,42,median,3,220,75,0.3409090909090909,0.5549425287356322,0.43235935005761744,0.2586749298660531,0.7122287615764409,0.5318181818181819,0.6133333333333333,0.4896551724137931,0.5,71,74,29,46
runs/experimentos/raw_rot90/weighted/seed_42,2685c82dbae6c889,weighted,42,median,4,219,62,0.2831050228310502,0.582083418943908,0.35144745781103537,0.25489385462275455,0.72964324451992,0.6027397260273972,0.3870967741935484,0.6878980891719745,0.5,108,49,38,24
ensemble,2685c82dbae6c889,normal,"42,2026",mean,all,1097,322,0.2935278030993619,0.5786375475856541,0.3532314173224482,0.20835255137689454,0.6087810701803892,0.6891522333637192,0.06832298136645963,0.9470967741935484,0.5,734,41,300,22
ensemble,2685c82dbae6c889,normal,"42,2026",max,all,1097,322,0.2935278030993619,0.5785413744740533,0.3436088007417345,0.21846746016359653,0.628667346106337,0.6536007292616226,0.18012422360248448,0.8503225806451613,0.5,659,116,264,58
ensemble,2685c82dbae6c889,normal,"42,2026",median,all,1097,322,0.2935278030993619,0.5748547385293529,0.35246662840478904,0.20935777011410941,0.6117886931721976,0.6836827711941659,0.06832298136645963,0.9393548387096774,0.5,728,47,300,22
ensemble,2685c82dbae6c889,weighted,"42,2026",mean,all,1097,322,0.2935278030993619,0.594510118212783,0.3773966286517211,0.23585884418869607,0.6654920029763175,0.626253418413856,0.43167701863354035,0.7070967741935484,0.5,548,227,183,139
ensemble,2685c82dbae6c889,weighted,"42,2026",max,all,1097,322,0.2935278030993619,0.5805249449008215,0.3630236348548165,0.2647752474650037,0.7275418052762839,0.5177757520510483,0.6180124223602484,0.4761290322580645,0.5,369,406,123,199
ensemble,2685c82dbae6c889,weighted,"42,2026",median,all,1097,322,0.2935278030993619,0.5916489681426568,0.37360542784468265,0.23601512121782234,0.666122199474844,0.6207839562443026,0.4192546583850932,0.704516129032258,0.5,546,229,187,135
ensemble,9efd6cbfb118212c,normal,"42,2026",mean,all,1097,322,0.2935278030993619,0.5636665998797836,0.3576219780944234,0.22715367789946342,0.7001858352841913,0.6654512306289881,0.22981366459627328,0.8464516129032258,0.5,656,119,248,74
ensemble,9efd6cbfb118212c,normal,"42,2026",max,all,1097,322,0.2935278030993619,0.5578200761370466,0.33647753679963444,0.27122545547850047,0.8177197977676357,0.5542388331814039,0.468944099378882,0.5896774193548387,0.5,457,318,171,151
ensemble,9efd6cbfb118212c,normal,"42,2026",median,all,1097,322,0.2935278030993619,0.5638469244640353,0.3650710887247358,0.23320867435242246,0.7549768564998733,0.6536007292616226,0.2453416149068323,0.8232258064516129,0.5,638,137,243,79
ensemble,9efd6cbfb118212c,weighted,"42,2026",mean,all,1097,322,0.2935278030993619,0.5895091164095372,0.35644160285848603,0.2278663933171824,0.6822246949718662,0.6545123062898814,0.3198757763975155,0.7935483870967742,0.5,615,160,219,103
ensemble,9efd6cbfb118212c,weighted,"42,2026",max,all,1097,322,0.2935278030993619,0.5748226808254858,0.34975012755644463,0.30559016142460926,0.937465534682956,0.5223336371923427,0.6024844720496895,0.4890322580645161,0.5,379,396,128,194
ensemble,9efd6cbfb118212c,weighted,"42,2026",median,all,1097,322,0.2935278030993619,0.5911160088158686,0.35807132670246394,0.23329222693372337,0.7148746963296186,0.6599817684594348,0.3136645962732919,0.8038709677419354,0.5,623,152,221,101
