patient_id,label,fold,split,cohort,probability,n_slices,probability_calibrated_crossfit,probability_calibrated_fit
ACRIN-6698-103939,0,0,train,spy2,0.499141159,10,0.3015593821900215,0.30626138693318106
ACRIN-6698-104268,0,1,train,spy2,0.5207526925000001,10,0.3215866642870578,0.31867286784800747
ACRIN-6698-107700,0,2,train,spy2,0.363753789,10,0.24375965427747948,0.2334643360294284
ACRIN-6698-108969,1,3,train,spy2,0.46735139600000003,10,0.2785791737388838,0.28849098813674645
ACRIN-6698-115987,0,4,train,spy2,0.610318216,10,0.3860703309116789,0.37386801006973425
ACRIN-6698-118307,0,2,train,spy2,0.42067634600000003,10,0.2712965332822239,0.2632541115834619
ACRIN-6698-130580,1,0,train,spy2,0.40515464,10,0.2533111989364576,0.2550420357288798
ACRIN-6698-139973,0,1,train,spy2,0.53464164,10,0.3292143145333585,0.3268099335807527
ACRIN-6698-144302,0,3,train,spy2,0.560177399,10,0.3417876222557067,0.34213786549208247
ACRIN-6698-145777,0,4,train,spy2,0.3526020217,10,0.2255526881755433,0.22771496632827565
ACRIN-6698-146987,0,0,train,spy2,0.420374149,10,0.260910263150521,0.2630934711880233
ACRIN-6698-148357,0,1,train,spy2,0.5394851884999999,10,0.3319023079327618,0.3296794606151373
ACRIN-6698-150547,0,2,train,spy2,0.422353568,10,0.27211692943725224,0.26414625401007874
ACRIN-6698-152090,1,4,train,spy2,0.5682506315,10,0.3564947788529705,0.3470917859287427
ACRIN-6698-169918,0,3,train,spy2,0.27924419325,10,0.1678147389167167,0.1901896274704513
ACRIN-6698-172366,1,3,train,spy2,0.707981917,10,0.4641302264063146,0.4442899762813567
ACRIN-6698-179568,0,0,train,spy2,0.511885119,10,0.3084065873259562,0.3135449726808457
ACRIN-6698-188700,1,1,train,spy2,0.50179186,10,0.3113513682146999,0.3077683002820292
ACRIN-6698-202535,0,2,train,spy2,0.3974270275,10,0.2599866135221666,0.25098123904801567
ACRIN-6698-209967,0,4,train,spy2,0.49923100649999996,10,0.3115149103159027,0.3063123973596628
ACRIN-6698-213913,1,3,train,spy2,0.588343596,10,0.3626806022711125,0.3596692409463944
ACRIN-6698-218503,0,0,train,spy2,0.3968169155,10,0.24917372222119882,0.2506613572330167
ACRIN-6698-219545,0,1,train,spy2,0.4797866765,10,0.29970161818025415,0.295378795605045
ACRIN-6698-220471,0,2,train,spy2,0.4416929265,10,0.281628611896897,0.2745074265620926
ACRIN-6698-220925,0,4,train,spy2,0.42360152924999994,10,0.26595217775172647,0.26481070105611654
ACRIN-6698-222135,0,1,train,spy2,0.2851110405,10,0.20238628223911848,0.19318760522111844
ACRIN-6698-227055,0,2,train,spy2,0.4055178665,10,0.26391028535471556,0.2552333400326314
ACRIN-6698-233191,0,0,train,spy2,0.4174652255,10,0.2594528493867461,0.2615487507411415
ACRIN-6698-234723,0,3,train,spy2,0.45271911849999996,10,0.26926787248969,0.2804810686527513
ACRIN-6698-239910,0,4,train,spy2,0.3673246972,10,0.23379183618918814,0.23531006246993064
ACRIN-6698-240957,0,0,train,spy2,0.436477152,10,0.26902526906828444,0.2716990358251028
ACRIN-6698-241998,0,1,train,spy2,0.37069807299999996,10,0.24448264446576734,0.2370559877789541
ACRIN-6698-253531,1,3,train,spy2,0.639213041,10,0.40299321124594695,0.39334037581927883
ACRIN-6698-255388,1,2,train,spy2,0.488394616,10,0.3050924905174525,0.30019339421805247
ACRIN-6698-263143,0,4,train,spy2,0.3031602542,10,0.1982415316569305,0.2024029853841351
ACRIN-6698-264305,1,3,train,spy2,0.21591513359999998,10,0.13324758434602801,0.15751310117477468
ACRIN-6698-266840,0,0,train,spy2,0.399461664,10,0.25048432862016684,0.25204875424673273
ACRIN-6698-275034,1,1,train,spy2,0.47349961250000006,10,0.2964137839079198,0.2918867725476734
ACRIN-6698-277888,1,2,train,spy2,0.4735555935,10,0.29754942562357484,0.2919177777041776
ACRIN-6698-283070,0,4,train,spy2,0.30189068175,10,0.19754555168496404,0.2017549005427883
ACRIN-6698-284443,0,3,train,spy2,0.5363359245,10,0.32478665397958023,0.32781177332244754
ACRIN-6698-284593,0,0,train,spy2,0.44093360750000005,10,0.2712861963622678,0.2740979038327768
ACRIN-6698-285339,1,1,train,spy2,0.517192925,10,0.3196499769504005,0.3166082448552446
ACRIN-6698-287961,1,2,train,spy2,0.587879533,10,0.35868392803953547,0.35937456086492314
ACRIN-6698-293142,0,4,train,spy2,0.674150396,10,0.43511627076362785,0.4183121536459165
ACRIN-6698-296123,1,1,train,spy2,0.4940810255,10,0.30724281628605593,0.3033960584055011
ACRIN-6698-296841,1,3,train,spy2,0.684424209,10,0.4421890374231179,0.42599720847043065
ACRIN-6698-298101,0,0,train,spy2,0.45049527650000004,10,0.27616123762482775,0.2792721180073478
ACRIN-6698-299962,0,2,train,spy2,0.42548203349999997,10,0.27364899731792175,0.2658129680517415
ACRIN-6698-301665,0,4,train,spy2,0.6598032345,10,0.4235828829032257,0.40785027326296086
ACRIN-6698-317402,0,3,train,spy2,0.849393443,10,0.6288439238808267,0.5842386637475292
ACRIN-6698-317641,1,0,train,spy2,0.43257107699999997,10,0.26704915089717157,0.2696027920358115
ACRIN-6698-320538,0,1,train,spy2,0.5198425915,10,0.32109083614031375,0.3181442299632748
ACRIN-6698-323721,0,2,train,spy2,0.44527879950000004,10,0.2834037270642329,0.27644456018254654
ACRIN-6698-326433,1,4,train,spy2,0.711788505,10,0.4670549464521128,0.4473404983131706
ACRIN-6698-328160,0,1,train,spy2,0.4208786345,10,0.2694755767653688,0.26336166065270666
ACRIN-6698-329076,0,0,train,spy2,0.41903807400000004,10,0.260240563149888,0.26238362139288884
ACRIN-6698-335536,0,3,train,spy2,0.45805982700000003,10,0.2726487383446796,0.283393324467866
ACRIN-6698-342959,1,4,train,spy2,0.39301490650000004,10,0.2483276171068454,0.24867026722264773
ACRIN-6698-343898,0,2,train,spy2,0.569084091,10,0.3480669837295975,0.34760635601081263
ACRIN-6698-345907,0,0,train,spy2,0.436534526,10,0.2690543334598143,0.27172987008904237
ACRIN-6698-355942,0,2,train,spy2,0.4568625515,10,0.28916544228949004,0.28273935149641505
ACRIN-6698-356431,1,3,train,spy2,0.6890719005,10,0.4464285019208622,0.4295299581945943
ACRIN-6698-361701,0,4,train,spy2,0.4652947115,10,0.29067030483821327,0.2873591320289769
ACRIN-6698-373346,0,1,train,spy2,0.5561010655,10,0.34124154238158166,0.3396570007584775
ACRIN-6698-375954,0,4,train,spy2,0.27506945974999997,10,0.18287623915790346,0.1880548966975601
ACRIN-6698-384830,0,0,train,spy2,0.3715586535,10,0.2367309613286323,0.23750176076430546
ACRIN-6698-396723,0,1,train,spy2,0.3897466535,10,0.2539131938755457,0.24696179434727616
ACRIN-6698-397505,1,2,train,spy2,0.5377587764999999,10,0.3309326744547897,0.3286547106245451
ACRIN-6698-399478,1,3,train,spy2,0.6841504065,10,0.44194059836949756,0.4257902019959324
ACRIN-6698-401215,0,4,train,spy2,0.7417946245,10,0.494558922803746,0.47242845206027595
ACRIN-6698-407539,0,3,train,spy2,0.619966555,10,0.3873150425617233,0.3802628395127122
ACRIN-6698-408692,1,0,train,spy2,0.41916765749999996,10,0.260305493206552,0.2624524418114472
ACRIN-6698-409288,0,1,train,spy2,0.5225632635,10,0.3225744963011702,0.31972617963162236
ACRIN-6698-417474,1,2,train,spy2,0.527914295,10,0.3256759189047645,0.32285205345323104
ACRIN-6698-421917,0,2,train,spy2,0.43956123150000004,10,0.2805751589188464,0.27335832848813724
ACRIN-6698-422013,0,0,train,spy2,0.394830665,10,0.24819049845997812,0.24962067836045634
ACRIN-6698-429220,0,1,train,spy2,0.569518434,10,0.3489259311451757,0.3478747521823436
ACRIN-6698-432114,1,4,train,spy2,0.721629987,10,0.47585722396313185,0.4553591413849592
ACRIN-6698-435279,0,3,train,spy2,0.45234089749999995,10,0.26902920000684866,0.2802753043716963
ACRIN-6698-460642,0,3,train,spy2,0.5485472490000001,10,0.33342037978000016,0.33509476980400843
ACRIN-6698-462582,0,0,train,spy2,0.44461147900000003,10,0.2731574015152044,0.27608366573960047
ACRIN-6698-465008,0,1,train,spy2,0.4930200715,10,0.30667980242296533,0.30279714226388665
ACRIN-6698-474874,1,2,train,spy2,0.44054781299999995,10,0.28106254896023464,0.27388992250585575
ACRIN-6698-490023,1,4,train,spy2,0.5577198195,10,0.3493714596837513,0.34064056470733456
ACRIN-6698-490805,1,1,train,spy2,0.5258310214999999,10,0.3243622098320701,0.32163277353239444
ACRIN-6698-506623,0,0,train,spy2,0.3934953625,10,0.24753000446067622,0.24892166293724874
ACRIN-6698-511851,0,2,train,spy2,0.422828687,10,0.27234945097932783,0.26439915542711034
ACRIN-6698-516763,1,3,train,spy2,0.424212584,10,0.25154564407629904,0.26513624217636966
ACRIN-6698-516834,0,4,train,spy2,0.4103682525,10,0.2582799781355085,0.25779180986397915
ACRIN-6698-520471,1,1,train,spy2,0.5486614949999999,10,0.33703677472759436,0.3351634382726433
ACRIN-6698-522140,0,0,train,spy2,0.356761683,10,0.22949224370882643,0.22985703907027216
ACRIN-6698-530095,0,2,train,spy2,0.41168943750000003,10,0.266911605699771,0.25848997658207523
ACRIN-6698-531988,1,3,train,spy2,0.21237609653500003,10,0.13132902466158763,0.15565780410273816
ACRIN-6698-563681,0,4,train,spy2,0.49996004549999995,10,0.31197086755612075,0.30672647986341117
ACRIN-6698-571995,0,0,train,spy2,0.4134433985,10,0.2574418494901445,0.2594177000947882
ACRIN-6698-573919,0,1,train,spy2,0.359424426,10,0.23892425495423836,0.23122975950148333
ACRIN-6698-580632,0,2,train,spy2,0.42757391699999997,10,0.27467478196536166,0.26692938152272816
ACRIN-6698-584561,1,3,train,spy2,0.5017423305000001,10,0.3011052201004264,0.30774010495197973
ACRIN-6698-587604,0,4,train,spy2,0.369323404,10,0.2349151221690695,0.2363442370009906
ACRIN-6698-587691,1,0,train,spy2,0.5665436575,10,0.3389332070775843,0.3460397716262039
ACRIN-6698-591810,1,2,train,spy2,0.5294735665,10,0.32650478710802366,0.323766601341676
ACRIN-6698-598835,0,1,train,spy2,0.503884574,10,0.3124716026303544,0.3089609401949971
ACRIN-6698-609151,1,4,train,spy2,0.6032570460000001,10,0.38097127185624924,0.3692517128730851
ACRIN-6698-618717,0,3,train,spy2,0.640762541,10,0.40427982338677076,0.3944129015235618
ACRIN-6698-618860,0,3,train,spy2,0.515319254,10,0.31026880839245713,0.3155248451632005
ACRIN-6698-628788,0,0,train,spy2,0.38824952599999996,10,0.2449389663302558,0.24618010058027381
ACRIN-6698-629371,1,1,train,spy2,0.567291341,10,0.34764110264232273,0.3465002657944701
ACRIN-6698-629606,0,4,train,spy2,0.639457319,10,0.40775920426970735,0.3935092572385225
ACRIN-6698-631299,0,2,train,spy2,0.5353774005,10,0.3296558418331453,0.327244739965883
ACRIN-6698-635632,1,0,train,spy2,0.4854664775,10,0.2943082769617722,0.29855117448539276
ACRIN-6698-638126,0,1,train,spy2,0.5409850165,10,0.33273771270608477,0.33057148964745536
ACRIN-6698-641246,1,2,train,spy2,0.47813212099999997,10,0.2998662293131524,0.2944578459459131
ACRIN-6698-641697,0,4,train,spy2,0.5180052980000001,10,0.3233763702664909,0.31707868283785035
ACRIN-6698-641977,0,3,train,spy2,0.6285187045,10,0.3942136819606878,0.3860192322171303
ACRIN-6698-649198,0,3,train,spy2,0.43684445099999997,10,0.2593336173855075,0.27189645391458
ACRIN-6698-652480,0,0,train,spy2,0.39509823600000005,10,0.24832289785728978,0.24976080683479127
ACRIN-6698-653927,1,1,train,spy2,0.4638585935,10,0.2914040025830003,0.2865699841010077
ACRIN-6698-654021,0,2,train,spy2,0.5783459425,10,0.35326457801679884,0.35336540358785484
ACRIN-6698-654064,0,4,train,spy2,0.472810066,10,0.29522527633506807,0.29150499457388784
ACRIN-6698-655128,0,3,train,spy2,0.4781786555,10,0.2855704434127018,0.2944837284037412
ACRIN-6698-661730,1,0,train,spy2,0.372894175,10,0.2373859032642597,0.23819385483508043
ACRIN-6698-663144,0,1,train,spy2,0.476112894,10,0.2977783437996892,0.29333582217175314
ACRIN-6698-664111,1,2,train,spy2,0.437170151,10,0.279395077088476,0.2720715571203218
ACRIN-6698-683896,0,4,train,spy2,0.6149890570000001,10,0.3894754969141735,0.3769509630273678
ACRIN-6698-685795,0,0,train,spy2,0.40625367199999995,10,0.25385785852740156,0.25562099651931824
ACRIN-6698-688291,0,3,train,spy2,0.5205212185,10,0.3138235451008182,0.3185383629322387
ACRIN-6698-688955,0,1,train,spy2,0.48452481599999997,10,0.30219088431245106,0.2980240369083639
ACRIN-6698-689480,0,2,train,spy2,0.3137162445,10,0.21977017420935413,0.20779275011772763
ACRIN-6698-690089,0,4,train,spy2,0.42287598000000004,10,0.2655295491230676,0.26442433336856314
ACRIN-6698-691753,0,0,train,spy2,0.42487428400000005,10,0.2631698530151745,0.26548891372524436
ACRIN-6698-698094,0,3,train,spy2,0.43697705449999996,10,0.2594159087978107,0.27196773936210433
ACRIN-6698-706639,0,4,train,spy2,0.683346419,10,0.44268514119232427,0.42518306048269006
ACRIN-6698-721099,0,1,train,spy2,0.3945848225,10,0.2563181270600596,0.2494919464028567
ACRIN-6698-724293,1,2,train,spy2,0.44246947,10,0.28201269907480925,0.274926479862888
ACRIN-6698-724384,0,0,train,spy2,0.405063669,10,0.25326596364941967,0.2549941292957972
ACRIN-6698-738041,1,2,train,spy2,0.508736751,10,0.3155901857956993,0.311736368443257
ACRIN-6698-748583,0,1,train,spy2,0.4282356845,10,0.27318792297254374,0.2672828888714761
ACRIN-6698-748611,1,3,train,spy2,0.5209143725,10,0.31409321644067106,0.31876683786362864
ACRIN-6698-753109,1,4,train,spy2,0.633024314,10,0.4028768496204945,0.38908664135632376
ACRIN-6698-755914,1,4,train,spy2,0.7832331115,10,0.5362675751652513,0.5106909955340877
ACRIN-6698-760011,1,0,train,spy2,0.4186541815,10,0.26004823592616483,0.26217977358705996
ACRIN-6698-760901,1,1,train,spy2,0.45465513949999997,10,0.2866555454547983,0.28153530691059264
ACRIN-6698-765671,1,2,train,spy2,0.424850859,10,0.2733397065005327,0.26547642606077365
ACRIN-6698-771151,1,3,train,spy2,0.5214402025,10,0.31445411673228035,0.3190725750923862
ACRIN-6698-771443,0,4,train,spy2,0.5261547195,10,0.328606042680728,0.3218220301688021
ACRIN-6698-774840,1,0,train,spy2,0.3972240675,10,0.24937538024596886,0.25087481558005803
ACRIN-6698-775346,0,1,train,spy2,0.4760571275,10,0.2977491942245505,0.2933048639267441
ACRIN-6698-779739,1,2,train,spy2,0.678332312,10,0.41448333446958974,0.4214201300958184
ACRIN-6698-783764,0,3,train,spy2,0.5119885475,10,0.30800569206732464,0.3136044930533933
ACRIN-6698-786753,0,4,train,spy2,0.3147966961,10,0.20463037217268396,0.20834462068011475
ACRIN-6698-792181,1,0,train,spy2,0.483357838,10,0.29319849038104684,0.2973714264299854
ACRIN-6698-793155,0,1,train,spy2,0.402927444,10,0.26047586963102204,0.25386987734865096
ACRIN-6698-794128,0,2,train,spy2,0.46821938450000006,10,0.29485827221051647,0.2889692773482
ACRIN-6698-799149,1,3,train,spy2,0.5200636975,10,0.3135099034471352,0.3182726105913295
ACRIN-6698-801641,0,1,train,spy2,0.5036168445,10,0.3123281605575201,0.3088082148998899
ACRIN-6698-802308,0,4,train,spy2,0.3918018975,10,0.24763621912258024,0.24803584125048275
ACRIN-6698-804979,0,0,train,spy2,0.4743542705,10,0.2884836044942507,0.292360297056011
ACRIN-6698-805136,0,2,train,spy2,0.4375874165,10,0.279600895320914,0.27229594847244987
ACRIN-6698-820807,1,3,train,spy2,0.44581459050000005,10,0.26492629869635775,0.27673445552145004
ACRIN-6698-831848,1,0,train,spy2,0.396978339,10,0.24925366896668685,0.2507459815195771
ACRIN-6698-839274,0,1,train,spy2,0.3197942185,10,0.21945275766027236,0.21089799612335033
ACRIN-6698-845783,1,2,train,spy2,0.6223541825,10,0.3789335218293733,0.3818614195548585
ACRIN-6698-856159,0,3,train,spy2,0.5628570457500001,10,0.3437362133942683,0.34377611250891293
ACRIN-6698-860243,0,4,train,spy2,0.5376333615,10,0.33606067861043215,0.3285803523567724
ACRIN-6698-861745,0,0,train,spy2,0.4957810875,10,0.2997687636776178,0.30435708743610396
ACRIN-6698-863161,1,4,train,spy2,0.718060312,10,0.47264099654948294,0.4524281842360184
ACRIN-6698-866660,0,1,train,spy2,0.49179064750000007,10,0.30602806529934923,0.3021039162869344
ACRIN-6698-870077,0,2,train,spy2,0.537422811,10,0.3307523322679172,0.32845554310819214
ACRIN-6698-875089,0,3,train,spy2,0.6433422775000001,10,0.4064302401266206,0.3962053224988488
ACRIN-6698-879224,0,2,train,spy2,0.6425013545,10,0.39130528578591234,0.3956201047525087
ACRIN-6698-882553,0,0,train,spy2,0.48956756349999997,10,0.29647294374255495,0.3008525441905281
ACRIN-6698-884011,0,1,train,spy2,0.41196411299999997,10,0.264996594992798,0.2586351956955208
ACRIN-6698-894673,0,4,train,spy2,0.7421631995,10,0.4949096236262218,0.47274900179416923
ACRIN-6698-896852,0,3,train,spy2,0.27663401745000005,10,0.16637610750930126,0.18885508551496977
ACRIN-6698-899692,1,2,train,spy2,0.444150311,10,0.282844675592394,0.2758343682724745
ACRIN-6698-900959,0,3,train,spy2,0.7026713185,10,0.4590832367809707,0.44007984033381875
ACRIN-6698-901705,0,0,train,spy2,0.46615883,10,0.28422392560607274,0.2878344367437122
ACRIN-6698-913527,0,1,train,spy2,0.4076986895,10,0.2628604168034269,0.256382778316686
ACRIN-6698-924071,0,4,train,spy2,0.3365021445,10,0.21660627444910158,0.21944765176372463
ACRIN-6698-928170,0,0,train,spy2,0.420555869,10,0.26100138990928234,0.2631900652519729
ACRIN-6698-928446,0,1,train,spy2,0.4638923025,10,0.29142145396145946,0.28658849607614384
ACRIN-6698-928815,0,3,train,spy2,0.3025495648,10,0.18073684179859592,0.2020912422831375
ACRIN-6698-929391,0,4,train,spy2,0.6555654344999999,10,0.4202372397994635,0.4048170282549845
ACRIN-6698-929980,1,2,train,spy2,0.494134839,10,0.30803543720949633,0.30342645347824504
ACRIN-6698-938719,0,2,train,spy2,0.428951089,10,0.27535070317428056,0.2676652283508418
ACRIN-6698-942017,0,0,train,spy2,0.41147622899999997,10,0.25645986250098235,0.2583772712454747
ACRIN-6698-943633,0,1,train,spy2,0.6227624924999999,10,0.380903617659114,0.38213544746902267
ACRIN-6698-946927,1,3,train,spy2,0.6792868015,10,0.4375514992070957,0.422133348326326
ACRIN-6698-949444,0,4,train,spy2,0.44437707,10,0.2781584305216298,0.27595693834934104
ACRIN-6698-960029,0,2,train,spy2,0.579900593,10,0.3541434179755059,0.3543395953848113
ACRIN-6698-962153,0,3,train,spy2,0.41226262599999997,10,0.24426784205151628,0.2587930448751257
ACRIN-6698-963303,0,0,train,spy2,0.43672140649999996,10,0.26914901075471254,0.2718303133599289
ACRIN-6698-963604,0,1,train,spy2,0.504154518,10,0.31261626875721077,0.3091149723030341
ACRIN-6698-970839,0,4,train,spy2,0.4815351045,10,0.30055571796113023,0.2963535430565056
ACRIN-6698-971492,0,2,train,spy2,0.42064982149999997,10,0.2712835644325898,0.26324001056397967
ACRIN-6698-982086,1,3,train,spy2,0.5129190015,10,0.3086369046173033,0.3141402477132373
ACRIN-6698-987914,0,0,train,spy2,0.3658314735,10,0.23392551924614738,0.23453794938357994
ACRIN-6698-991818,1,1,train,spy2,0.5828251905,10,0.35668420225032127,0.3561782306616027
ACRIN-6698-992609,1,4,train,spy2,0.4369156985,10,0.2737507226690082,0.2719347545390463
ACRIN-6698-995480,0,2,train,spy2,0.473794251,10,0.2976700395732337,0.29204997609083916
Breast_MRI_005,1,3,train,duke,0.4389866255,10,0.2606644093376727,0.27304889544051525
Breast_MRI_009,1,0,train,duke,0.4802327695,10,0.29155768297496815,0.2956273404521864
Breast_MRI_010,0,1,train,duke,0.457536379,10,0.2881386797014789,0.2831073284658898
Breast_MRI_012,0,4,train,duke,0.44979238000000005,10,0.28137513256592256,0.2788904449414706
Breast_MRI_019,0,1,train,duke,0.4825520095,10,0.3011532141881798,0.296921204725016
Breast_MRI_021,0,2,train,duke,0.3537029305,10,0.23893769059058562,0.22828162379629496
Breast_MRI_022,0,0,train,duke,0.3788739285,10,0.24032208258241147,0.24129740980667178
Breast_MRI_040,0,3,train,duke,0.40806217599999994,10,0.24172949364715965,0.2565745012929865
Breast_MRI_041,0,4,train,duke,0.620941036,10,0.39385294156704986,0.3809144947354046
Breast_MRI_043,0,0,train,duke,0.473941003,10,0.2882680888875079,0.2921312798735557
Breast_MRI_044,1,4,train,duke,0.454795698,10,0.28436078451492164,0.28161191071836345
Breast_MRI_046,0,1,train,duke,0.397589372,10,0.2578138769771571,0.2510663737806257
Breast_MRI_053,0,3,train,duke,0.4135313365,10,0.24503652252551725,0.25946423927316525
Breast_MRI_056,0,2,train,duke,0.35443998849999997,10,0.2392911037420356,0.22866110794295055
Breast_MRI_057,0,0,train,duke,0.4382372595,10,0.26991741415714493,0.2726455481943695
Breast_MRI_061,1,2,train,duke,0.4451931,10,0.2833612581190496,0.2763982026175561
Breast_MRI_064,0,1,train,duke,0.4504200685,10,0.28448097934988004,0.27923126990815955
Breast_MRI_069,0,3,train,duke,0.508183608,10,0.30543246567223814,0.3114192462286426
Breast_MRI_082,0,4,train,duke,0.44766822400000006,10,0.28011157165342304,0.277738307469237
Breast_MRI_086,0,0,train,duke,0.47815703249999997,10,0.29047037632217726,0.2944717015669561
Breast_MRI_090,0,4,train,duke,0.2630886743,10,0.17633502056951667,0.18191944171876306
Breast_MRI_091,0,1,train,duke,0.4378956155,10,0.2780861219403742,0.2724617313463103
Breast_MRI_097,0,2,train,duke,0.433799035,10,0.27773403541292285,0.27026116197558525
Breast_MRI_099,1,3,train,duke,0.23766827624999998,10,0.14505893209782544,0.16883141083205658
Breast_MRI_101,0,0,train,duke,0.4192606835,10,0.2603521085221312,0.262501850447178
Breast_MRI_103,0,1,train,duke,0.624982597,10,0.3822957159099046,0.38362879113364584
Breast_MRI_104,0,2,train,duke,0.5329033715,10,0.3283329001642808,0.32578421535014596
Breast_MRI_107,0,3,train,duke,0.5589709595000001,10,0.3409128939292347,0.34140221700179313
Breast_MRI_114,0,4,train,duke,0.521090941,10,0.325350525178585,0.3188694809734362
Breast_MRI_115,1,1,train,duke,0.5025494045000001,10,0.3117566234735429,0.3081997241405958
Breast_MRI_117,0,0,train,duke,0.557992716,10,0.33401854208249726,0.34080658662048824
Breast_MRI_119,0,2,train,duke,0.36877875149999995,10,0.2461730888962386,0.23606234284774616
Breast_MRI_123,0,3,train,duke,0.40140941449999995,10,0.23772955580378025,0.25307178749619524
Breast_MRI_129,0,4,train,duke,0.5147162985,10,0.32127997597327845,0.31517668204864674
Breast_MRI_134,1,1,train,duke,0.636314957,10,0.38948471304580456,0.39134250369552315
Breast_MRI_136,0,0,train,duke,0.3445215275,10,0.22352453686715498,0.22356131749284353
Breast_MRI_137,0,2,train,duke,0.38832838599999997,10,0.25558744392104826,0.24622126138972786
Breast_MRI_141,0,3,train,duke,0.3479029205,10,0.20637573246033886,0.22529832820075552
Breast_MRI_142,1,4,train,duke,0.372535269,10,0.23672274489931153,0.23800782568162693
Breast_MRI_144,1,0,train,duke,0.439693966,10,0.2706565848868419,0.27342982645152475
Breast_MRI_148,0,1,train,duke,0.389643914,10,0.25386217152041507,0.24690813268200906
Breast_MRI_150,0,2,train,duke,0.31925319750000003,10,0.2224270656877361,0.21062150673390326
Breast_MRI_156,0,3,train,duke,0.437413986,10,0.2596871413473311,0.2722026751048745
Breast_MRI_157,1,4,train,duke,0.47426061199999997,10,0.2961082676783247,0.2923083875505659
Breast_MRI_160,0,3,train,duke,0.567041334,10,0.34679489703910105,0.3463462349039546
Breast_MRI_163,0,0,train,duke,0.452899074,10,0.27739220807959114,0.2805789920894972
Breast_MRI_167,0,2,train,duke,0.41325744999999997,10,0.2676753991799082,0.25931929933663633
Breast_MRI_168,0,1,train,duke,0.5584590235,10,0.34258239578874966,0.34109041369165677
Breast_MRI_180,0,4,train,duke,0.3147561149,10,0.20460805815814093,0.20832389177101768
Breast_MRI_189,0,1,train,duke,0.5309627994999999,10,0.3271825577004469,0.3246416446220591
Breast_MRI_198,0,2,train,duke,0.42335467,10,0.27260692860361274,0.2646792234283259
Breast_MRI_205,0,0,train,duke,0.37756399150000003,10,0.2396783430466127,0.2406168609025849
Breast_MRI_217,1,4,train,duke,0.43684986099999995,10,0.2737119525424373,0.2718993621068685
Breast_MRI_228,0,3,train,duke,0.3657206205,10,0.21666680845162517,0.23448064695362816
Breast_MRI_233,0,0,train,duke,0.401363115,10,0.2514276190361438,0.25304745652685895
Breast_MRI_234,0,1,train,duke,0.349517444,10,0.2340497900395979,0.22612827088271237
Breast_MRI_237,0,2,train,duke,0.42993366499999996,10,0.2758332538453643,0.2681906610949085
Breast_MRI_239,0,4,train,duke,0.284849058,10,0.1882189900242615,0.1930537730389387
Breast_MRI_240,0,3,train,duke,0.716305946,10,0.4721658780738801,0.45099718447451276
Breast_MRI_244,0,2,train,duke,0.4538672525,10,0.2876714284829998,0.28110607321409226
Breast_MRI_253,1,3,train,duke,0.30961865359999996,10,0.18468688275737255,0.20570020809242445
Breast_MRI_255,1,0,train,duke,0.44413101450000003,10,0.2729126767956978,0.2758239389088682
Breast_MRI_260,0,1,train,duke,0.308522705,10,0.21391620491487104,0.20514062653426202
Breast_MRI_265,0,4,train,duke,0.2875852675,10,0.18971480658031453,0.19445138910207377
Breast_MRI_268,0,0,train,duke,0.47979126699999997,10,0.29132624714527533,0.2953813527173027
Breast_MRI_269,0,1,train,duke,0.456553624,10,0.28763245737922044,0.28257071447867305
Breast_MRI_283,0,3,train,duke,0.8715500304999999,10,0.6624429297225091,0.6138918964486968
Breast_MRI_287,0,2,train,duke,0.495257974,10,0.30861297764435475,0.30406120084003196
Breast_MRI_290,0,4,train,duke,0.3111530485,10,0.20262785535238428,0.20648371723191833
Breast_MRI_293,0,0,train,duke,0.478433392,10,0.2906150218784621,0.29462543243627776
Breast_MRI_298,0,1,train,duke,0.47310723450000003,10,0.29620914767320583,0.29166949738051107
Breast_MRI_301,1,3,train,duke,0.1974112668285,10,0.12321928578591834,0.14775957910562904
Breast_MRI_303,0,2,train,duke,0.48340622099999997,10,0.3025466168789762,0.2973984692961552
Breast_MRI_306,0,4,train,duke,0.26964706299999996,10,0.1799154788791806,0.18527993033687942
Breast_MRI_307,0,2,train,duke,0.441584506,10,0.2815750000303753,0.2744489380222809
Breast_MRI_321,0,0,train,duke,0.41488245399999996,10,0.25816088491364886,0.2601796033778019
Breast_MRI_323,0,1,train,duke,0.5393339659999999,10,0.33181815786288016,0.3295896121421646
Breast_MRI_328,1,4,train,duke,0.531793432,10,0.33225478887811105,0.32513038064726985
Breast_MRI_333,0,3,train,duke,0.5151561545,10,0.31015775427945086,0.31543064406543864
Breast_MRI_350,1,0,train,duke,0.48570512050000003,10,0.29443401210057574,0.29868484138789797
Breast_MRI_356,0,1,train,duke,0.5366111495,10,0.3303055191903963,0.3279747101582613
Breast_MRI_368,0,2,train,duke,0.480533619,10,0.30108529961787484,0.29579502009712266
Breast_MRI_372,0,3,train,duke,0.46938106600000007,5,0.2798830320693972,0.28960997105736613
Breast_MRI_377,1,4,train,duke,0.3477471625,10,0.2228484289843184,0.22521828090909843
Breast_MRI_378,0,0,train,duke,0.4833043695,10,0.2931703776347534,0.29734154255588124
Breast_MRI_383,0,1,train,duke,0.3712985875,10,0.24477914083660166,0.2373670327330146
Breast_MRI_385,0,2,train,duke,0.4235136895,10,0.2726847845322864,0.26476391500885105
Breast_MRI_386,0,4,train,duke,0.5467037175,10,0.3420280484247685,0.3339880863123131
Breast_MRI_387,0,3,train,duke,0.309638319,10,0.18469789289574765,0.2057102493833323
Breast_MRI_397,0,0,train,duke,0.450550328,10,0.27618940434502354,0.279302019946316
Breast_MRI_398,1,1,train,duke,0.563939204,10,0.345714334294507,0.34443939773290594
Breast_MRI_399,0,3,train,duke,0.45297581000000003,10,0.26942991152309986,0.28062075256401947
Breast_MRI_408,1,2,train,duke,0.416789075,6,0.2693976316509279,0.2611901041719231
Breast_MRI_412,0,4,train,duke,0.46762474349999994,10,0.2920789932234248,0.2886415721144914
Breast_MRI_414,0,2,train,duke,0.414367295,10,0.2682163326466793,0.25990677656643496
Breast_MRI_420,1,0,train,duke,0.42022224799999996,10,0.2608340971602983,0.2630127362376217
Breast_MRI_424,1,1,train,duke,0.44995856749999996,10,0.28424439883353264,0.27898066570368524
Breast_MRI_431,0,3,train,duke,0.32689703319999996,10,0.1944097884053916,0.2145297226179605
Breast_MRI_435,0,4,train,duke,0.5183542975,10,0.323599295221003,0.31728091708975475
Breast_MRI_438,1,0,train,duke,0.4746050995,10,0.2886144475052357,0.29249933882911955
Breast_MRI_441,0,1,train,duke,0.3424489465,10,0.23057606971566574,0.22249739640039043
Breast_MRI_444,1,2,train,duke,0.439676987,10,0.28063232977306835,0.2734206802549043
Breast_MRI_450,0,3,train,duke,0.6481450842857143,7,0.41046197464582657,0.39956533571248376
Breast_MRI_454,0,4,train,duke,0.36477839850000005,10,0.23236251243504003,0.23399368592607583
Breast_MRI_464,0,3,train,duke,0.5246605555,10,0.31667001470911216,0.3209490302428528
Breast_MRI_465,0,0,train,duke,0.4961465145,10,0.29996321577844637,0.30456387536079715
Breast_MRI_468,0,1,train,duke,0.52623509,10,0.32458370499713507,0.32186903147410634
Breast_MRI_473,0,2,train,duke,0.3704768605,10,0.2469891670827819,0.23694142638049964
Breast_MRI_480,0,4,train,duke,0.484347902,10,0.3022841745616122,0.2979250543400511
Breast_MRI_482,1,3,train,duke,0.8072244470000001,10,0.5721419498752901,0.5352614383038315
Breast_MRI_486,0,4,train,duke,0.37472794870000004,10,0.2379586083408595,0.23914477012479168
Breast_MRI_489,1,0,train,duke,0.427624176,10,0.2645536754237085,0.26695622361391325
Breast_MRI_491,0,1,train,duke,0.41854561300000004,10,0.26830141206587466,0.2621221325108388
Breast_MRI_501,1,2,train,duke,0.5370187019999999,10,0.3305355014936583,0.32821608704999833
Breast_MRI_506,0,0,train,duke,0.43080929,10,0.26615950514054976,0.26865920277727984
Breast_MRI_508,0,1,train,duke,0.4299591465,10,0.2740597867110166,0.26820429207462554
Breast_MRI_512,1,2,train,duke,0.417215106,10,0.2696055763701152,0.2614160635158377
Breast_MRI_517,0,3,train,duke,0.384646417,10,0.22775671467054706,0.24430112927636255
Breast_MRI_521,0,4,train,duke,0.192589512275,10,0.1376115973570604,0.14519420681526796
Breast_MRI_525,1,4,train,duke,0.4522698715,10,0.28285187097133224,0.28023667091291
Breast_MRI_527,0,0,train,duke,0.44259625299999994,10,0.27213150558296334,0.274994920162542
Breast_MRI_530,0,1,train,duke,0.3524154105,10,0.23547485696084047,0.22761893298837563
Breast_MRI_534,0,2,train,duke,0.458212586,10,0.2898398070037996,0.28347681066795377
Breast_MRI_539,1,3,train,duke,0.6062115895,10,0.3764363001698988,0.371176873502041
Breast_MRI_541,0,0,train,duke,0.39423060200000004,10,0.24789363402250744,0.2493064926744392
Breast_MRI_543,0,3,train,duke,0.448032201,10,0.2663171912678291,0.27793559199509693
Breast_MRI_558,0,1,train,duke,0.530089853,10,0.32670167199295247,0.32412853152509297
Breast_MRI_559,1,4,train,duke,0.23765431825,10,0.16243805576455198,0.16882418920203354
Breast_MRI_560,0,2,train,duke,0.39115381,10,0.2569521467813895,0.247697039004108
Breast_MRI_562,1,0,train,duke,0.5579527265,10,0.3339956900641571,0.34078225445349014
Breast_MRI_568,0,1,train,duke,0.3951265515,10,0.2565876836444818,0.24977563696748262
Breast_MRI_573,0,2,train,duke,0.417010052,10,0.2695054849111417,0.2613072989252918
Breast_MRI_577,1,3,train,duke,0.565201391,10,0.3454475005550921,0.34521426693118734
Breast_MRI_585,0,4,train,duke,0.42993967980000003,10,0.2696542950555187,0.26819387860818855
Breast_MRI_590,0,3,train,duke,0.8738507959999999,10,0.666113723775606,0.6171659378411908
Breast_MRI_592,0,0,train,duke,0.37402378000000003,10,0.23794009261845223,0.23877953352618775
Breast_MRI_595,0,1,train,duke,0.4565485185,10,0.2876298284427186,0.282567927853009
Breast_MRI_596,0,2,train,duke,0.41415110550000006,10,0.2681109419867811,0.2597923090045065
Breast_MRI_597,0,4,train,duke,0.29604068535,10,0.19434090377566857,0.19876863572168724
Breast_MRI_600,0,1,train,duke,0.54030411,10,0.33235826644970323,0.3301663123680804
Breast_MRI_605,0,0,train,duke,0.429030662,10,0.2652623786518735,0.2677077667986608
Breast_MRI_607,0,3,train,duke,0.5159701680000001,10,0.31071225452523615,0.3159009623746241
Breast_MRI_609,0,4,train,duke,0.5121910885000001,10,0.3196758452344531,0.31372106954267814
Breast_MRI_610,0,2,train,duke,0.6276942099999999,10,0.3821709284492699,0.3854605481165095
Breast_MRI_612,0,0,train,duke,0.46832748849999994,10,0.28534824445042684,0.2890288715497798
Breast_MRI_614,1,1,train,duke,0.4947326875,10,0.3075889027883395,0.30376424228813814
Breast_MRI_615,1,2,train,duke,0.418942912,10,0.27044933563265205,0.2623330854955312
Breast_MRI_618,0,3,train,duke,0.2985665565,10,0.178517836854579,0.20005804289318796
Breast_MRI_623,0,4,train,duke,0.43312235499999996,10,0.2715203325251332,0.26989828909880464
Breast_MRI_626,0,0,train,duke,0.4616163975,10,0.28187543899945255,0.28533983066404917
Breast_MRI_633,1,1,train,duke,0.392391712,10,0.2552274433025588,0.2483442762717193
Breast_MRI_640,0,4,train,duke,0.566796066,10,0.35550465729430575,0.3461951754603108
Breast_MRI_642,0,2,train,duke,0.465633435,10,0.29355796046142174,0.28754540312593374
Breast_MRI_648,0,3,train,duke,0.567258789,10,0.34695439180210363,0.34648020728555007
Breast_MRI_650,0,2,train,duke,0.46323669049999994,10,0.2923549607544785,0.2862285492664608
Breast_MRI_651,0,0,train,duke,0.44260664666666666,6,0.27213679295445853,0.2750005311860909
Breast_MRI_652,1,1,train,duke,0.54220799,10,0.33341999487259344,0.3313000883682737
Breast_MRI_656,1,3,train,duke,0.585194972,10,0.3602984565204762,0.357673874814557
Breast_MRI_660,0,4,train,duke,0.2976151055,10,0.19520301958359287,0.19957235271946122
Breast_MRI_662,0,2,train,duke,0.348391822,10,0.23639173145029327,0.225549607373159
Breast_MRI_666,0,4,train,duke,0.43731036850000005,10,0.27398317868955996,0.27214695377388415
Breast_MRI_670,0,0,train,duke,0.504466779,10,0.3044098475681842,0.30929320546544226
Breast_MRI_677,0,1,train,duke,0.478872829,10,0.29922265817236915,0.2948699597594583
Breast_MRI_679,0,3,train,duke,0.517295418,10,0.31161629390746665,0.3166675740384447
Breast_MRI_681,0,0,train,duke,0.3932147095,10,0.24739123272205,0.24877480543393135
Breast_MRI_684,0,2,train,duke,0.38650017449999996,10,0.25470502320467037,0.24526743408666887
Breast_MRI_685,0,4,train,duke,0.23665853195,10,0.1618930782763278,0.16830886762566888
Breast_MRI_687,0,1,train,duke,0.386290102,10,0.2521976320505648,0.24515788727039234
Breast_MRI_693,0,3,train,duke,0.19699110057,10,0.12299158064831496,0.1475364608530608
Breast_MRI_694,0,1,train,duke,0.368844765,10,0.24356788351408554,0.23609650607967297
Breast_MRI_697,0,0,train,duke,0.44413661600000004,10,0.27291552943764774,0.2758269663892909
Breast_MRI_705,0,2,train,duke,0.324934752,10,0.2251514567746713,0.21352602487644143
Breast_MRI_717,0,4,train,duke,0.31873433585,10,0.20679675465573666,0.21035635815430617
Breast_MRI_723,0,3,train,duke,0.431215904,10,0.2558510332160055,0.268876876503842
Breast_MRI_724,0,0,train,duke,0.4896672605,10,0.29652567072525926,0.30090860487664994
Breast_MRI_735,1,1,train,duke,0.3567007795,10,0.23758334690653762,0.22982565563263835
Breast_MRI_746,0,3,train,duke,0.773491737,10,0.5320829317485943,0.5012612655800458
Breast_MRI_757,0,2,train,duke,0.4507860205,10,0.28613763233662515,0.2794300541342751
Breast_MRI_758,0,4,train,duke,0.435824694,10,0.27310852814797315,0.2713484780196473
Breast_MRI_762,0,2,train,duke,0.23017209649999998,10,0.17903595987281926,0.16494610983966407
Breast_MRI_774,1,0,train,duke,0.460567758,10,0.2813345065883909,0.28476530873606176
Breast_MRI_776,0,1,train,duke,0.43019501050000003,10,0.2741791727023418,0.26833047570894536
Breast_MRI_778,0,3,train,duke,0.5408047144999999,10,0.32792867384663327,0.33046416661214073
Breast_MRI_789,0,4,train,duke,0.6912829585,10,0.4493346739713486,0.4312233101874006
Breast_MRI_805,0,1,train,duke,0.466894701,10,0.29297761233700736,0.2882394802584169
Breast_MRI_809,0,0,train,duke,0.43869479800000005,10,0.2701495015356184,0.2728917925236438
Breast_MRI_812,1,2,train,duke,0.5203701395,10,0.32168485963495863,0.31845059301759004
Breast_MRI_816,0,4,train,duke,0.579032895,10,0.3638985623384312,0.3537955983270262
Breast_MRI_817,1,3,train,duke,0.37670235,10,0.2230807616100954,0.24016942464622645
Breast_MRI_830,1,0,train,duke,0.4557420965,10,0.2788510050863343,0.28212792210021753
Breast_MRI_831,0,1,train,duke,0.520897132,10,0.32166539958063006,0.3187568166912442
Breast_MRI_836,0,2,train,duke,0.5549801091666667,6,0.3402713654620939,0.3389771349919202
Breast_MRI_847,0,3,train,duke,0.417499091,10,0.24744654644610134,0.26156671783994195
Breast_MRI_851,0,4,train,duke,0.2643187852,10,0.17700657257509664,0.18255013624824665
Breast_MRI_857,0,2,train,duke,0.4097389185,10,0.2659622085266408,0.25745943852310893
Breast_MRI_860,0,0,train,duke,0.562093605,10,0.3363684664889157,0.34330876502987895
Breast_MRI_865,0,4,train,duke,0.5322138384999999,10,0.33252784366489635,0.32537792836549406
Breast_MRI_874,0,1,train,duke,0.47079084800000004,10,0.2950023951948018,0.2903883811704198
Breast_MRI_877,0,3,train,duke,0.3196302723,10,0.19030832362941003,0.2108142093794108
Breast_MRI_879,0,2,train,duke,0.48440575500000005,10,0.3030558930782986,0.2979574209850115
Breast_MRI_882,1,0,train,duke,0.483730439,10,0.2933944353426869,0.29757971763384894
Breast_MRI_883,1,1,train,duke,0.316843776,10,0.21800398336370735,0.20939037247584746
Breast_MRI_884,0,3,train,duke,0.404738121,10,0.2397278416035682,0.25482271211679375
Breast_MRI_891,0,4,train,duke,0.6510542455,10,0.4167051198367751,0.40161539463081136
Breast_MRI_899,0,0,train,duke,0.5072225214999999,10,0.30589092749055175,0.3108686934432119
Breast_MRI_900,0,2,train,duke,0.4392378245,10,0.28041545083624153,0.27318415335371166
Breast_MRI_901,0,4,train,duke,0.5325132404999999,10,0.3327223925421646,0.32555430095344035
Breast_MRI_914,0,1,train,duke,0.4432483815,10,0.28081281218223947,0.2753470571073123
Breast_MRI_916,0,3,train,duke,0.6891978974999999,10,0.4465440236740454,0.42962623148600904
ISPY1_1001,0,0,train,spy1,0.375634729,10,0.23873080322602172,0.2396152553922242
ISPY1_1002,0,1,train,spy1,0.2880075165,10,0.20381604378248316,0.1946670384062552
ISPY1_1003,0,2,train,spy1,0.392501091,10,0.25760332010087733,0.24840148458176528
ISPY1_1005,0,3,train,spy1,0.58875567,10,0.36299326781848607,0.3599310804065375
ISPY1_1007,0,4,train,spy1,0.2912565705,10,0.19172268625441835,0.19632616254393861
ISPY1_1008,0,1,train,spy1,0.30626316449999996,10,0.21280554925441483,0.20398702042556258
ISPY1_1011,1,2,train,spy1,0.414490672,10,0.26827648250112796,0.2599721087927779
ISPY1_1012,0,0,train,spy1,0.444356112,10,0.27302731981079115,0.2759456090308758
ISPY1_1025,0,3,train,spy1,0.35039887319999996,10,0.20780915076734896,0.22658152863266712
ISPY1_1027,0,4,train,spy1,0.623657927,10,0.39586569433600804,0.38273707067250046
ISPY1_1029,0,1,train,spy1,0.41169564200000003,10,0.26486201367677925,0.25849325659433403
ISPY1_1031,0,2,train,spy1,0.349512395,10,0.23692880780901765,0.22612567486355323
ISPY1_1034,0,4,train,spy1,0.277773322665,10,0.1843529526550655,0.18943765715219735
ISPY1_1035,0,0,train,spy1,0.563113639,10,0.336954984217615,0.3439332973403247
ISPY1_1036,0,3,train,spy1,0.3808170725,10,0.22549883439821536,0.24230765083688607
ISPY1_1037,0,1,train,spy1,0.3314600175,10,0.22517983370588518,0.21686492377824165
ISPY1_1038,0,2,train,spy1,0.42356980699999996,10,0.2727122611185752,0.2647938045347662
ISPY1_1040,0,0,train,spy1,0.3808639835,10,0.24130064851234934,0.24233205070146632
ISPY1_1053,0,3,train,spy1,0.6070914945,10,0.37712446384673354,0.37175198188415975
ISPY1_1054,0,4,train,spy1,0.449385484,10,0.281132906642509,0.2786695968976007
ISPY1_1056,0,0,train,spy1,0.41591026500000006,10,0.25867479389816744,0.2607241894977824
ISPY1_1060,0,1,train,spy1,0.5270303015,10,0.3250198947009364,0.322334314980315
ISPY1_1061,0,4,train,spy1,0.3692734472,10,0.23488703152890517,0.236318378521279
ISPY1_1062,0,2,train,spy1,0.3618547285,10,0.24284807231739775,0.23248372925394123
ISPY1_1064,0,4,train,spy1,0.260448997905,10,0.17489390892793813,0.18056537456002944
ISPY1_1066,0,3,train,spy1,0.6212772025000001,10,0.38836542531026097,0.3811395469830698
ISPY1_1069,0,0,train,spy1,0.42078665400000004,10,0.26111713529900116,0.26331275638783447
ISPY1_1070,1,1,train,spy1,0.40302001150000005,10,0.2605220845555662,0.2539185657015313
ISPY1_1072,0,3,train,spy1,0.13497235536500002,10,0.0891528259420991,0.11341538939393792
ISPY1_1074,0,2,train,spy1,0.42932463500000007,10,0.2755341250120869,0.26786494023389723
ISPY1_1075,1,0,train,spy1,0.366800976,10,0.2344000779515481,0.23503920836366965
ISPY1_1077,1,1,train,spy1,0.4570408985,10,0.28788341030933084,0.2828367268647036
ISPY1_1078,1,3,train,spy1,0.25868016665,10,0.1565205272529249,0.17965748310277932
ISPY1_1084,0,4,train,spy1,0.40153642749999996,10,0.253200188688335,0.25313853762023963
ISPY1_1087,1,2,train,spy1,0.444432477,10,0.282984424089724,0.2759868907211078
ISPY1_1089,0,0,train,spy1,0.5004520345,10,0.302259587542879,0.3070060978961459
ISPY1_1097,0,1,train,spy1,0.478836594,10,0.29920367444859775,0.29484979280607854
ISPY1_1099,1,2,train,spy1,0.402474117,10,0.26243281080281594,0.2536314742807288
ISPY1_1100,0,3,train,spy1,0.4684749685,10,0.2793005779568112,0.2891101815720728
ISPY1_1101,0,4,train,spy1,0.40824132855000006,10,0.25705376759036264,0.2566690112980845
ISPY1_1103,1,3,train,spy1,0.3828334683,10,0.22668684082378374,0.24335690843207808
ISPY1_1104,1,0,train,spy1,0.47998542000000005,10,0.2914280109333479,0.29548951459104705
ISPY1_1107,0,4,train,spy1,0.36695699535,10,0.23358531499457938,0.2351198916400668
ISPY1_1112,1,1,train,spy1,0.39529881,10,0.25667340899364965,0.24986586140273973
ISPY1_1114,0,2,train,spy1,0.422498586,10,0.2721878949819053,0.26422343738203763
ISPY1_1120,0,0,train,spy1,0.3846907805,10,0.24318449003610085,0.24432424468856087
ISPY1_1122,0,1,train,spy1,0.46233378500000005,10,0.2906150617161617,0.2857331615632571
ISPY1_1124,0,2,train,spy1,0.4734243245,10,0.2974830936349262,0.2918450766521623
ISPY1_1128,0,3,train,spy1,0.352776300975,10,0.20917691747920247,0.22780465833736976
ISPY1_1130,1,4,train,spy1,0.47653371099999997,10,0.2974945159698944,0.29356948574875597
ISPY1_1134,0,0,train,spy1,0.394642866,10,0.24809758145109753,0.24952233858186262
ISPY1_1135,0,1,train,spy1,0.4636251585,10,0.2912831638828214,0.28644180322687995
ISPY1_1139,1,2,train,spy1,0.45824926050000003,10,0.2898581351849379,0.2834968556728218
ISPY1_1140,0,3,train,spy1,0.37816360295,10,0.2239385398987313,0.24092832759575267
ISPY1_1141,0,4,train,spy1,0.39115001075,10,0.24726487325827298,0.24769505318634993
ISPY1_1144,1,4,train,spy1,0.548280809,10,0.34307278252672524,0.3349346629758111
ISPY1_1147,0,0,train,spy1,0.405774215,10,0.2536193382444525,0.25536837772696236
ISPY1_1148,1,1,train,spy1,0.706974208,10,0.4380389259206995,0.44348703605138456
ISPY1_1152,0,2,train,spy1,0.44071366100000003,10,0.28114450874173785,0.27397932363620753
ISPY1_1155,1,3,train,spy1,0.5683847945,10,0.3477811279799059,0.34717457663149964
ISPY1_1156,1,4,train,spy1,0.16137815184999998,10,0.12007115495963126,0.12828036384503702
ISPY1_1159,0,0,train,spy1,0.429571993,10,0.26553531399599106,0.267997215496746
ISPY1_1161,0,1,train,spy1,0.31881025350000003,10,0.21896962224698344,0.21039515260004135
ISPY1_1164,0,2,train,spy1,0.4170349525,10,0.2695176388996931,0.26132050588126454
ISPY1_1167,0,3,train,spy1,0.39976668449999997,10,0.2367456379227954,0.25220889081354986
ISPY1_1169,0,3,train,spy1,0.219283787585,10,0.13507432599118954,0.15927509286065752
ISPY1_1173,0,0,train,spy1,0.4718626645,10,0.2871854185881848,0.2909808370199351
ISPY1_1176,1,1,train,spy1,0.431414748,10,0.27479682169577746,0.2689833466645524
ISPY1_1177,1,2,train,spy1,0.4899488975,10,0.30588791787157255,0.3010670020203836
ISPY1_1179,0,4,train,spy1,0.5603140695,10,0.35111668764339216,0.34222127798528873
ISPY1_1181,0,2,train,spy1,0.4240288945,10,0.27293707106067094,0.26503836722317087
ISPY1_1183,0,0,train,spy1,0.45949910850000003,10,0.2807837175864767,0.2841803442536279
ISPY1_1184,1,1,train,spy1,0.590468604,10,0.36120658527145194,0.3610212567361535
ISPY1_1187,0,3,train,spy1,0.6226972395000001,10,0.3895062526356382,0.3820916415321974
ISPY1_1188,0,4,train,spy1,0.5908293895,10,0.3721338019902477,0.36125123489206634
ISPY1_1189,1,0,train,spy1,0.41830792,10,0.2598747983354154,0.2619959506890121
ISPY1_1191,0,3,train,spy1,0.4051000785,10,0.2399455018319782,0.2550133026820737
ISPY1_1193,0,1,train,spy1,0.612265105,10,0.3743902840940547,0.37515015199633045
ISPY1_1194,0,2,train,spy1,0.41742696850000005,10,0.26970900115632873,0.26152845422543153
ISPY1_1196,0,4,train,spy1,0.4655848635,10,0.2908455545404547,0.2875186893001814
ISPY1_1197,0,2,train,spy1,0.4827886865,10,0.3022321834185691,0.29705340203608877
ISPY1_1198,0,0,train,spy1,0.41468170249999997,10,0.25806054316794574,0.26007327560731036
ISPY1_1199,0,1,train,spy1,0.511164051,10,0.316386190422421,0.3131302036692044
ISPY1_1204,0,3,train,spy1,0.446504731,10,0.26535880100430936,0.2771080393196179
ISPY1_1205,0,4,train,spy1,0.40743507279999996,10,0.25658942878830676,0.2562437576611946
ISPY1_1208,1,0,train,spy1,0.43394216300000005,10,0.2677422132806376,0.2703379373798062
ISPY1_1212,1,2,train,spy1,0.7043149635,10,0.43240625070949457,0.4413772924286572
ISPY1_1215,1,1,train,spy1,0.6279127045,10,0.3841410507810665,0.3856085232518978
ISPY1_1217,0,4,train,spy1,0.34341689875000003,10,0.2204412406363592,0.22299420742629714
ISPY1_1218,0,3,train,spy1,0.47029600450000003,10,0.2804717902768313,0.2901150428806281
ISPY1_1219,0,3,train,spy1,0.38788119,10,0.2296697741013603,0.2459878692892573
ISPY1_1222,0,0,train,spy1,0.43876489750000003,10,0.27018506607563403,0.27292952693427874
ISPY1_1223,0,1,train,spy1,0.493432621,10,0.30689866438141106,0.3030299538668514
ISPY1_1225,0,2,train,spy1,0.438554338,10,0.28007802334320847,0.2728161890504676
ISPY1_1227,1,4,train,spy1,0.7864786125000001,10,0.5397489923094257,0.5138989504465054
ISPY1_1228,1,2,train,spy1,0.40160837699999996,10,0.26201288484170004,0.2531763518771607
ISPY1_1230,0,0,train,spy1,0.29421213549999997,10,0.19907025873124146,0.19783514693155996
ISPY1_1231,0,1,train,spy1,0.3747499105,10,0.24648410646317548,0.23915616294501718
ISPY1_1233,0,3,train,spy1,0.36825625405,10,0.21814275964355923,0.23579197131879648
ISPY1_1235,1,4,train,spy1,0.2541015867,10,0.17142803780524188,0.17730524628861952
ISPY1_1236,0,2,train,spy1,0.470890161,10,0.296203845926292,0.290443253498509
ISPY1_1237,0,0,train,spy1,0.3833435585,10,0.24252096286289335,0.24362249368253205
ISPY1_1238,0,1,train,spy1,0.361095698,10,0.23974740227820085,0.23209197709512652
ISPY1_1239,0,3,train,spy1,0.432843819,10,0.2568562081293952,0.26974897333801123
ISPY2-100899,0,4,train,spy2,0.6632949079999999,10,0.426359988866537,0.4103685746979551
ISPY2-102011,1,3,train,spy2,0.32508904275,10,0.19338759937009123,0.2136049329863626
ISPY2-103693,0,0,train,spy2,0.47622256900000004,10,0.2894588763500045,0.29339671182177096
ISPY2-104384,0,2,train,spy2,0.431771105,10,0.27673631247322894,0.2691741935255971
ISPY2-105286,0,1,train,spy2,0.6152053654999999,10,0.37620336972548674,0.37709431443804653
ISPY2-105513,1,4,train,spy2,0.42746931200000005,10,0.26820915904432063,0.26687351751749594
ISPY2-108939,1,0,train,spy2,0.400052088,10,0.2507771389627644,0.25235875247711637
ISPY2-109623,0,1,train,spy2,0.44523848050000003,10,0.28182895651197726,0.27642274998359634
ISPY2-109980,1,2,train,spy2,0.4666648725,10,0.2940763112205738,0.2881129485504682
ISPY2-111004,0,3,train,spy2,0.4693275725,10,0.2798486286088406,0.2895804537782509
ISPY2-111646,0,2,train,spy2,0.624658659,10,0.3803270545462601,0.3834105392679982
ISPY2-111881,1,4,train,spy2,0.45227815,10,0.282856810922912,0.28024117375780033
ISPY2-114087,0,4,train,spy2,0.4969910125,10,0.3101162339290457,0.30504205348784796
ISPY2-115638,0,0,train,spy2,0.3899125455,10,0.2457597336314232,0.24704844682373991
ISPY2-117424,1,3,train,spy2,0.761533738,10,0.5188004013268609,0.49006889625516104
ISPY2-117707,1,1,train,spy2,0.545348599,10,0.33517662254399266,0.33317625452260097
ISPY2-120001,0,2,train,spy2,0.3433390515,10,0.23397042153657807,0.22295424710340464
ISPY2-120422,1,0,train,spy2,0.42597103399999997,10,0.26372148542420326,0.2660738007876649
ISPY2-122287,1,1,train,spy2,0.314938604,10,0.21706832616937916,0.20841710793945106
ISPY2-122579,0,2,train,spy2,0.577429618,10,0.3527474577237896,0.3527922322484167
ISPY2-122795,0,3,train,spy2,0.490083178,10,0.2933622179779691,0.3011425389542951
ISPY2-125130,1,4,train,spy2,0.659517271,10,0.423356268313002,0.4076447980916403
ISPY2-125418,0,2,train,spy2,0.5356639385,10,0.32980929676616744,0.3274141778828608
ISPY2-127675,0,0,train,spy2,0.375078624,10,0.23845779729378466,0.23932669763629316
ISPY2-127791,0,1,train,spy2,0.6040002075,10,0.3693390830648242,0.36973509542743177
ISPY2-128051,0,3,train,spy2,0.19436128985,10,0.12156627502370959,0.14613813033758563
ISPY2-128675,1,4,train,spy2,0.614860873,10,0.38938169829826735,0.3768660376287206
ISPY2-129837,0,0,train,spy2,0.41393903400000004,10,0.25768943260978977,0.2596800366196167
ISPY2-129973,1,2,train,spy2,0.44281404249999995,10,0.2821831856625889,0.2751125030659859
ISPY2-130892,1,4,train,spy2,0.25642804524999996,10,0.17269847811456573,0.1785008669357686
ISPY2-131595,0,1,train,spy2,0.5468831805,10,0.3360373496508773,0.3340957047776299
ISPY2-132463,1,3,train,spy2,0.3430124513,10,0.20357453910977827,0.22278660617121038
ISPY2-133650,0,0,train,spy2,0.416247629,10,0.25884354214520316,0.26090301793283227
ISPY2-134526,1,1,train,spy2,0.35487993650000005,10,0.23668727215682148,0.22888766256817908
ISPY2-136536,1,3,train,spy2,0.3854757095,10,0.22824665570741082,0.2447333083161655
ISPY2-138425,1,2,train,spy2,0.505164822,10,0.3137326909013998,0.30969184882705064
ISPY2-139771,1,4,train,spy2,0.6187978295,10,0.39227168356255987,0.37948270890836616
ISPY2-141782,0,0,train,spy2,0.41070146799999996,10,0.25607340035394616,0.2579678420744163
ISPY2-142688,0,1,train,spy2,0.45947972249999997,10,0.28914076717626547,0.2841697374442276
ISPY2-145513,0,2,train,spy2,0.44356387550000004,10,0.28255430798570996,0.2755174801474949
ISPY2-146033,1,3,train,spy2,0.625160711,10,0.3914922592814313,0.3837488468028318
ISPY2-147139,1,4,train,spy2,0.4142947287,10,0.2605485864305564,0.25986835261587754
ISPY2-149654,0,2,train,spy2,0.425197909,10,0.27350975722199017,0.2656614554009116
ISPY2-151230,0,0,train,spy2,0.37178674300000003,10,0.236842796262977,0.2376199348536093
ISPY2-151980,1,4,train,spy2,0.326092592,10,0.21085202702100542,0.21411821783783433
ISPY2-153327,1,1,train,spy2,0.5500045809999999,10,0.33779302845735937,0.3359714668680511
ISPY2-154293,0,3,train,spy2,0.46578403049999995,10,0.27757438371841536,0.28762823623544975
ISPY2-155171,0,0,train,spy2,0.4512778825,10,0.2765617614607968,0.2796973232427195
ISPY2-157270,0,1,train,spy2,0.5384938945,10,0.3313509558024531,0.3290907903635628
ISPY2-157463,0,3,train,spy2,0.420187112,10,0.24908453941643074,0.2629940626795136
ISPY2-159284,0,2,train,spy2,0.4220287615,10,0.2719580014298845,0.26397340784433393
ISPY2-159352,0,4,train,spy2,0.39576147,10,0.24989511338944334,0.2501082306440239
ISPY2-160120,0,0,train,spy2,0.42528579750000006,10,0.2633767883082743,0.2657083198737199
ISPY2-164468,0,1,train,spy2,0.38965611299999997,10,0.2538682296722237,0.2469145041751239
ISPY2-166412,0,2,train,spy2,0.45479142899999997,10,0.28813207639546146,0.2816095840021013
ISPY2-166782,0,3,train,spy2,0.464140801,10,0.27652289538324604,0.2867249805169379
ISPY2-167271,0,4,train,spy2,0.3789202,10,0.24032574927252826,0.24132145627176
ISPY2-172168,0,2,train,spy2,0.533800952,10,0.3288124479569391,0.32631359198607596
ISPY2-172283,0,0,train,spy2,0.486678765,10,0.29494729065738984,0.2992305103401055
ISPY2-174903,0,1,train,spy2,0.554330838,10,0.34023751205232006,0.3385838075340341
ISPY2-174904,0,3,train,spy2,0.7129403950000001,10,0.46889823368591577,0.44826910411378973
ISPY2-177795,1,4,train,spy2,0.6625746785000001,10,0.4257856176676046,0.40984769127201054
ISPY2-178649,1,0,train,spy2,0.48734238100000005,10,0.2952973980056405,0.29960272142201644
ISPY2-178815,0,1,train,spy2,0.483937245,10,0.3018816457937217,0.29769535810871617
ISPY2-180027,1,2,train,spy2,0.45034011749999997,10,0.2859159215234072,0.27918784838398125
ISPY2-181442,0,3,train,spy2,0.3398064515,10,0.20174338178738702,0.22114170720904838
ISPY2-182346,0,4,train,spy2,0.49567044950000005,10,0.30929325046643974,0.3042944946603415
ISPY2-183831,1,0,train,spy2,0.4608271415,10,0.2814682652748893,0.28490737089315255
ISPY2-188091,1,4,train,spy2,0.518301064,10,0.3235652861756069,0.3172500648197179
ISPY2-188511,0,1,train,spy2,0.5953618055,10,0.36412832637435616,0.36415118183535966
ISPY2-190224,0,2,train,spy2,0.43542657949999997,10,0.2785355792994132,0.2711346568816431
ISPY2-192548,0,3,train,spy2,0.3484166965,10,0.2066705819140438,0.22556239295728295
ISPY2-194024,1,0,train,spy2,0.44278419399999996,10,0.27222711920520737,0.2750963869451212
ISPY2-196024,0,1,train,spy2,0.387267151,10,0.2526823509708583,0.24566748403297078
ISPY2-199115,0,2,train,spy2,0.6306693925,10,0.38398739255103764,0.3874803683119251
ISPY2-199960,0,3,train,spy2,0.3718949115,10,0.22026596539481674,0.23767598118458508
ISPY2-200222,0,4,train,spy2,0.551972251,10,0.34552665283471684,0.3371577902772865
ISPY2-201831,1,1,train,spy2,0.5676237065,10,0.34783260603593524,0.34670512080943955
ISPY2-201873,1,3,train,spy2,0.46200786850000003,10,0.2751609829724911,0.2855544376802348
ISPY2-202539,1,4,train,spy2,0.31046219225,10,0.20224838480056567,0.20613093545779
ISPY2-202956,1,0,train,spy2,0.41883827500000004,10,0.26014046000887686,0.26227752143161115
ISPY2-203254,0,2,train,spy2,0.47094416800000005,10,0.2962310831160311,0.29047309543269806
ISPY2-204939,1,1,train,spy2,0.509610688,10,0.3155484900594212,0.31223779009624336
ISPY2-208265,1,3,train,spy2,0.591827798,10,0.36533093556057344,0.3618883153508005
ISPY2-209397,0,4,train,spy2,0.5590542565,10,0.35026840306944385,0.3414529706464736
ISPY2-211408,1,0,train,spy2,0.509863928,10,0.30731455358610593,0.31238317506591196
ISPY2-212307,0,2,train,spy2,0.4786773205,10,0.3001427837767937,0.29476115558449945
ISPY2-213328,1,1,train,spy2,0.516698133,10,0.31938135520218275,0.3163219247790986
ISPY2-213672,0,0,train,spy2,0.47814495700000004,10,0.2904640568601503,0.2944649852092284
ISPY2-218249,0,2,train,spy2,0.3078440865,10,0.21694982605288046,0.20479414608292978
ISPY2-220664,1,3,train,spy2,0.519320475,10,0.31300081871332597,0.317841201292531
ISPY2-221375,0,4,train,spy2,0.5452387625,10,0.3410595245140298,0.3331105141151156
ISPY2-225836,0,0,train,spy2,0.47074407449999994,10,0.2866035094027268,0.29036253959818786
ISPY2-227832,0,1,train,spy2,0.38032375749999997,10,0.24924113888465602,0.24205109349814197
ISPY2-228192,0,2,train,spy2,0.47159062050000006,10,0.29655719266048675,0.29083040866650534
ISPY2-228340,0,1,train,spy2,0.49307022749999996,10,0.3067064063371884,0.3028254413775693
ISPY2-229328,0,3,train,spy2,0.6248715185,10,0.3912586610581978,0.38355393869008275
ISPY2-229824,0,4,train,spy2,0.4591502805,10,0.2869703029509576,0.2839895135652801
ISPY2-231633,1,0,train,spy2,0.49294004650000006,10,0.29825934593913644,0.30275199333972497
ISPY2-233832,0,1,train,spy2,0.5501720315,10,0.3378874019417557,0.33607230657832743
ISPY2-233962,1,2,train,spy2,0.5626578600000001,10,0.344497745112432,0.3436541323661576
ISPY2-234272,0,3,train,spy2,0.367977389,10,0.217980292131046,0.23564769207712877
ISPY2-235995,1,4,train,spy2,0.5149933225,10,0.321456240018678,0.31533661445682837
ISPY2-238790,0,1,train,spy2,0.40690631900000007,10,0.2624640553870441,0.2559649788022004
ISPY2-239061,0,0,train,spy2,0.43938127399999993,10,0.2704978544799187,0.2732614048590293
ISPY2-241705,0,2,train,spy2,0.48475818099999995,10,0.30323555903671934,0.2981546291753545
ISPY2-242370,1,3,train,spy2,0.707991925,10,0.4641397953223373,0.44429796024938495
ISPY2-243836,1,4,train,spy2,0.510212604,10,0.318422271396709,0.31258341500348524
ISPY2-245655,0,0,train,spy2,0.3798313795,10,0.24079279715128274,0.24179507982973827
ISPY2-247641,0,1,train,spy2,0.5376078879999999,10,0.33085869853377464,0.32856525057158475
ISPY2-248255,0,4,train,spy2,0.47637105250000006,10,0.29739521493845905,0.2934791570228556
ISPY2-250274,0,2,train,spy2,0.5574619245,10,0.3416331160779282,0.3404837246683619
ISPY2-252748,1,3,train,spy2,0.6635778495,10,0.42367469302771865,0.41057340837589235
ISPY2-254060,1,0,train,spy2,0.5160750249999999,10,0.3106779023143263,0.3159615772865293
ISPY2-254273,0,1,train,spy2,0.46283157150000004,10,0.290872518763944,0.2860062297991167
ISPY2-255078,0,2,train,spy2,0.3502765605,10,0.2372950868642653,0.22651862482685917
ISPY2-255535,0,3,train,spy2,0.30536008259999997,10,0.1823054624953353,0.2035259823678714
ISPY2-257735,0,4,train,spy2,0.6347634005,10,0.4041912557732495,0.3902771922786957
ISPY2-259206,0,0,train,spy2,0.36732294200000004,10,0.23465563084481855,0.23530915463930016
ISPY2-259899,0,1,train,spy2,0.3946158385,10,0.256333558637942,0.24950818658853938
ISPY2-261304,0,2,train,spy2,0.4279846055,10,0.2748762986629323,0.26714874703955915
ISPY2-262131,0,3,train,spy2,0.392384485,10,0.23234199192424415,0.24834049645823444
ISPY2-264678,0,4,train,spy2,0.561859928,10,0.3521595823156993,0.3431658141221637
ISPY2-266509,1,1,train,spy2,0.592235426,10,0.36225912182776765,0.36214869975570946
ISPY2-267306,1,2,train,spy2,0.4664710155,10,0.29397885836248094,0.28800624055261004
ISPY2-268937,1,0,train,spy2,0.352371059,10,0.22734979445671785,0.22759610973657332
ISPY2-273691,1,3,train,spy2,0.544143971,10,0.33028964403850203,0.3324557468797354
ISPY2-273745,0,4,train,spy2,0.7305088965,10,0.4839773929905135,0.4627648088394972
ISPY2-277848,0,0,train,spy2,0.377254501,10,0.23952629555888172,0.24045612847055411
ISPY2-279902,1,1,train,spy2,0.531583547,10,0.32752479740545465,0.3250068406811347
ISPY2-282082,1,3,train,spy2,0.38204777935,10,0.2262236936309789,0.24294795064567898
ISPY2-282644,0,2,train,spy2,0.46356124649999997,10,0.2925177445773818,0.28640671313918104
ISPY2-282777,0,4,train,spy2,0.682079201,10,0.4416336254440979,0.42422823790660624
ISPY2-286984,0,0,train,spy2,0.43980883849999997,10,0.2707149056865566,0.2734917086400097
ISPY2-287300,1,1,train,spy2,0.45025853399999993,10,0.2843981629826389,0.2791435430753042
ISPY2-289107,1,2,train,spy2,0.43033064750000005,10,0.2760282862724648,0.2684030487713606
ISPY2-290413,0,3,train,spy2,0.579889368,10,0.3563116884697778,0.3543325535712255
ISPY2-291515,0,4,train,spy2,0.539866799,10,0.3375236229425199,0.32990626811193435
ISPY2-294176,1,4,train,spy2,0.39673606699999997,10,0.2504520004129069,0.25061897611978895
ISPY2-294265,1,0,train,spy2,0.453570313,10,0.2777363449579868,0.28094437418594115
ISPY2-299364,0,3,train,spy2,0.47615806549999995,10,0.28425896635771586,0.29336089986127756
ISPY2-299840,0,1,train,spy2,0.5084423985,10,0.3149193079378121,0.3115675898456488
ISPY2-300724,0,2,train,spy2,0.5271110145,10,0.32524945460437316,0.322381564850443
ISPY2-301289,0,0,train,spy2,0.5287437045,10,0.31760979344209744,0.3233383117343307
ISPY2-301968,0,1,train,spy2,0.5183708175,10,0.3202900091027584,0.3172904918780916
ISPY2-303685,1,2,train,spy2,0.5478774365,10,0.3363968186729352,0.33469237573968624
ISPY2-306127,0,3,train,spy2,0.45614009400000005,10,0.2714311701908617,0.28234504404732763
ISPY2-307659,0,4,train,spy2,0.45017144249999996,10,0.28160086736087775,0.2790962497051726
ISPY2-309830,0,0,train,spy2,0.48460456399999996,10,0.29385438723659424,0.29806866102333945
ISPY2-311316,0,2,train,spy2,0.3809137935,10,0.2520114740454599,0.242357958988873
ISPY2-311455,0,1,train,spy2,0.5067318545,10,0.3139994065783145,0.31058783585465133
ISPY2-313243,1,3,train,spy2,0.5189639785,10,0.31275681016328233,0.31763439870034943
ISPY2-313672,0,4,train,spy2,0.4512341825,10,0.2822341412709435,0.2796735732095949
ISPY2-316996,0,0,train,spy2,0.392578985,10,0.24707695646891997,0.24844222728446322
ISPY2-318293,0,1,train,spy2,0.49195725599999995,10,0.30611634465118953,0.30219781091820536
ISPY2-318407,0,4,train,spy2,0.34959137905,10,0.22387500273700053,0.22616628612774267
ISPY2-318438,0,2,train,spy2,0.47067345400000005,10,0.29609456585421795,0.29032352499598957
ISPY2-318569,0,3,train,spy2,0.6349717939999999,10,0.39949055420705804,0.3904201041680057
ISPY2-319324,0,0,train,spy2,0.474618265,10,0.2886213159754813,0.2925066377211886
ISPY2-324021,0,1,train,spy2,0.5493126075,10,0.3374032433242182,0.33555498687845037
ISPY2-326202,0,2,train,spy2,0.41414826849999997,10,0.26810955903924616,0.2597908069769405
ISPY2-327133,0,3,train,spy2,0.336211575,10,0.19969488592849163,0.21929874114800474
ISPY2-327142,0,4,train,spy2,0.5366176865,10,0.33539675891277865,0.32797858081286896
ISPY2-329941,1,0,train,spy2,0.43791554850000003,10,0.26975426897522914,0.27247245476136345
ISPY2-330134,0,1,train,spy2,0.6364017145,10,0.3895403007734662,0.39140216008560685
ISPY2-331192,1,2,train,spy2,0.436382232,10,0.27900656555226405,0.2716480261849295
ISPY2-332655,1,3,train,spy2,0.533857979,10,0.32305294580365224,0.32634724478287125
ISPY2-333145,1,4,train,spy2,0.498615283,10,0.31113010598096497,0.30596291816178134
ISPY2-335091,1,0,train,spy2,0.42232959699999995,10,0.2618913740681422,0.2641334965580527
ISPY2-340186,0,1,train,spy2,0.5149364025,10,0.3184260290477711,0.3153037492105522
ISPY2-342996,0,4,train,spy2,0.478459565,10,0.29867145190189565,0.2946399937662276
ISPY2-345460,0,2,train,spy2,0.3082487515,10,0.2171442829669773,0.20500075341850574
ISPY2-345483,0,3,train,spy2,0.6796860005,10,0.43791005513246134,0.4224320684014375
ISPY2-345574,1,2,train,spy2,0.588009741,10,0.35875844941728857,0.35945722223593823
ISPY2-347516,0,0,train,spy2,0.4977527815,10,0.3008187781322238,0.3054737408597599
ISPY2-349330,1,1,train,spy2,0.538667616,10,0.33144753297841206,0.32919390128777065
ISPY2-349639,1,3,train,spy2,0.403113192,10,0.2387516009373055,0.25396757902871103
ISPY2-350331,0,4,train,spy2,0.3604677875,10,0.22994707716322416,0.23176797691426188
ISPY2-353318,0,0,train,spy2,0.458528908,10,0.2802840736868385,0.28364972130665045
ISPY2-355292,0,1,train,spy2,0.5715213055,10,0.3500846716656318,0.3491145107735409
ISPY2-356399,0,4,train,spy2,0.2898909529,10,0.19097568889900762,0.19562885617950845
ISPY2-357017,0,2,train,spy2,0.3704534075,10,0.24697789419890173,0.23692928114395098
ISPY2-357034,0,3,train,spy2,0.4087249345,10,0.2421293326151681,0.25692418202044726
ISPY2-360937,0,0,train,spy2,0.4140027245,10,0.2577212526516529,0.25971375335365593
ISPY2-363669,0,1,train,spy2,0.5615577555,10,0.3443506154987544,0.34298102841167855
ISPY2-367682,0,2,train,spy2,0.4780957905,10,0.2998478047789496,0.29443763972072506
ISPY2-371528,0,3,train,spy2,0.32031213245,10,0.1906923958062936,0.21116269326711457
ISPY2-373672,0,4,train,spy2,0.31200942930000003,10,0.20309833922051637,0.20692104608726433
ISPY2-374106,0,0,train,spy2,0.41697173249999997,10,0.25920584547669706,0.2612869750808915
ISPY2-374121,0,1,train,spy2,0.3525228155,10,0.23552768470379454,0.22767420479212908
ISPY2-375342,0,3,train,spy2,0.3196016385,10,0.1902921985051278,0.21079957588627182
ISPY2-375455,0,2,train,spy2,0.5367797905,10,0.3304073560705303,0.32807457486131353
ISPY2-377460,1,4,train,spy2,0.6545486054999999,10,0.41943847591559275,0.40409294260229456
ISPY2-378401,1,2,train,spy2,0.43833027299999994,10,0.27996743469462143,0.27269560078503474
ISPY2-380239,0,0,train,spy2,0.5708596885,10,0.3414357186781657,0.34870459087674605
ISPY2-380972,0,1,train,spy2,0.3769277265,10,0.24756079657522562,0.24028644294308998
ISPY2-382853,1,3,train,spy2,0.7388712175000001,10,0.4947682230859185,0.46989726391747194
ISPY2-386664,0,4,train,spy2,0.27477780285,10,0.18271696675847673,0.18790570699258816
ISPY2-388581,1,0,train,spy2,0.487742043,10,0.29550835476798976,0.29982700074405555
ISPY2-395076,1,1,train,spy2,0.4987948445,10,0.3097509481273503,0.30606481284696907
ISPY2-395249,0,2,train,spy2,0.5225151535,10,0.32281643667478277,0.3196981631152044
ISPY2-395379,0,3,train,spy2,0.29160526045,10,0.17465042501895225,0.1965042002145697
ISPY2-402384,0,4,train,spy2,0.3019244675,10,0.19756407059470896,0.20177214717713549
ISPY2-405717,0,0,train,spy2,0.4376987105,10,0.2696443268604257,0.2723558101652002
ISPY2-406190,0,3,train,spy2,0.54927749895,10,0.3339415319310776,0.3355338658840468
ISPY2-410083,1,1,train,spy2,0.5886794424999999,10,0.36014351124080995,0.3598826317970782
ISPY2-411008,0,2,train,spy2,0.547778372,10,0.33634301094601543,0.3346328913805724
ISPY2-411684,0,4,train,spy2,0.6229232615,10,0.3953205185205085,0.38224339656317763
ISPY2-411806,0,0,train,spy2,0.3854687525,10,0.24356781569735902,0.24472968202948667
ISPY2-411950,0,1,train,spy2,0.5677322714999999,10,0.3478951776158305,0.34677205578655534
ISPY2-413961,0,2,train,spy2,0.40208072100000003,10,0.26224197762076634,0.2534246375577147
ISPY2-414256,0,3,train,spy2,0.47871558,10,0.2859194680550826,0.2947824461652518
ISPY2-414286,0,4,train,spy2,0.4776728555,10,0.2981904010230305,0.29420246250264465
ISPY2-415039,0,1,train,spy2,0.5650488215,10,0.3463511917361513,0.3451205318083254
ISPY2-416434,1,0,train,spy2,0.3994170925,10,0.25046222754705066,0.2520253563131996
ISPY2-420523,0,2,train,spy2,0.453191609,10,0.2873348377056372,0.2807382062736832
ISPY2-423619,1,3,train,spy2,0.3266404104,10,0.19426462972378986,0.2143984438171793
ISPY2-423979,0,4,train,spy2,0.48468678150000005,10,0.30249275164276546,0.2981146705469709
ISPY2-424541,0,3,train,spy2,0.484652552,10,0.28979378603190303,0.29809551502465903
ISPY2-425173,1,2,train,spy2,0.4286835555,10,0.27521935865799196,0.26752222628451355
ISPY2-426106,0,0,train,spy2,0.41435163199999997,10,0.25789558834060483,0.25989848284215034
ISPY2-427321,1,1,train,spy2,0.4981618725,10,0.30941351663527744,0.3057057075156311
ISPY2-431061,0,4,train,spy2,0.650440946,10,0.4162272251014325,0.40118226504384447
ISPY2-433144,1,0,train,spy2,0.5722497945,10,0.3422449352840003,0.34956630449401477
ISPY2-437162,0,1,train,spy2,0.49830515049999996,10,0.30948987927680116,0.3057869733262702
ISPY2-437968,0,3,train,spy2,0.46309695050000005,10,0.2758559673745758,0.28615185467857934
ISPY2-439489,0,2,train,spy2,0.4010878795,10,0.261760483982152,0.2529028296406392
ISPY2-442669,0,4,train,spy2,0.635896143,10,0.4050495562240544,0.3910546491956622
ISPY2-442981,1,0,train,spy2,0.41076983149999996,10,0.25610749455811527,0.2580039617096833
ISPY2-443444,0,1,train,spy2,0.630543402,10,0.38580572991546724,0.3873946199919716
ISPY2-443708,0,2,train,spy2,0.4214198145,10,0.27166011107467525,0.26364945475146084
ISPY2-446263,1,3,train,spy2,0.355727161,10,0.2108779187575014,0.22932403586093003
ISPY2-451482,0,4,train,spy2,0.3126244558,10,0.20343629195690707,0.20723513895429482
ISPY2-451816,0,3,train,spy2,0.648540649,10,0.4107956890783218,0.3998434229007402
ISPY2-452703,0,0,train,spy2,0.432926005,10,0.26722850159998734,0.26979302801639177
ISPY2-454808,0,1,train,spy2,0.549701086,10,0.337622030781334,0.33578875580851963
ISPY2-455828,1,2,train,spy2,0.47126549649999994,10,0.29639316066982513,0.2906506773576846
ISPY2-456432,0,4,train,spy2,0.5023414,10,0.31346276612163754,0.3080812309784109
ISPY2-458196,0,3,train,spy2,0.5175868625000001,10,0.3118153220594979,0.3168363170583838
ISPY2-460776,1,2,train,spy2,0.533331683,10,0.3285616739685174,0.32603675444640334
ISPY2-460812,0,0,train,spy2,0.44959948800000005,10,0.27570307578814984,0.2787857415086538
ISPY2-461824,0,1,train,spy2,0.4777625355,10,0.29864122887215977,0.29425232228332376
ISPY2-462581,0,3,train,spy2,0.6943923985,10,0.45133430926659224,0.4336188381357647
ISPY2-462605,1,4,train,spy2,0.39237582400000004,10,0.24796328242599805,0.2483359666626599
ISPY2-464547,1,0,train,spy2,0.5162357399999999,10,0.31076522989880145,0.3160544958888844
ISPY2-466267,1,1,train,spy2,0.577170632,10,0.3533700247497847,0.35263037079901627
ISPY2-467622,0,2,train,spy2,0.5078374485,10,0.3151219308148409,0.3112208854589784
ISPY2-472799,1,3,train,spy2,0.6565649309999999,10,0.4176208624298492,0.4055301655733486
ISPY2-473365,0,4,train,spy2,0.19881550225,10,0.14106843685201986,0.14850468646518786
ISPY2-473468,0,4,train,spy2,0.78164641,10,0.5345779652005794,0.5091349627220079
ISPY2-473505,0,0,train,spy2,0.4394947945,10,0.2705554764159666,0.2733225445674164
ISPY2-477994,1,1,train,spy2,0.6078577405,10,0.3716884707067698,0.3722534689988188
ISPY2-478055,0,2,train,spy2,0.4820867125,10,0.30187494797858516,0.29666139670735797
ISPY2-478655,1,3,train,spy2,0.8233456755,10,0.5928405768675596,0.5530071458610952
ISPY2-479417,1,0,train,spy2,0.49592409249999997,10,0.2998448516115248,0.3044380020285638
ISPY2-483667,0,1,train,spy2,0.471348649,10,0.2952927855605486,0.2906966398024892
ISPY2-483910,0,2,train,spy2,0.5486728144999999,10,0.33682906386347533,0.3351702424960076
ISPY2-484867,0,4,train,spy2,0.6351700655,10,0.40449919579782195,0.39055612427240166
ISPY2-484894,0,3,train,spy2,0.46479087100000005,10,0.2769386335300924,0.28708216033014167
ISPY2-485637,0,0,train,spy2,0.5174497065,10,0.3114253573245208,0.31675689844628313
ISPY2-489194,1,1,train,spy2,0.468853835,10,0.29399498125097506,0.28931911002440724
ISPY2-489504,1,2,train,spy2,0.496360444,10,0.30918045025129987,0.30468496938429096
ISPY2-489973,0,3,train,spy2,0.6407101374999999,10,0.4042362493520875,0.39437657934377157
ISPY2-491526,0,4,train,spy2,0.667260995,10,0.42953737106581685,0.41325044923420806
ISPY2-493472,0,0,train,spy2,0.43305913399999996,10,0.2672957845266011,0.2698643954190164
ISPY2-493519,0,2,train,spy2,0.5044413194999999,10,0.3133572138940741,0.30927867142709253
ISPY2-493775,1,3,train,spy2,0.5291335215,10,0.31976406513711786,0.3235670139793296
ISPY2-494296,0,1,train,spy2,0.5518244015,10,0.3388197006112387,0.33706854549588594
ISPY2-494946,1,4,train,spy2,0.7400505085,10,0.49290387186150497,0.47091593203356047
ISPY2-495440,0,0,train,spy2,0.37451061,10,0.2381789994772554,0.23903202995910797
ISPY2-497010,1,1,train,spy2,0.554653274,10,0.3404202244882554,0.33877909679871343
ISPY2-498024,0,2,train,spy2,0.6335186965,10,0.3857357492372443,0.3894247111835993
ISPY2-498985,0,3,train,spy2,0.3949302016,10,0.23385728749631188,0.24967280397266944
ISPY2-500826,0,4,train,spy2,0.444616422,10,0.27830028721564676,0.27608633829336254
ISPY2-501303,1,4,train,spy2,0.44003353049999994,10,0.27558917236618413,0.27361276615501273
ISPY2-502486,0,0,train,spy2,0.426746239,10,0.2641116160790177,0.26648747089588
ISPY2-503034,0,3,train,spy2,0.4602802435,10,0.27406027530841565,0.2846078756313743
ISPY2-504838,0,1,train,spy2,0.46224085600000003,10,0.29056700910669264,0.2856821967541138
ISPY2-507198,0,2,train,spy2,0.597833909,10,0.36442185718559106,0.3657414494991589
ISPY2-507249,0,2,train,spy2,0.44597816,10,0.2837503834048053,0.2768229802875435
ISPY2-509012,1,0,train,spy2,0.49734079600000003,10,0.3005992086046749,0.3052402308933641
ISPY2-510543,0,1,train,spy2,0.508185625,10,0.3147811203938055,0.3114204022518385
ISPY2-515141,1,3,train,spy2,0.28631142085,10,0.17171817121399882,0.19380076951933942
ISPY2-515281,0,4,train,spy2,0.6312491165,10,0.40153928070528505,0.3878751710110633
ISPY2-515284,0,2,train,spy2,0.47503337300000004,10,0.29829662976303883,0.2927368164604782
ISPY2-515565,0,4,train,spy2,0.23306416165,10,0.1599250624951171,0.16644676582350987
ISPY2-517446,0,0,train,spy2,0.4422898765,10,0.27197566591021166,0.27482954244809593
ISPY2-517870,0,1,train,spy2,0.5079464025,10,0.31465240984882775,0.3112833117395426
ISPY2-520258,0,3,train,spy2,0.4439495452,10,0.2637590984781104,0.2757258659487874
ISPY2-520986,1,2,train,spy2,0.424265679,10,0.2730530418463444,0.26516453491548436
ISPY2-521860,0,4,train,spy2,0.42005645300000005,10,0.2638894154079593,0.26292462568871755
ISPY2-527320,0,0,train,spy2,0.4436360415,10,0.2726606498220793,0.2755564683844487
ISPY2-527581,0,1,train,spy2,0.484632037,10,0.30224733162439765,0.29808403471542994
ISPY2-528479,0,3,train,spy2,0.6139341025,10,0.38251180857671846,0.37625256522011413
ISPY2-528833,1,0,train,spy2,0.4849119375,10,0.29401621079113227,0.2982406880601241
ISPY2-531672,0,1,train,spy2,0.584629557,10,0.3577473216947703,0.3573165470003999
ISPY2-532183,0,0,train,spy2,0.43604484899999996,10,0.2688063100605294,0.2714667461883862
ISPY2-535415,1,2,train,spy2,0.4179448725,10,0.26996186875321854,0.26180325988012504
ISPY2-535779,0,4,train,spy2,0.4947414645,10,0.3087150024120039,0.3037692028707288
ISPY2-536253,1,3,train,spy2,0.3658599369,10,0.21674782581521373,0.23455266314183892
ISPY2-539876,0,0,train,spy2,0.489620951,10,0.2965011782926684,0.30088256386878265
ISPY2-539904,0,1,train,spy2,0.49385024400000005,10,0.30712030166693627,0.3032657264396682
ISPY2-540539,1,3,train,spy2,0.6475769895,10,0.40998315069949653,0.39916632060039964
ISPY2-541165,0,2,train,spy2,0.49743858650000006,10,0.30973594018211914,0.3052956488533592
ISPY2-542392,0,4,train,spy2,0.41805429250000004,10,0.26272687298093994,0.2618613308825947
ISPY2-543795,0,0,train,spy2,0.44426469300000004,10,0.2729807575446409,0.2758961925479949
ISPY2-549172,0,2,train,spy2,0.5765740669999999,10,0.35226521682914425,0.3522577580928651
ISPY2-550157,1,1,train,spy2,0.3689840255,10,0.24363660533840112,0.2361685788855642
ISPY2-550421,0,3,train,spy2,0.48851501500000005,10,0.2923293458462834,0.3002610188767072
ISPY2-553012,0,4,train,spy2,0.307981939,5,0.20088658897389194,0.2048645281362823
ISPY2-553141,1,1,train,spy2,0.5511084095000001,10,0.3384154921338615,0.3366366013158615
ISPY2-554577,0,0,train,spy2,0.44248459650000005,10,0.2720747071480148,0.2749346451428238
ISPY2-555214,1,4,train,spy2,0.6394636615,10,0.4077640455763297,0.3935136431249184
ISPY2-559021,1,2,train,spy2,0.4203563955,10,0.2711401081682014,0.26308403484484477
ISPY2-559263,0,3,train,spy2,0.5748078445,10,0.3525247766559192,0.35115644738607094
ISPY2-563856,1,0,train,spy2,0.44736734450000004,10,0.2745627375884805,0.2775752655067525
ISPY2-566011,0,1,train,spy2,0.5769877164999999,10,0.3532632518832592,0.3525160883528763
ISPY2-567201,1,2,train,spy2,0.402998125,10,0.2626870471112814,0.25390705368349403
ISPY2-567907,0,3,train,spy2,0.5012619789999999,10,0.3007839543149068,0.30746673382042405
ISPY2-568953,0,4,train,spy2,0.5034437945000001,10,0.31415473670385713,0.3087095220332574
ISPY2-570148,0,1,train,spy2,0.5220105939999999,10,0.3222727628645959,0.31940442944459
ISPY2-570380,0,0,train,spy2,0.47297201,10,0.2877630693912804,0.2915946360441118
ISPY2-570685,0,3,train,spy2,0.14263574349000002,10,0.09337882957802857,0.11779436068952438
ISPY2-571276,0,2,train,spy2,0.45566647600000004,10,0.2885684972492957,0.2820866763810263
ISPY2-572016,1,4,train,spy2,0.40005683400000003,10,0.2523521867702486,0.25236124473705557
ISPY2-572235,0,0,train,spy2,0.47363268850000007,10,0.2881073557116588,0.2919604794452754
ISPY2-572444,0,1,train,spy2,0.468134477,10,0.2936212421971069,0.28892247458065545
ISPY2-572731,1,3,train,spy2,0.598906989,10,0.37076308546372955,0.3664336535738144
ISPY2-573586,0,2,train,spy2,0.3976628775,10,0.26010082472697554,0.2511049230670453
ISPY2-574091,1,4,train,spy2,0.773528909,10,0.5260578028213747,0.5012966997343792
ISPY2-575457,1,4,train,spy2,0.537184521,10,0.3357671786102166,0.3283143293158053
ISPY2-578975,1,0,train,spy2,0.5387173510000001,10,0.323138764955407,0.3292234251301981
ISPY2-579881,0,1,train,spy2,0.37118222749999996,10,0.24472168596391985,0.23730675660523753
ISPY2-581648,0,2,train,spy2,0.41858504100000005,10,0.27027451648935696,0.26214306512321656
ISPY2-586091,1,3,train,spy2,0.7788867925,10,0.5382232340188747,0.5064475686704247
ISPY2-586207,1,1,train,spy2,0.48012719449999997,10,0.29988018213028494,0.2955685090025157
ISPY2-589502,1,3,train,spy2,0.3186551,10,0.1897593121673601,0.2103158684388544
ISPY2-590220,1,4,train,spy2,0.4587858625,10,0.2867515238318866,0.28379021339641347
ISPY2-590299,0,0,train,spy2,0.4395969395,10,0.27060732810788923,0.27337756205423275
ISPY2-591079,1,2,train,spy2,0.5389777915,10,0.33158759970911983,0.32937805811263904
ISPY2-591180,0,2,train,spy2,0.44403602400000003,10,0.282788079435943,0.275772600717216
ISPY2-592535,0,1,train,spy2,0.638209178,10,0.39070034120722635,0.3926471450879353
ISPY2-596458,1,2,train,spy2,0.40797121350000004,10,0.2651024666865068,0.25652651879554667
ISPY2-597253,0,3,train,spy2,0.20380055452499998,10,0.12668160367231135,0.1511429062024278
ISPY2-597873,0,0,train,spy2,0.44949907949999995,10,0.2756517396427198,0.2787312452043009
ISPY2-598798,0,4,train,spy2,0.7009152430000001,10,0.45755838754809586,0.43869910129743905
ISPY2-600536,0,0,train,spy2,0.452790479,10,0.27733654909375455,0.28051989803522626
ISPY2-601489,0,1,train,spy2,0.5205376905000001,10,0.32146948700442907,0.3185479333131703
ISPY2-604199,0,2,train,spy2,0.44275321300000003,10,0.2821530860562798,0.2750796597363931
ISPY2-604326,0,3,train,spy2,0.5667680925,10,0.34659456066399685,0.3461779499603534
ISPY2-604380,1,4,train,spy2,0.597746271,10,0.377031391241023,0.36568496870463746
ISPY2-605713,0,0,train,spy2,0.41035758199999994,10,0.2559019167758324,0.2577861733948238
ISPY2-607047,1,1,train,spy2,0.4959439339999999,10,0.3082327257554525,0.30444922960262116
ISPY2-609642,1,3,train,spy2,0.546754007,10,0.3321429646770012,0.3340182409073137
ISPY2-609897,0,2,train,spy2,0.47225697350000007,10,0.2968935081088321,0.29119893755809545
ISPY2-611662,0,4,train,spy2,0.368414517,10,0.23440417370777378,0.2358738603092309
ISPY2-613188,0,0,train,spy2,0.3809802195,10,0.2413578276755498,0.24239251086359298
ISPY2-614434,1,4,train,spy2,0.6852231265000001,10,0.444247506769208,0.426601926982553
ISPY2-615873,1,1,train,spy2,0.5024808405,10,0.3117199324385141,0.3081606626920239
ISPY2-618240,0,2,train,spy2,0.422751327,10,0.27231158757401286,0.26435797204359396
ISPY2-621179,0,3,train,spy2,0.3631376262,10,0.2151663020373814,0.23314609881314222
ISPY2-622688,1,0,train,spy2,0.43828104,10,0.26993961876928635,0.27266910701049646
ISPY2-623569,1,2,train,spy2,0.4756707885,10,0.2986191874583597,0.29309043484127395
ISPY2-624777,0,4,train,spy2,0.45808126099999996,10,0.28632872261743525,0.2834050379898661
ISPY2-625800,0,1,train,spy2,0.5606913525,10,0.3438555157782884,0.34245162031023646
ISPY2-625854,1,3,train,spy2,0.361225671,10,0.21405754683394107,0.2321590516285905
ISPY2-627118,0,0,train,spy2,0.37830405699999997,10,0.24004199397822884,0.2410012978483438
ISPY2-628692,0,2,train,spy2,0.5049143414999999,10,0.31360266988658997,0.30954876880852367
ISPY2-629210,0,4,train,spy2,0.3580277724,10,0.22858212744183595,0.23050959347209532
ISPY2-630758,0,1,train,spy2,0.3765111815,10,0.2473548088143731,0.2400701764238041
ISPY2-631337,0,3,train,spy2,0.276728191,10,0.16642798490976232,0.1889032439921951
ISPY2-632408,0,0,train,spy2,0.47649560950000003,10,0.2896015401767099,0.2935483257323097
ISPY2-636424,0,1,train,spy2,0.5231278815,10,0.32288293702119003,0.32005509648780345
ISPY2-637051,0,2,train,spy2,0.3929395925,10,0.25781531938281144,0.24863086522359304
ISPY2-637752,1,3,train,spy2,0.731025713,10,0.48676833356165783,0.4632010896511239
ISPY2-639663,0,4,train,spy2,0.39590948200000003,10,0.2499796649322901,0.250185780667738
ISPY2-640043,0,0,train,spy2,0.45642225099999995,10,0.27920047561804734,0.28249901368279523
ISPY2-640463,1,1,train,spy2,0.5843731475,10,0.3575960806369058,0.35715460145080963
ISPY2-640927,0,2,train,spy2,0.403052613,10,0.26271348632207236,0.25393571393379766
ISPY2-644609,1,3,train,spy2,0.4635281525,10,0.2761313712317398,0.28638854404368785
ISPY2-646233,0,4,train,spy2,0.5922001785,10,0.3731002756611522,0.362126177979446
ISPY2-646600,0,1,train,spy2,0.5361933565,10,0.3300738364521523,0.3277273926473897
ISPY2-650589,0,2,train,spy2,0.4203408915,10,0.27113252880799044,0.26307579424469874
ISPY2-651401,0,3,train,spy2,0.4779763365,10,0.2854389850347658,0.2943712068191267
ISPY2-651541,1,4,train,spy2,0.646967049,10,0.4135305321445209,0.3987383891452748
ISPY2-654956,0,0,train,spy2,0.48413790199999995,10,0.293608790423813,0.2978075820252211
ISPY2-655703,0,1,train,spy2,0.623672831,10,0.38147380827578514,0.38274709218839853
ISPY2-655795,1,0,train,spy2,0.44858112850000004,10,0.275182592801768,0.27823323017256507
ISPY2-660915,0,4,train,spy2,0.5338069285,10,0.3335638521980494,0.32631711873231745
ISPY2-663197,0,2,train,spy2,0.43019134000000003,10,0.27595984158765635,0.26832851188962425
ISPY2-663467,0,3,train,spy2,0.3967892895,10,0.23496605016055525,0.2506468753672003
ISPY2-664658,1,0,train,spy2,0.46766780199999997,10,0.28500602171780287,0.2886652958236316
ISPY2-666147,0,1,train,spy2,0.45546587450000003,10,0.2870725675657985,0.2819772745570935
ISPY2-666715,0,2,train,spy2,0.46050521,10,0.2909864417628951,0.2847310563569925
ISPY2-668752,0,3,train,spy2,0.5509161395,10,0.33511300048602255,0.336520676800041
ISPY2-672734,0,4,train,spy2,0.3922209365,10,0.24787500496029102,0.24825496220431625
ISPY2-674897,0,1,train,spy2,0.6695585805000001,10,0.4114543697810622,0.41493055769880033
ISPY2-676048,0,0,train,spy2,0.42959740049999995,10,0.2655481265933894,0.2680108034943107
ISPY2-676365,0,3,train,spy2,0.4479649695,10,0.2662749745121116,0.2778991466506448
ISPY2-676630,1,2,train,spy2,0.41576728799999996,10,0.2688990651244115,0.2606484122308345
ISPY2-677915,0,4,train,spy2,0.5622695005,10,0.3524362673753806,0.34341639821187275
ISPY2-679787,0,0,train,spy2,0.474085768,10,0.2883435738480268,0.29221149339392805
ISPY2-683374,0,1,train,spy2,0.39776528450000004,10,0.2579015070209633,0.2511586320022724
ISPY2-683457,0,2,train,spy2,0.356670575,10,0.24036081678092866,0.22981009155099502
ISPY2-685182,1,3,train,spy2,0.703473728,10,0.45984192763007053,0.440712621308682
ISPY2-685753,0,4,train,spy2,0.382384765,10,0.2422863388288826,0.24312333654808851
ISPY2-687733,0,1,train,spy2,0.5471351995,10,0.33617885560443167,0.33424687436555317
ISPY2-689188,1,0,train,spy2,0.41022432899999994,10,0.2558354768229126,0.25771578829580977
ISPY2-690410,0,2,train,spy2,0.580553817,10,0.3545132450443503,0.35474958268117684
ISPY2-692885,0,4,train,spy2,0.529857027,10,0.33099891902955514,0.32399176741070956
ISPY2-697098,1,3,train,spy2,0.4321808325,10,0.2564466371049601,0.26939368185404206
ISPY2-697871,1,3,train,spy2,0.487340647,10,0.29155715041100083,0.2996017485385171
ISPY2-701790,0,0,train,spy2,0.336149357,10,0.2194503171840995,0.21926685696003217
ISPY2-703401,0,1,train,spy2,0.49456974649999996,10,0.3075023482434085,0.30367215929304175
ISPY2-703455,0,2,train,spy2,0.46239001250000006,10,0.29193047873833927,0.2857640002158228
ISPY2-705381,1,4,train,spy2,0.483213628,10,0.3015865678311033,0.29729083004799284
ISPY2-706418,1,0,train,spy2,0.471351141,10,0.2869192465870092,0.29069801730512823
ISPY2-706943,0,2,train,spy2,0.5759217624999999,10,0.35189791413708066,0.3518506957583655
ISPY2-708387,1,1,train,spy2,0.5063218574999999,10,0.31377914717182187,0.3103532664188101
ISPY2-709559,0,3,train,spy2,0.5380176775000001,10,0.3259667598480711,0.32880824857484886
ISPY2-712276,1,4,train,spy2,0.4086051525,10,0.25726338756454437,0.25686097327421864
ISPY2-712917,1,0,train,spy2,0.5475399065,10,0.3280856164405342,0.3344897330356977
ISPY2-714205,1,1,train,spy2,0.41975073199999996,10,0.2689077459380138,0.26276217713510497
ISPY2-719713,0,2,train,spy2,0.4571938585,10,0.28933087837039434,0.2829202526141535
ISPY2-723918,1,3,train,spy2,0.639285015,10,0.4030528912404432,0.39339012716510324
ISPY2-725455,0,4,train,spy2,0.31798265225,10,0.20638300731201595,0.20997226029880642
ISPY2-726091,1,0,train,spy2,0.402072244,10,0.2517796347543439,0.2534201810840534
ISPY2-726381,0,1,train,spy2,0.6461266864999999,10,0.39582661865111396,0.39814959732947475
ISPY2-726940,0,2,train,spy2,0.49335860150000005,10,0.3076366122671512,0.3029881758162878
ISPY2-727255,0,3,train,spy2,0.446686064,10,0.2654724933703586,0.2772062306859247
ISPY2-727804,1,4,train,spy2,0.545618672,10,0.3413105162271394,0.3333379400822345
ISPY2-728287,1,0,train,spy2,0.46384594149999997,10,0.2830270509363804,0.28656303613867473
ISPY2-728714,0,1,train,spy2,0.3480281085,10,0.2333176347262514,0.2253626674322857
ISPY2-729270,1,4,train,spy2,0.397609535,10,0.25095140498174007,0.25107694793087015
ISPY2-729732,0,2,train,spy2,0.48445378000000006,10,0.3030803730326179,0.29798429058184217
ISPY2-732137,0,3,train,spy2,0.515731429,10,0.31054956492516594,0.3157629803808542
ISPY2-733276,0,0,train,spy2,0.410955447,10,0.2562000709559045,0.25810203851777797
ISPY2-735673,0,1,train,spy2,0.4281338345,10,0.2731364260506104,0.2672284715689531
ISPY2-741535,0,3,train,spy2,0.493106139,10,0.29535895610609947,0.3028457043029952
ISPY2-742477,0,2,train,spy2,0.5781335715,10,0.3531446705562017,0.3532324956120475
ISPY2-745633,0,4,train,spy2,0.642338078,10,0.40996381652923924,0.3955065823441019
ISPY2-746265,0,0,train,spy2,0.40240497150000004,10,0.2519448450263588,0.25359511620935304
ISPY2-749097,0,1,train,spy2,0.5514908144999999,10,0.33863133202622964,0.33686724896253434
ISPY2-752469,0,2,train,spy2,0.5275036424999999,10,0.3254578565429382,0.3226114752763781
ISPY2-756412,0,3,train,spy2,0.419113911,10,0.24843004934176144,0.2624238969250854
ISPY2-759015,0,4,train,spy2,0.323323974475,10,0.2093250756664613,0.2127023393860002
ISPY2-759418,0,1,train,spy2,0.5606914335,10,0.34385556203939266,0.3424516697756759
ISPY2-765773,1,0,train,spy2,0.5630700325,10,0.3369298940185549,0.34390658084192166
ISPY2-766301,0,4,train,spy2,0.539549891,10,0.33731578935776435,0.3297179085652343
ISPY2-766967,1,2,train,spy2,0.452666068,10,0.28707312799418455,0.28045220372915936
ISPY2-768214,0,3,train,spy2,0.5297315235,10,0.32017916432638915,0.3239180611463947
ISPY2-769972,0,3,train,spy2,0.3254134605,10,0.1935709307395333,0.21377085420793454
ISPY2-771813,0,0,train,spy2,0.5132268225,10,0.3091327992397231,0.31431761113430623
ISPY2-778020,0,1,train,spy2,0.5084254445,10,0.3149101827364107,0.31155787022909215
ISPY2-778527,1,2,train,spy2,0.555431115,10,0.3405185193204791,0.3392505514814626
ISPY2-780272,0,4,train,spy2,0.550374527,10,0.3444631021514481,0.336194279712911
ISPY2-781335,0,4,train,spy2,0.5939497405,10,0.37433675123734045,0.3632455469948013
ISPY2-782334,0,0,train,spy2,0.4568909755,10,0.27944141858583377,0.28275486971000086
ISPY2-783578,1,1,train,spy2,0.5090989495,10,0.31527280341409775,0.311944122617647
ISPY2-783771,0,2,train,spy2,0.4485316345,10,0.2850173592636023,0.2782063884174902
ISPY2-786003,1,3,train,spy2,0.414596054,10,0.24568232989403438,0.26002791600405234
ISPY2-789497,0,4,train,spy2,0.39041388050000003,10,0.24684572228693022,0.24731035881131475
ISPY2-790070,0,0,train,spy2,0.4445378395,10,0.27311988776460255,0.2760438519373401
ISPY2-790397,1,1,train,spy2,0.492172098,10,0.3062302006644666,0.3023189111710657
ISPY2-790722,0,2,train,spy2,0.45495098049999994,10,0.28821163210094275,0.28169654921278237
ISPY2-791321,0,3,train,spy2,0.327681001,10,0.19485338628978574,0.2149308053373276
ISPY2-791944,0,4,train,spy2,0.39674063930000003,10,0.2504546138742275,0.2506213728897006
ISPY2-792412,0,0,train,spy2,0.480916516,10,0.29191628481825005,0.2960084976189547
ISPY2-793684,0,1,train,spy2,0.33504769749999996,10,0.22694124282841524,0.2187023704785892
ISPY2-794428,0,2,train,spy2,0.4360721955,10,0.2788537385630731,0.2714814381514046
ISPY2-796558,0,3,train,spy2,0.28720096455,10,0.1722103774006262,0.1942551130409229
ISPY2-797427,0,4,train,spy2,0.32591098505,10,0.21075182415856483,0.21402532557662504
ISPY2-797499,1,0,train,spy2,0.504472745,10,0.30441304946016,0.3092966113261271
ISPY2-798604,1,3,train,spy2,0.583168492,10,0.3587716961993581,0.3563945750317217
ISPY2-800710,0,1,train,spy2,0.36337183500000003,10,0.24086891310270286,0.23326705522166624
ISPY2-802105,0,4,train,spy2,0.376907512,10,0.23918858557194742,0.24027594686009707
ISPY2-802778,0,2,train,spy2,0.6011520850000001,10,0.3663533807717998,0.3678856563245502
ISPY2-803514,0,0,train,spy2,0.48383897100000006,10,0.29345152320181184,0.297640403030918
ISPY2-803677,0,1,train,spy2,0.3840826275,10,0.25110308892875044,0.24400741094036518
ISPY2-808714,0,4,train,spy2,0.3460954208,10,0.22192970011610388,0.224369625977186
ISPY2-809037,0,2,train,spy2,0.3734823295,10,0.24843421523721915,0.23849876776567955
ISPY2-809649,1,3,train,spy2,0.4035317165,10,0.23900290618627523,0.254187756260042
ISPY2-810965,1,0,train,spy2,0.392307978,10,0.24694300861710364,0.24830048316811776
ISPY2-814299,1,1,train,spy2,0.5704004819999999,10,0.3494358472999849,0.3484203027935377
ISPY2-815421,0,2,train,spy2,0.46964786199999997,10,0.2955776255208675,0.2897572077450578
ISPY2-815493,1,3,train,spy2,0.51575766275,10,0.31056743948378995,0.3157781406917564
ISPY2-819622,0,4,train,spy2,0.762569791,10,0.514868213150536,0.49102275404336015
ISPY2-820348,0,2,train,spy2,0.48044801699999995,10,0.3010418052772912,0.29574730467971955
ISPY2-823618,0,0,train,spy2,0.5336390565,10,0.32031540187095164,0.3262180667360475
ISPY2-824234,1,1,train,spy2,0.569530445,10,0.348932870722791,0.3478821765230074
ISPY2-825363,1,3,train,spy2,0.6284239935,10,0.3941366976472749,0.38595501426868123
ISPY2-828199,0,4,train,spy2,0.448319143,10,0.2804985228510556,0.27809116109895426
ISPY2-829491,0,0,train,spy2,0.43536333749999995,10,0.2684612572887216,0.27110069621528815
ISPY2-830486,0,1,train,spy2,0.4520698625,10,0.28532733155099677,0.2801278909994631
ISPY2-830958,0,2,train,spy2,0.4558729985,10,0.2886715355247506,0.28219932605168685
ISPY2-832056,0,3,train,spy2,0.412433241,10,0.24437115927809666,0.2588832763341804
ISPY2-833536,1,4,train,spy2,0.2656802173,10,0.17774981372271134,0.1832479415150493
ISPY2-834418,0,0,train,spy2,0.43686252200000003,10,0.2692205105209951,0.2719061681815251
ISPY2-835658,1,4,train,spy2,0.53622754,10,0.3351419563682278,0.3277476232502993
ISPY2-836114,0,1,train,spy2,0.3763730555,10,0.24728650893555865,0.2399984711194455
ISPY2-836983,1,2,train,spy2,0.470875203,10,0.2961963023983502,0.29043498860782146
ISPY2-841336,0,3,train,spy2,0.5239029504999999,10,0.31614783899172316,0.3205069588621132
ISPY2-845079,1,2,train,spy2,0.696430025,10,0.4268563597397058,0.4351977374960951
ISPY2-845147,0,3,train,spy2,0.7118212265,10,0.46781728239974524,0.4473668414450151
ISPY2-845663,0,0,train,spy2,0.4730321795,10,0.2877944162056906,0.2916279452223246
ISPY2-846156,0,1,train,spy2,0.5419419165,10,0.33327147227395426,0.3311414779398146
ISPY2-847272,0,4,train,spy2,0.427552233,10,0.2682576210489252,0.26691780091709466
ISPY2-847753,1,1,train,spy2,0.549935654,10,0.33775418747400643,0.33592996493570243
ISPY2-849605,0,0,train,spy2,0.462590532,10,0.28237834694499514,0.2858739895491383
ISPY2-851180,0,2,train,spy2,0.3798032335,10,0.2514764798053176,0.24178044691302567
ISPY2-851488,0,3,train,spy2,0.4938272595,10,0.29583638319313177,0.3032527477824426
ISPY2-857165,0,4,train,spy2,0.4114488975,10,0.25890370313881916,0.25836282443497116
ISPY2-859699,1,0,train,spy2,0.353829944,10,0.22806143065200188,0.2283470122157766
ISPY2-862244,0,2,train,spy2,0.5262590115,10,0.3247975209767684,0.3218830218067136
ISPY2-865416,0,1,train,spy2,0.5419488225,10,0.3332753266253616,0.33114559404533267
ISPY2-873686,0,3,train,spy2,0.44983031799999995,10,0.26744742711213987,0.27891103988556176
ISPY2-877463,0,4,train,spy2,0.5942712385,10,0.3745643265493913,0.36345156819224567
ISPY2-883696,0,0,train,spy2,0.3952737,10,0.24840972967676467,0.2498527089456569
ISPY2-883886,0,2,train,spy2,0.41772591200000003,10,0.2698549534652864,0.26168706600811914
ISPY2-884266,0,4,train,spy2,0.3614453036,10,0.23049436408284302,0.23227240325319617
ISPY2-885590,0,1,train,spy2,0.5854986605,10,0.35826036770550657,0.3578659220443059
ISPY2-889049,0,3,train,spy2,0.41744108300000005,10,0.24741124556651836,0.26153594234495187
ISPY2-889225,0,3,train,spy2,0.6608802020000001,10,0.42133596916724836,0.408625155551079
ISPY2-889721,1,4,train,spy2,0.631925722,10,0.40204859707594476,0.38833646482835377
ISPY2-890414,1,0,train,spy2,0.5055540035,10,0.30499367476099076,0.3099142332215061
ISPY2-891645,0,1,train,spy2,0.603487009,10,0.3690275881842228,0.36940122898684946
ISPY2-892390,1,2,train,spy2,0.467676664,10,0.29458516792820283,0.2886701785827255
ISPY2-893874,1,0,train,spy2,0.43303764899999997,10,0.26728492568612605,0.2698528773490231
ISPY2-894128,1,2,train,spy2,0.6125337465,10,0.3730538851074506,0.3753273909603215
ISPY2-894491,0,1,train,spy2,0.4755411295,10,0.2974795412260764,0.2930184873870926
ISPY2-896621,0,3,train,spy2,0.3812420285,10,0.22574903926630233,0.24252870242093721
ISPY2-899381,1,4,train,spy2,0.647323968,10,0.4138068020753273,0.39898874226874326
ISPY2-903880,0,0,train,spy2,0.41087386100000006,10,0.2561593785020209,0.25805892819698967
ISPY2-905264,0,1,train,spy2,0.388825294,10,0.25345569719002076,0.24648065789284743
ISPY2-906795,0,2,train,spy2,0.5966412815,10,0.36372996660837037,0.3649734878215611
ISPY2-910188,0,3,train,spy2,0.676007511,10,0.4346174042247071,0.4196889851146961
ISPY2-910706,1,4,train,spy2,0.575725956,10,0.3616155847203136,0.35172857943225794
ISPY2-912836,0,4,train,spy2,0.67148344,10,0.43294752536427805,0.41634420165618025
ISPY2-913225,1,0,train,spy2,0.41379376749999996,10,0.25761686107132564,0.2596031397852654
ISPY2-914968,0,1,train,spy2,0.368687904,10,0.243490479080429,0.23601532898060396
ISPY2-916586,0,2,train,spy2,0.42815545349999995,10,0.2749601430567582,0.2672400220393932
ISPY2-916645,1,3,train,spy2,0.4164004937,10,0.24677833054592635,0.2609840601989982
ISPY2-917762,0,0,train,spy2,0.4240407695,10,0.26275086843898643,0.26504469419787824
ISPY2-920479,0,3,train,spy2,0.4791706495,10,0.286215458415949,0.2950357404823655
ISPY2-923968,1,1,train,spy2,0.4955269435,10,0.30801099855863456,0.3042133174454992
ISPY2-924812,0,2,train,spy2,0.3946051445,10,0.2586208306769798,0.2495025871088914
ISPY2-924868,1,4,train,spy2,0.47291117299999996,10,0.2952867824871366,0.29156095917932945
ISPY2-924895,0,2,train,spy2,0.4124464885,10,0.2672803072169517,0.2588902827983716
ISPY2-925691,0,0,train,spy2,0.4587871745,10,0.2804170410683222,0.2837909308207109
ISPY2-930172,0,3,train,spy2,0.4439365885,10,0.263750997932943,0.2757188641691582
ISPY2-930853,1,1,train,spy2,0.43297547,10,0.2755877823828893,0.2698195442841868
ISPY2-930903,0,4,train,spy2,0.4041495825,10,0.25469995315267074,0.25451289787683107
ISPY2-932200,0,0,train,spy2,0.4352632865,10,0.2684106141895109,0.27104697243331155
ISPY2-934459,0,1,train,spy2,0.599919234,10,0.3668688595302752,0.36708768242104667
ISPY2-934906,0,3,train,spy2,0.487615785,10,0.29173796524039397,0.29975613881815766
ISPY2-935460,0,2,train,spy2,0.6106945804999999,10,0.3719630585317819,0.3741155491164884
ISPY2-940186,1,4,train,spy2,0.41958210549999997,10,0.26361382998677946,0.2626725890583465
ISPY2-941926,0,0,train,spy2,0.32966958599999996,10,0.2163000158464343,0.21594841272221457
ISPY2-943879,1,1,train,spy2,0.5268253555,10,0.32490744146527667,0.3222143584019968
ISPY2-944419,0,2,train,spy2,0.46201933149999996,10,0.29174471780849537,0.2855607228449575
ISPY2-944536,1,3,train,spy2,0.8359418484999999,10,0.6098258330570109,0.5676785805384394
ISPY2-950131,1,4,train,spy2,0.391796727,10,0.24763327315423664,0.24803313781838993
ISPY2-953262,0,0,train,spy2,0.435560313,10,0.26856097082744357,0.27120647624551514
ISPY2-955953,1,1,train,spy2,0.529998889,10,0.3266515888805489,0.32407509395373385
ISPY2-957408,0,2,train,spy2,0.40532579900000004,10,0.2638170014090367,0.25513217688193346
ISPY2-960490,1,3,train,spy2,0.39125704975,10,0.231671992889556,0.24775100250517176
ISPY2-960963,0,4,train,spy2,0.754007594,10,0.5063609717022809,0.48322596438352255
ISPY2-962472,0,0,train,spy2,0.3546251055,10,0.2284494054974021,0.22875643157044867
ISPY2-962664,1,1,train,spy2,0.553809911,10,0.3399424772223435,0.3382684731192617
ISPY2-965265,0,2,train,spy2,0.3797017925,10,0.2514276197507191,0.2417277099340365
ISPY2-966016,1,3,train,spy2,0.29257380675,10,0.17518770795671063,0.19699871306158556
ISPY2-972307,0,4,train,spy2,0.33477228820000005,10,0.21564851625325976,0.2185612718882531
ISPY2-974181,1,0,train,spy2,0.41776167950000004,10,0.2596012646823492,0.26170604533721686
ISPY2-981461,0,1,train,spy2,0.421320261,10,0.2696980013640677,0.26359650560553355
ISPY2-982505,0,2,train,spy2,0.40059377749999997,10,0.26152092811268346,0.2526432508230701
ISPY2-983841,1,3,train,spy2,0.6883212715,10,0.44574093088208117,0.42895696202664196
ISPY2-986734,0,4,train,spy2,0.28328184985,10,0.18736245911388377,0.19225309939779564
ISPY2-987995,0,2,train,spy2,0.7263455050000001,10,0.4484818657487222,0.4592713536121429
ISPY2-988443,0,0,train,spy2,0.392614812,10,0.24709466551560372,0.24846096725165798
ISPY2-990443,0,4,train,spy2,0.40505976,10,0.255222961808072,0.2549920708246551
ISPY2-994987,0,1,train,spy2,0.34255453550000003,10,0.2306279407017337,0.22255158517412246
ISPY2-999264,1,3,train,spy2,0.4192726435,10,0.2485268087776862,0.2625082029414431
ISPY2-999733,0,3,train,spy2,0.37944967100000004,10,0.2246943427376142,0.24159664769682337
